[debug] [2026-06-28T18:30:49.187Z] ----------------------------------------------------------------------
[debug] [2026-06-28T18:30:49.188Z] Command:       /opt/homebrew/Cellar/node/25.4.0/bin/node /Users/patrickschmidt/.npm/_npx/ba4f1959e38407b5/node_modules/.bin/firebase emulators:start --only functions
[debug] [2026-06-28T18:30:49.188Z] CLI Version:   15.22.3
[debug] [2026-06-28T18:30:49.188Z] Platform:      darwin
[debug] [2026-06-28T18:30:49.188Z] Node Version:  v25.4.0
[debug] [2026-06-28T18:30:49.188Z] Detected Agent: antigravity
[debug] [2026-06-28T18:30:49.188Z] Time:          Sun Jun 28 2026 20:30:49 GMT+0200 (Central European Summer Time)
[debug] [2026-06-28T18:30:49.188Z] ----------------------------------------------------------------------
[debug] 
[debug] [2026-06-28T18:30:49.189Z] >>> [apiv2][query] GET https://firebase-public.firebaseio.com/cli.json [none]
[debug] [2026-06-28T18:30:49.754Z] > command requires scopes: ["email","openid","https://www.googleapis.com/auth/cloudplatformprojects.readonly","https://www.googleapis.com/auth/firebase","https://www.googleapis.com/auth/cloud-platform"]
[debug] [2026-06-28T18:30:49.754Z] > authorizing via signed-in user (patrick.schmidt.mail@gmail.com)
[info] i  emulators: Starting emulators: functions {"metadata":{"emulator":{"name":"hub"},"message":"Starting emulators: functions"}}
[info] i  emulators: Detected demo project ID "demo-no-project", emulated services will use a demo configuration and attempts to access non-emulated services for this project will fail. {"metadata":{"emulator":{"name":"hub"},"message":"Detected demo project ID \"demo-no-project\", emulated services will use a demo configuration and attempts to access non-emulated services for this project will fail."}}
[debug] [2026-06-28T18:30:50.033Z] [logging] Logging Emulator only supports listening on one address (127.0.0.1). Not listening on ::1
[debug] [2026-06-28T18:30:50.033Z] assigned listening specs for emulators {"user":{"hub":[{"address":"127.0.0.1","family":"IPv4","port":4400},{"address":"::1","family":"IPv6","port":4400}],"ui":[{"address":"127.0.0.1","family":"IPv4","port":4000},{"address":"::1","family":"IPv6","port":4000}],"logging":[{"address":"127.0.0.1","family":"IPv4","port":4500}]},"metadata":{"message":"assigned listening specs for emulators"}}
[debug] [2026-06-28T18:30:50.035Z] Write emulator hub locator at /var/folders/m3/210nvv1s27x1l21tkxdstmtc0000gn/T/hub-demo-no-project.json
[debug] [2026-06-28T18:30:50.297Z] [functions] Functions Emulator only supports listening on one address (127.0.0.1). Not listening on ::1
[debug] [2026-06-28T18:30:50.297Z] [eventarc] Eventarc Emulator only supports listening on one address (127.0.0.1). Not listening on ::1
[debug] [2026-06-28T18:30:50.297Z] [tasks] Cloud Tasks Emulator only supports listening on one address (127.0.0.1). Not listening on ::1
[debug] [2026-06-28T18:30:50.297Z] late-assigned ports for functions and eventarc emulators {"user":{"hub":[{"address":"127.0.0.1","family":"IPv4","port":4400},{"address":"::1","family":"IPv6","port":4400}],"ui":[{"address":"127.0.0.1","family":"IPv4","port":4000},{"address":"::1","family":"IPv6","port":4000}],"logging":[{"address":"127.0.0.1","family":"IPv4","port":4500}],"functions":[{"address":"127.0.0.1","family":"IPv4","port":5001}],"eventarc":[{"address":"127.0.0.1","family":"IPv4","port":9299}],"tasks":[{"address":"127.0.0.1","family":"IPv4","port":9499}]},"metadata":{"message":"late-assigned ports for functions and eventarc emulators"}}
[debug] [2026-06-28T18:30:50.301Z] defaultcredentials: writing to file /Users/patrickschmidt/.config/firebase/patrick_schmidt.mail_gmail.com_application_default_credentials.json
[debug] [2026-06-28T18:30:50.303Z] Setting GAC to /Users/patrickschmidt/.config/firebase/patrick_schmidt.mail_gmail.com_application_default_credentials.json {"metadata":{"emulator":{"name":"functions"},"message":"Setting GAC to /Users/patrickschmidt/.config/firebase/patrick_schmidt.mail_gmail.com_application_default_credentials.json"}}
[info] i  ui: downloading ui-v1.15.0.zip... {"metadata":{"emulator":{"name":"ui"},"message":"downloading ui-v1.15.0.zip..."}}
[debug] [2026-06-28T18:30:50.307Z] >>> [apiv2][query] GET https://storage.googleapis.com/firebase-preview-drop/emulator/ui-v1.15.0.zip 
[debug] [2026-06-28T18:30:50.483Z] <<< [apiv2][status] GET https://storage.googleapis.com/firebase-preview-drop/emulator/ui-v1.15.0.zip 200
[debug] [2026-06-28T18:30:50.483Z] <<< [apiv2][body] GET https://storage.googleapis.com/firebase-preview-drop/emulator/ui-v1.15.0.zip [stream]
[debug] [2026-06-28T18:30:50.594Z] <<< [apiv2][status] GET https://firebase-public.firebaseio.com/cli.json 200
[debug] [2026-06-28T18:30:50.594Z] <<< [apiv2][body] GET https://firebase-public.firebaseio.com/cli.json {"cloudBuildErrorAfter":1594252800000,"cloudBuildWarnAfter":1590019200000,"defaultNode10After":1594252800000,"minVersion":"3.0.5","node8DeploysDisabledAfter":1613390400000,"node8RuntimeDisabledAfter":1615809600000,"node8WarnAfter":1600128000000}
[debug] [2026-06-28T18:30:50.715Z] Data is 3538469
[debug] [2026-06-28T18:30:50.716Z] [unzip] Entry: client/ (compressed_size=0 bytes, uncompressed_size=0 bytes)
[debug] [2026-06-28T18:30:50.716Z] [unzip] Processing entry: client/
[debug] [2026-06-28T18:30:50.716Z] [unzip] mkdir: /Users/patrickschmidt/.cache/firebase/emulators/ui-v1.15.0/client/
[debug] [2026-06-28T18:30:50.717Z] [unzip] Entry: client/favicon-16x16.png (compressed_size=293 bytes, uncompressed_size=293 bytes)
[debug] [2026-06-28T18:30:50.717Z] [unzip] Processing entry: client/favicon-16x16.png
[debug] [2026-06-28T18:30:50.717Z] [unzip] else mkdir: /Users/patrickschmidt/.cache/firebase/emulators/ui-v1.15.0/client
[debug] [2026-06-28T18:30:50.717Z] [unzip] Writing file: /Users/patrickschmidt/.cache/firebase/emulators/ui-v1.15.0/client/favicon-16x16.png
[debug] [2026-06-28T18:30:50.718Z] [unzip] Entry: client/safari-pinned-tab.svg (compressed_size=1433 bytes, uncompressed_size=2611 bytes)
[debug] [2026-06-28T18:30:50.718Z] [unzip] Processing entry: client/safari-pinned-tab.svg
[debug] [2026-06-28T18:30:50.718Z] [unzip] else mkdir: /Users/patrickschmidt/.cache/firebase/emulators/ui-v1.15.0/client
[debug] [2026-06-28T18:30:50.718Z] [unzip] deflating: /Users/patrickschmidt/.cache/firebase/emulators/ui-v1.15.0/client/safari-pinned-tab.svg
[debug] [2026-06-28T18:30:50.720Z] [unzip] Entry: client/favicon.ico (compressed_size=2933 bytes, uncompressed_size=13294 bytes)
[debug] [2026-06-28T18:30:50.721Z] [unzip] Processing entry: client/favicon.ico
[debug] [2026-06-28T18:30:50.721Z] [unzip] else mkdir: /Users/patrickschmidt/.cache/firebase/emulators/ui-v1.15.0/client
[debug] [2026-06-28T18:30:50.721Z] [unzip] deflating: /Users/patrickschmidt/.cache/firebase/emulators/ui-v1.15.0/client/favicon.ico
[debug] [2026-06-28T18:30:50.721Z] [unzip] Entry: client/index.html (compressed_size=1364 bytes, uncompressed_size=3071 bytes)
[debug] [2026-06-28T18:30:50.721Z] [unzip] Processing entry: client/index.html
[debug] [2026-06-28T18:30:50.721Z] [unzip] else mkdir: /Users/patrickschmidt/.cache/firebase/emulators/ui-v1.15.0/client
[debug] [2026-06-28T18:30:50.721Z] [unzip] deflating: /Users/patrickschmidt/.cache/firebase/emulators/ui-v1.15.0/client/index.html
[debug] [2026-06-28T18:30:50.722Z] [unzip] Entry: client/android-chrome-192x192.png (compressed_size=2684 bytes, uncompressed_size=2684 bytes)
[debug] [2026-06-28T18:30:50.722Z] [unzip] Processing entry: client/android-chrome-192x192.png
[debug] [2026-06-28T18:30:50.722Z] [unzip] else mkdir: /Users/patrickschmidt/.cache/firebase/emulators/ui-v1.15.0/client
[debug] [2026-06-28T18:30:50.722Z] [unzip] Writing file: /Users/patrickschmidt/.cache/firebase/emulators/ui-v1.15.0/client/android-chrome-192x192.png
[debug] [2026-06-28T18:30:50.722Z] [unzip] Entry: client/apple-touch-icon.png (compressed_size=2123 bytes, uncompressed_size=2152 bytes)
[debug] [2026-06-28T18:30:50.722Z] [unzip] Processing entry: client/apple-touch-icon.png
[debug] [2026-06-28T18:30:50.722Z] [unzip] else mkdir: /Users/patrickschmidt/.cache/firebase/emulators/ui-v1.15.0/client
[debug] [2026-06-28T18:30:50.722Z] [unzip] deflating: /Users/patrickschmidt/.cache/firebase/emulators/ui-v1.15.0/client/apple-touch-icon.png
[debug] [2026-06-28T18:30:50.723Z] [unzip] Entry: client/android-chrome-512x512.png (compressed_size=5369 bytes, uncompressed_size=5411 bytes)
[debug] [2026-06-28T18:30:50.723Z] [unzip] Processing entry: client/android-chrome-512x512.png
[debug] [2026-06-28T18:30:50.723Z] [unzip] else mkdir: /Users/patrickschmidt/.cache/firebase/emulators/ui-v1.15.0/client
[debug] [2026-06-28T18:30:50.723Z] [unzip] deflating: /Users/patrickschmidt/.cache/firebase/emulators/ui-v1.15.0/client/android-chrome-512x512.png
[debug] [2026-06-28T18:30:50.723Z] [unzip] Entry: client/manifest.json (compressed_size=245 bytes, uncompressed_size=551 bytes)
[debug] [2026-06-28T18:30:50.723Z] [unzip] Processing entry: client/manifest.json
[debug] [2026-06-28T18:30:50.723Z] [unzip] else mkdir: /Users/patrickschmidt/.cache/firebase/emulators/ui-v1.15.0/client
[debug] [2026-06-28T18:30:50.723Z] [unzip] deflating: /Users/patrickschmidt/.cache/firebase/emulators/ui-v1.15.0/client/manifest.json
[debug] [2026-06-28T18:30:50.724Z] [unzip] Entry: client/robots.txt (compressed_size=26 bytes, uncompressed_size=26 bytes)
[debug] [2026-06-28T18:30:50.724Z] [unzip] Processing entry: client/robots.txt
[debug] [2026-06-28T18:30:50.724Z] [unzip] else mkdir: /Users/patrickschmidt/.cache/firebase/emulators/ui-v1.15.0/client
[debug] [2026-06-28T18:30:50.724Z] [unzip] Writing file: /Users/patrickschmidt/.cache/firebase/emulators/ui-v1.15.0/client/robots.txt
[debug] [2026-06-28T18:30:50.724Z] [unzip] Entry: client/mstile-150x150.png (compressed_size=2034 bytes, uncompressed_size=2034 bytes)
[debug] [2026-06-28T18:30:50.724Z] [unzip] Processing entry: client/mstile-150x150.png
[debug] [2026-06-28T18:30:50.724Z] [unzip] else mkdir: /Users/patrickschmidt/.cache/firebase/emulators/ui-v1.15.0/client
[debug] [2026-06-28T18:30:50.724Z] [unzip] Writing file: /Users/patrickschmidt/.cache/firebase/emulators/ui-v1.15.0/client/mstile-150x150.png
[debug] [2026-06-28T18:30:50.724Z] [unzip] Entry: client/assets/ (compressed_size=0 bytes, uncompressed_size=0 bytes)
[debug] [2026-06-28T18:30:50.725Z] [unzip] Processing entry: client/assets/
[debug] [2026-06-28T18:30:50.725Z] [unzip] mkdir: /Users/patrickschmidt/.cache/firebase/emulators/ui-v1.15.0/client/assets/
[debug] [2026-06-28T18:30:50.725Z] [unzip] Entry: client/assets/index-BX-A56oj.js (compressed_size=582089 bytes, uncompressed_size=2092775 bytes)
[debug] [2026-06-28T18:30:50.725Z] [unzip] Processing entry: client/assets/index-BX-A56oj.js
[debug] [2026-06-28T18:30:50.725Z] [unzip] else mkdir: /Users/patrickschmidt/.cache/firebase/emulators/ui-v1.15.0/client/assets
[debug] [2026-06-28T18:30:50.725Z] [unzip] deflating: /Users/patrickschmidt/.cache/firebase/emulators/ui-v1.15.0/client/assets/index-BX-A56oj.js
[debug] [2026-06-28T18:30:50.731Z] [unzip] Entry: client/assets/index-CjB9C900.css (compressed_size=35979 bytes, uncompressed_size=298654 bytes)
[debug] [2026-06-28T18:30:50.731Z] [unzip] Processing entry: client/assets/index-CjB9C900.css
[debug] [2026-06-28T18:30:50.731Z] [unzip] else mkdir: /Users/patrickschmidt/.cache/firebase/emulators/ui-v1.15.0/client/assets
[debug] [2026-06-28T18:30:50.731Z] [unzip] deflating: /Users/patrickschmidt/.cache/firebase/emulators/ui-v1.15.0/client/assets/index-CjB9C900.css
[debug] [2026-06-28T18:30:50.732Z] [unzip] Entry: client/assets/index-BX-A56oj.js.map (compressed_size=2362482 bytes, uncompressed_size=10036679 bytes)
[debug] [2026-06-28T18:30:50.732Z] [unzip] Processing entry: client/assets/index-BX-A56oj.js.map
[debug] [2026-06-28T18:30:50.732Z] [unzip] else mkdir: /Users/patrickschmidt/.cache/firebase/emulators/ui-v1.15.0/client/assets
[debug] [2026-06-28T18:30:50.733Z] [unzip] deflating: /Users/patrickschmidt/.cache/firebase/emulators/ui-v1.15.0/client/assets/index-BX-A56oj.js.map
[debug] [2026-06-28T18:30:50.755Z] [unzip] Entry: client/assets/extensions/ (compressed_size=0 bytes, uncompressed_size=0 bytes)
[debug] [2026-06-28T18:30:50.755Z] [unzip] Processing entry: client/assets/extensions/
[debug] [2026-06-28T18:30:50.755Z] [unzip] mkdir: /Users/patrickschmidt/.cache/firebase/emulators/ui-v1.15.0/client/assets/extensions/
[debug] [2026-06-28T18:30:50.755Z] [unzip] Entry: client/assets/extensions/default-extension.png (compressed_size=1646 bytes, uncompressed_size=1657 bytes)
[debug] [2026-06-28T18:30:50.755Z] [unzip] Processing entry: client/assets/extensions/default-extension.png
[debug] [2026-06-28T18:30:50.755Z] [unzip] else mkdir: /Users/patrickschmidt/.cache/firebase/emulators/ui-v1.15.0/client/assets/extensions
[debug] [2026-06-28T18:30:50.755Z] [unzip] deflating: /Users/patrickschmidt/.cache/firebase/emulators/ui-v1.15.0/client/assets/extensions/default-extension.png
[debug] [2026-06-28T18:30:50.756Z] [unzip] Entry: client/assets/img/ (compressed_size=0 bytes, uncompressed_size=0 bytes)
[debug] [2026-06-28T18:30:50.756Z] [unzip] Processing entry: client/assets/img/
[debug] [2026-06-28T18:30:50.756Z] [unzip] mkdir: /Users/patrickschmidt/.cache/firebase/emulators/ui-v1.15.0/client/assets/img/
[debug] [2026-06-28T18:30:50.756Z] [unzip] Entry: client/assets/img/database.png (compressed_size=29449 bytes, uncompressed_size=29988 bytes)
[debug] [2026-06-28T18:30:50.756Z] [unzip] Processing entry: client/assets/img/database.png
[debug] [2026-06-28T18:30:50.756Z] [unzip] else mkdir: /Users/patrickschmidt/.cache/firebase/emulators/ui-v1.15.0/client/assets/img
[debug] [2026-06-28T18:30:50.756Z] [unzip] deflating: /Users/patrickschmidt/.cache/firebase/emulators/ui-v1.15.0/client/assets/img/database.png
[debug] [2026-06-28T18:30:50.756Z] [unzip] Entry: client/assets/provider-icons/ (compressed_size=0 bytes, uncompressed_size=0 bytes)
[debug] [2026-06-28T18:30:50.757Z] [unzip] Processing entry: client/assets/provider-icons/
[debug] [2026-06-28T18:30:50.757Z] [unzip] mkdir: /Users/patrickschmidt/.cache/firebase/emulators/ui-v1.15.0/client/assets/provider-icons/
[debug] [2026-06-28T18:30:50.757Z] [unzip] Entry: client/assets/provider-icons/auth_service_saml.svg (compressed_size=575 bytes, uncompressed_size=1226 bytes)
[debug] [2026-06-28T18:30:50.757Z] [unzip] Processing entry: client/assets/provider-icons/auth_service_saml.svg
[debug] [2026-06-28T18:30:50.757Z] [unzip] else mkdir: /Users/patrickschmidt/.cache/firebase/emulators/ui-v1.15.0/client/assets/provider-icons
[debug] [2026-06-28T18:30:50.757Z] [unzip] deflating: /Users/patrickschmidt/.cache/firebase/emulators/ui-v1.15.0/client/assets/provider-icons/auth_service_saml.svg
[debug] [2026-06-28T18:30:50.757Z] [unzip] Entry: client/assets/provider-icons/auth_service_phone.svg (compressed_size=261 bytes, uncompressed_size=414 bytes)
[debug] [2026-06-28T18:30:50.757Z] [unzip] Processing entry: client/assets/provider-icons/auth_service_phone.svg
[debug] [2026-06-28T18:30:50.757Z] [unzip] else mkdir: /Users/patrickschmidt/.cache/firebase/emulators/ui-v1.15.0/client/assets/provider-icons
[debug] [2026-06-28T18:30:50.757Z] [unzip] deflating: /Users/patrickschmidt/.cache/firebase/emulators/ui-v1.15.0/client/assets/provider-icons/auth_service_phone.svg
[debug] [2026-06-28T18:30:50.757Z] [unzip] Entry: client/assets/provider-icons/auth_service_facebook.svg (compressed_size=289 bytes, uncompressed_size=457 bytes)
[debug] [2026-06-28T18:30:50.757Z] [unzip] Processing entry: client/assets/provider-icons/auth_service_facebook.svg
[debug] [2026-06-28T18:30:50.757Z] [unzip] else mkdir: /Users/patrickschmidt/.cache/firebase/emulators/ui-v1.15.0/client/assets/provider-icons
[debug] [2026-06-28T18:30:50.757Z] [unzip] deflating: /Users/patrickschmidt/.cache/firebase/emulators/ui-v1.15.0/client/assets/provider-icons/auth_service_facebook.svg
[debug] [2026-06-28T18:30:50.758Z] [unzip] Entry: client/assets/provider-icons/auth_service_game_center.svg (compressed_size=991 bytes, uncompressed_size=3921 bytes)
[debug] [2026-06-28T18:30:50.758Z] [unzip] Processing entry: client/assets/provider-icons/auth_service_game_center.svg
[debug] [2026-06-28T18:30:50.758Z] [unzip] else mkdir: /Users/patrickschmidt/.cache/firebase/emulators/ui-v1.15.0/client/assets/provider-icons
[debug] [2026-06-28T18:30:50.758Z] [unzip] deflating: /Users/patrickschmidt/.cache/firebase/emulators/ui-v1.15.0/client/assets/provider-icons/auth_service_game_center.svg
[debug] [2026-06-28T18:30:50.758Z] [unzip] Entry: client/assets/provider-icons/auth_service_apple.svg (compressed_size=230 bytes, uncompressed_size=334 bytes)
[debug] [2026-06-28T18:30:50.758Z] [unzip] Processing entry: client/assets/provider-icons/auth_service_apple.svg
[debug] [2026-06-28T18:30:50.758Z] [unzip] else mkdir: /Users/patrickschmidt/.cache/firebase/emulators/ui-v1.15.0/client/assets/provider-icons
[debug] [2026-06-28T18:30:50.758Z] [unzip] deflating: /Users/patrickschmidt/.cache/firebase/emulators/ui-v1.15.0/client/assets/provider-icons/auth_service_apple.svg
[debug] [2026-06-28T18:30:50.758Z] [unzip] Entry: client/assets/provider-icons/auth_service_github.svg (compressed_size=466 bytes, uncompressed_size=838 bytes)
[debug] [2026-06-28T18:30:50.758Z] [unzip] Processing entry: client/assets/provider-icons/auth_service_github.svg
[debug] [2026-06-28T18:30:50.758Z] [unzip] else mkdir: /Users/patrickschmidt/.cache/firebase/emulators/ui-v1.15.0/client/assets/provider-icons
[debug] [2026-06-28T18:30:50.758Z] [unzip] deflating: /Users/patrickschmidt/.cache/firebase/emulators/ui-v1.15.0/client/assets/provider-icons/auth_service_github.svg
[debug] [2026-06-28T18:30:50.758Z] [unzip] Entry: client/assets/provider-icons/auth_service_mslive.svg (compressed_size=203 bytes, uncompressed_size=378 bytes)
[debug] [2026-06-28T18:30:50.758Z] [unzip] Processing entry: client/assets/provider-icons/auth_service_mslive.svg
[debug] [2026-06-28T18:30:50.758Z] [unzip] else mkdir: /Users/patrickschmidt/.cache/firebase/emulators/ui-v1.15.0/client/assets/provider-icons
[debug] [2026-06-28T18:30:50.759Z] [unzip] deflating: /Users/patrickschmidt/.cache/firebase/emulators/ui-v1.15.0/client/assets/provider-icons/auth_service_mslive.svg
[debug] [2026-06-28T18:30:50.759Z] [unzip] Entry: client/assets/provider-icons/auth_service_yahoo.svg (compressed_size=577 bytes, uncompressed_size=1182 bytes)
[debug] [2026-06-28T18:30:50.759Z] [unzip] Processing entry: client/assets/provider-icons/auth_service_yahoo.svg
[debug] [2026-06-28T18:30:50.759Z] [unzip] else mkdir: /Users/patrickschmidt/.cache/firebase/emulators/ui-v1.15.0/client/assets/provider-icons
[debug] [2026-06-28T18:30:50.759Z] [unzip] deflating: /Users/patrickschmidt/.cache/firebase/emulators/ui-v1.15.0/client/assets/provider-icons/auth_service_yahoo.svg
[debug] [2026-06-28T18:30:50.759Z] [unzip] Entry: client/assets/provider-icons/auth_service_twitter.svg (compressed_size=444 bytes, uncompressed_size=751 bytes)
[debug] [2026-06-28T18:30:50.759Z] [unzip] Processing entry: client/assets/provider-icons/auth_service_twitter.svg
[debug] [2026-06-28T18:30:50.759Z] [unzip] else mkdir: /Users/patrickschmidt/.cache/firebase/emulators/ui-v1.15.0/client/assets/provider-icons
[debug] [2026-06-28T18:30:50.759Z] [unzip] deflating: /Users/patrickschmidt/.cache/firebase/emulators/ui-v1.15.0/client/assets/provider-icons/auth_service_twitter.svg
[debug] [2026-06-28T18:30:50.760Z] [unzip] Entry: client/assets/provider-icons/auth_service_play_games.svg (compressed_size=565 bytes, uncompressed_size=1173 bytes)
[debug] [2026-06-28T18:30:50.760Z] [unzip] Processing entry: client/assets/provider-icons/auth_service_play_games.svg
[debug] [2026-06-28T18:30:50.760Z] [unzip] else mkdir: /Users/patrickschmidt/.cache/firebase/emulators/ui-v1.15.0/client/assets/provider-icons
[debug] [2026-06-28T18:30:50.760Z] [unzip] deflating: /Users/patrickschmidt/.cache/firebase/emulators/ui-v1.15.0/client/assets/provider-icons/auth_service_play_games.svg
[debug] [2026-06-28T18:30:50.760Z] [unzip] Entry: client/assets/provider-icons/auth_service_email.svg (compressed_size=228 bytes, uncompressed_size=326 bytes)
[debug] [2026-06-28T18:30:50.760Z] [unzip] Processing entry: client/assets/provider-icons/auth_service_email.svg
[debug] [2026-06-28T18:30:50.760Z] [unzip] else mkdir: /Users/patrickschmidt/.cache/firebase/emulators/ui-v1.15.0/client/assets/provider-icons
[debug] [2026-06-28T18:30:50.760Z] [unzip] deflating: /Users/patrickschmidt/.cache/firebase/emulators/ui-v1.15.0/client/assets/provider-icons/auth_service_email.svg
[debug] [2026-06-28T18:30:50.760Z] [unzip] Entry: client/assets/provider-icons/auth_service_google.svg (compressed_size=409 bytes, uncompressed_size=720 bytes)
[debug] [2026-06-28T18:30:50.760Z] [unzip] Processing entry: client/assets/provider-icons/auth_service_google.svg
[debug] [2026-06-28T18:30:50.760Z] [unzip] else mkdir: /Users/patrickschmidt/.cache/firebase/emulators/ui-v1.15.0/client/assets/provider-icons
[debug] [2026-06-28T18:30:50.760Z] [unzip] deflating: /Users/patrickschmidt/.cache/firebase/emulators/ui-v1.15.0/client/assets/provider-icons/auth_service_google.svg
[debug] [2026-06-28T18:30:50.761Z] [unzip] Entry: client/assets/provider-icons/auth_service_oidc.svg (compressed_size=414 bytes, uncompressed_size=858 bytes)
[debug] [2026-06-28T18:30:50.761Z] [unzip] Processing entry: client/assets/provider-icons/auth_service_oidc.svg
[debug] [2026-06-28T18:30:50.761Z] [unzip] else mkdir: /Users/patrickschmidt/.cache/firebase/emulators/ui-v1.15.0/client/assets/provider-icons
[debug] [2026-06-28T18:30:50.761Z] [unzip] deflating: /Users/patrickschmidt/.cache/firebase/emulators/ui-v1.15.0/client/assets/provider-icons/auth_service_oidc.svg
[debug] [2026-06-28T18:30:50.761Z] [unzip] Entry: client/browserconfig.xml (compressed_size=491 bytes, uncompressed_size=822 bytes)
[debug] [2026-06-28T18:30:50.761Z] [unzip] Processing entry: client/browserconfig.xml
[debug] [2026-06-28T18:30:50.761Z] [unzip] else mkdir: /Users/patrickschmidt/.cache/firebase/emulators/ui-v1.15.0/client
[debug] [2026-06-28T18:30:50.761Z] [unzip] deflating: /Users/patrickschmidt/.cache/firebase/emulators/ui-v1.15.0/client/browserconfig.xml
[debug] [2026-06-28T18:30:50.761Z] [unzip] Entry: client/favicon-32x32.png (compressed_size=475 bytes, uncompressed_size=475 bytes)
[debug] [2026-06-28T18:30:50.761Z] [unzip] Processing entry: client/favicon-32x32.png
[debug] [2026-06-28T18:30:50.761Z] [unzip] else mkdir: /Users/patrickschmidt/.cache/firebase/emulators/ui-v1.15.0/client
[debug] [2026-06-28T18:30:50.761Z] [unzip] Writing file: /Users/patrickschmidt/.cache/firebase/emulators/ui-v1.15.0/client/favicon-32x32.png
[debug] [2026-06-28T18:30:50.761Z] [unzip] Entry: server/ (compressed_size=0 bytes, uncompressed_size=0 bytes)
[debug] [2026-06-28T18:30:50.761Z] [unzip] Processing entry: server/
[debug] [2026-06-28T18:30:50.761Z] [unzip] mkdir: /Users/patrickschmidt/.cache/firebase/emulators/ui-v1.15.0/server/
[debug] [2026-06-28T18:30:50.761Z] [unzip] Entry: server/server.mjs.map (compressed_size=217845 bytes, uncompressed_size=944978 bytes)
[debug] [2026-06-28T18:30:50.761Z] [unzip] Processing entry: server/server.mjs.map
[debug] [2026-06-28T18:30:50.761Z] [unzip] else mkdir: /Users/patrickschmidt/.cache/firebase/emulators/ui-v1.15.0/server
[debug] [2026-06-28T18:30:50.762Z] [unzip] deflating: /Users/patrickschmidt/.cache/firebase/emulators/ui-v1.15.0/server/server.mjs.map
[debug] [2026-06-28T18:30:50.763Z] [unzip] Entry: server/server.mjs (compressed_size=276407 bytes, uncompressed_size=933701 bytes)
[debug] [2026-06-28T18:30:50.763Z] [unzip] Processing entry: server/server.mjs
[debug] [2026-06-28T18:30:50.763Z] [unzip] else mkdir: /Users/patrickschmidt/.cache/firebase/emulators/ui-v1.15.0/server
[debug] [2026-06-28T18:30:50.763Z] [unzip] deflating: /Users/patrickschmidt/.cache/firebase/emulators/ui-v1.15.0/server/server.mjs
[info] i  functions: Watching "/Users/patrickschmidt/github-projects/fantasy-sports-assistant/functions" for Cloud Functions... {"metadata":{"emulator":{"name":"functions"},"message":"Watching \"/Users/patrickschmidt/github-projects/fantasy-sports-assistant/functions\" for Cloud Functions..."}}
[debug] [2026-06-28T18:30:50.768Z] Customer code is not Node
[debug] [2026-06-28T18:30:50.768Z] Validating python source
[debug] [2026-06-28T18:30:50.768Z] Building python source
[debug] [2026-06-28T18:30:50.768Z] Could not find functions.yaml. Must use http discovery
[debug] [2026-06-28T18:30:50.774Z] Running command with virtualenv: command=., args=["\"/Users/patrickschmidt/github-projects/fantasy-sports-assistant/functions/venv/bin/activate\"","&&","python3.14","-c","\"import firebase_functions; import os; print(os.path.dirname(firebase_functions.__file__))\""]
[debug] [2026-06-28T18:30:50.837Z] stdout: /Users/patrickschmidt/github-projects/fantasy-sports-assistant/functions/venv/lib/python3.14/site-packages/firebase_functions

[debug] [2026-06-28T18:30:50.840Z] Running admin server with args: ["python3.14","\"/Users/patrickschmidt/github-projects/fantasy-sports-assistant/functions/venv/lib/python3.14/site-packages/firebase_functions/private/serving.py\""] and env: {"GCLOUD_PROJECT":"demo-no-project","K_REVISION":"1","PORT":"80","GOOGLE_CLOUD_QUOTA_PROJECT":"demo-no-project","FUNCTIONS_EMULATOR":"true","TZ":"UTC","FIREBASE_DEBUG_MODE":"true","FIREBASE_DEBUG_FEATURES":"{\"skipTokenVerification\":true,\"enableCors\":true}","FIREBASE_EMULATOR_HUB":"127.0.0.1:4400","CLOUD_EVENTARC_EMULATOR_HOST":"http://127.0.0.1:9299","CLOUD_TASKS_EMULATOR_HOST":"127.0.0.1:9499","FIREBASE_CONFIG":"{\"storageBucket\":\"demo-no-project.appspot.com\",\"databaseURL\":\"https://demo-no-project.firebaseio.com\",\"projectId\":\"demo-no-project\"}","GOOGLE_APPLICATION_CREDENTIALS":"/Users/patrickschmidt/.config/firebase/patrick_schmidt.mail_gmail.com_application_default_credentials.json","ADMIN_PORT":"8081"} in /Users/patrickschmidt/github-projects/fantasy-sports-assistant/functions
[debug] [2026-06-28T18:30:50.840Z] Running command with virtualenv: command=., args=["\"/Users/patrickschmidt/github-projects/fantasy-sports-assistant/functions/venv/bin/activate\"","&&","python3.14","\"/Users/patrickschmidt/github-projects/fantasy-sports-assistant/functions/venv/lib/python3.14/site-packages/firebase_functions/private/serving.py\""]
[info]  * Serving Flask app 'serving'
 * Debug mode: off

[error] WARNING: This is a development server. Do not use it in a production deployment. Use a production WSGI server instead.
 * Running on http://127.0.0.1:8081
Press CTRL+C to quit

[error] 127.0.0.1 - - [28/Jun/2026 18:30:53] "GET /__/functions.yaml HTTP/1.1" 200 -

[debug] [2026-06-28T18:30:53.485Z] Got response from /__/functions.yaml endpoints:
  analyze_waivers:
    availableMemoryMb: null
    concurrency: null
    entryPoint: analyze_waivers
    httpsTrigger: {}
    ingressSettings: null
    labels: {}
    maxInstances: null
    minInstances: null
    platform: gcfv2
    secretEnvironmentVariables: []
    serviceAccountEmail: null
    timeoutSeconds: null
  get_league_rosters:
    availableMemoryMb: null
    concurrency: null
    entryPoint: get_league_rosters
    httpsTrigger: {}
    ingressSettings: null
    labels: {}
    maxInstances: null
    minInstances: null
    platform: gcfv2
    secretEnvironmentVariables: []
    serviceAccountEmail: null
    timeoutSeconds: null
  get_league_users:
    availableMemoryMb: null
    concurrency: null
    entryPoint: get_league_users
    httpsTrigger: {}
    ingressSettings: null
    labels: {}
    maxInstances: null
    minInstances: null
    platform: gcfv2
    secretEnvironmentVariables: []
    serviceAccountEmail: null
    timeoutSeconds: null
  get_user_leagues:
    availableMemoryMb: null
    concurrency: null
    entryPoint: get_user_leagues
    httpsTrigger: {}
    ingressSettings: null
    labels: {}
    maxInstances: null
    minInstances: null
    platform: gcfv2
    secretEnvironmentVariables: []
    serviceAccountEmail: null
    timeoutSeconds: null
params: []
requiredAPIs: []
specVersion: v1alpha1

[error] 127.0.0.1 - - [28/Jun/2026 18:30:53] "GET /__/quitquitquit HTTP/1.1" 200 -

[error] /bin/sh: line 1: 66463 Terminated: 15          python3.14 "/Users/patrickschmidt/github-projects/fantasy-sports-assistant/functions/venv/lib/python3.14/site-packages/firebase_functions/private/serving.py"

[info] ✔  functions: Loaded functions definitions from source: analyze_waivers, get_league_rosters, get_league_users, get_user_leagues. {"metadata":{"emulator":{"name":"functions"},"message":"Loaded functions definitions from source: analyze_waivers, get_league_rosters, get_league_users, get_user_leagues."}}
[info] ✔  functions[us-central1-analyze_waivers]: http function initialized (http://127.0.0.1:5001/demo-no-project/us-central1/analyze_waivers). {"metadata":{"emulator":{"name":"functions"},"message":"http function initialized (http://127.0.0.1:5001/demo-no-project/us-central1/analyze_waivers)."}}
[info] ✔  functions[us-central1-get_league_rosters]: http function initialized (http://127.0.0.1:5001/demo-no-project/us-central1/get_league_rosters). {"metadata":{"emulator":{"name":"functions"},"message":"http function initialized (http://127.0.0.1:5001/demo-no-project/us-central1/get_league_rosters)."}}
[info] ✔  functions[us-central1-get_league_users]: http function initialized (http://127.0.0.1:5001/demo-no-project/us-central1/get_league_users). {"metadata":{"emulator":{"name":"functions"},"message":"http function initialized (http://127.0.0.1:5001/demo-no-project/us-central1/get_league_users)."}}
[info] ✔  functions[us-central1-get_user_leagues]: http function initialized (http://127.0.0.1:5001/demo-no-project/us-central1/get_user_leagues). {"metadata":{"emulator":{"name":"functions"},"message":"http function initialized (http://127.0.0.1:5001/demo-no-project/us-central1/get_user_leagues)."}}
[debug] [2026-06-28T18:30:53.506Z] Could not find VSCode notification endpoint: FetchError: request to http://localhost:40001/vscode/notify failed, reason: . If you are not running the Firebase SQL Connect VSCode extension, this is expected and not an issue.
[info] 
┌─────────────────────────────────────────────────────────────┐
│ ✔  All emulators ready! It is now safe to connect your app. │
│ i  View Emulator UI at http://127.0.0.1:4000/               │
└─────────────────────────────────────────────────────────────┘

┌───────────┬────────────────┬─────────────────────────────────┐
│ Emulator  │ Host:Port      │ View in Emulator UI             │
├───────────┼────────────────┼─────────────────────────────────┤
│ Functions │ 127.0.0.1:5001 │ http://127.0.0.1:4000/functions │
└───────────┴────────────────┴─────────────────────────────────┘
  Emulator Hub host: 127.0.0.1 port: 4400
  Other reserved ports: 4500

Issues? Report them at https://github.com/firebase/firebase-tools/issues and attach the *-debug.log files.
 
[debug] [2026-06-28T18:31:55.250Z] [work-queue] {"queuedWork":["/demo-no-project/us-central1/get_user_leagues-2026-06-28T18:31:55.249Z"],"queueLength":1,"runningWork":[],"workRunningCount":0}
[debug] [2026-06-28T18:31:55.250Z] [work-queue] {"queuedWork":[],"queueLength":0,"runningWork":["/demo-no-project/us-central1/get_user_leagues-2026-06-28T18:31:55.249Z"],"workRunningCount":1}
[debug] [2026-06-28T18:31:55.251Z] Accepted request GET /demo-no-project/us-central1/get_user_leagues?username=p4t0b4ll3rs --> us-central1-get_user_leagues
[debug] [2026-06-28T18:31:55.252Z] [functions] Runtime ready! Sending request! {"metadata":{"emulator":{"name":"functions"},"message":"[functions] Runtime ready! Sending request!"}}
[debug] [2026-06-28T18:31:55.253Z] [functions] Got req.url=/demo-no-project/us-central1/get_user_leagues?username=p4t0b4ll3rs, mapping to path=/?username=p4t0b4ll3rs {"metadata":{"emulator":{"name":"functions"},"message":"[functions] Got req.url=/demo-no-project/us-central1/get_user_leagues?username=p4t0b4ll3rs, mapping to path=/?username=p4t0b4ll3rs"}}
[debug] [2026-06-28T18:31:55.256Z] Running command with virtualenv: command=., args=["\"/Users/patrickschmidt/github-projects/fantasy-sports-assistant/functions/venv/bin/activate\"","&&","functions-framework"]
[debug] [2026-06-28T18:31:55.258Z] [worker-pool] addWorker(us-central1-get_user_leagues) {"metadata":{"emulator":{"name":"functions"},"message":"[worker-pool] addWorker(us-central1-get_user_leagues)"}}
[debug] [2026-06-28T18:31:55.259Z] [worker-pool] Adding worker with key us-central1-get_user_leagues, total=1 {"metadata":{"emulator":{"name":"functions"},"message":"[worker-pool] Adding worker with key us-central1-get_user_leagues, total=1"}}
[debug] [2026-06-28T18:31:55.975Z] [worker-us-central1-get_user_leagues-ddb276ab-93b0-45db-bade-7677abb75219]: IDLE {"metadata":{"emulator":{"name":"functions"},"function":{"name":"us-central1-get_user_leagues"},"extension":{},"message":"[worker-us-central1-get_user_leagues-ddb276ab-93b0-45db-bade-7677abb75219]: IDLE"}}
[debug] [2026-06-28T18:31:55.975Z] [worker-pool] submitRequest(triggerId=us-central1-get_user_leagues) {"metadata":{"emulator":{"name":"functions"},"message":"[worker-pool] submitRequest(triggerId=us-central1-get_user_leagues)"}}
[info] i  functions: Beginning execution of "us-central1-get_user_leagues" {"metadata":{"emulator":{"name":"functions"},"function":{"name":"us-central1-get_user_leagues"},"extension":{},"message":"Beginning execution of \"us-central1-get_user_leagues\""}}
[debug] [2026-06-28T18:31:55.975Z] [worker-us-central1-get_user_leagues-ddb276ab-93b0-45db-bade-7677abb75219]: BUSY {"metadata":{"emulator":{"name":"functions"},"function":{"name":"us-central1-get_user_leagues"},"extension":{},"message":"[worker-us-central1-get_user_leagues-ddb276ab-93b0-45db-bade-7677abb75219]: BUSY"}}
[debug] [2026-06-28T18:31:56.506Z] Finishing up request with event=pause {"metadata":{"emulator":{"name":"functions"},"function":{"name":"us-central1-get_user_leagues"},"extension":{},"message":"Finishing up request with event=pause"}}
[info] i  functions: Finished "us-central1-get_user_leagues" in 531.691791ms {"metadata":{"emulator":{"name":"functions"},"function":{"name":"us-central1-get_user_leagues"},"extension":{},"message":"Finished \"us-central1-get_user_leagues\" in 531.691791ms"}}
[debug] [2026-06-28T18:31:56.508Z] [worker-us-central1-get_user_leagues-ddb276ab-93b0-45db-bade-7677abb75219]: IDLE {"metadata":{"emulator":{"name":"functions"},"function":{"name":"us-central1-get_user_leagues"},"extension":{},"message":"[worker-us-central1-get_user_leagues-ddb276ab-93b0-45db-bade-7677abb75219]: IDLE"}}
[debug] [2026-06-28T18:31:56.508Z] Finishing up request with event=finish {"metadata":{"emulator":{"name":"functions"},"function":{"name":"us-central1-get_user_leagues"},"extension":{},"message":"Finishing up request with event=finish"}}
[debug] [2026-06-28T18:31:56.508Z] Finishing up request with event=close {"metadata":{"emulator":{"name":"functions"},"function":{"name":"us-central1-get_user_leagues"},"extension":{},"message":"Finishing up request with event=close"}}
[debug] [2026-06-28T18:31:56.509Z] [work-queue] {"queuedWork":[],"queueLength":0,"runningWork":[],"workRunningCount":0}
[debug] [2026-06-28T18:34:24.240Z] File /Users/patrickschmidt/github-projects/fantasy-sports-assistant/functions/main.py changed, reloading triggers {"metadata":{"emulator":{"name":"functions"},"message":"File /Users/patrickschmidt/github-projects/fantasy-sports-assistant/functions/main.py changed, reloading triggers"}}
[debug] [2026-06-28T18:34:25.243Z] Customer code is not Node
[debug] [2026-06-28T18:34:25.243Z] Validating python source
[debug] [2026-06-28T18:34:25.244Z] Building python source
[debug] [2026-06-28T18:34:25.244Z] Could not find functions.yaml. Must use http discovery
[debug] [2026-06-28T18:34:25.255Z] Running command with virtualenv: command=., args=["\"/Users/patrickschmidt/github-projects/fantasy-sports-assistant/functions/venv/bin/activate\"","&&","python3.14","-c","\"import firebase_functions; import os; print(os.path.dirname(firebase_functions.__file__))\""]
[debug] [2026-06-28T18:34:25.312Z] stdout: /Users/patrickschmidt/github-projects/fantasy-sports-assistant/functions/venv/lib/python3.14/site-packages/firebase_functions

[debug] [2026-06-28T18:34:25.315Z] Running admin server with args: ["python3.14","\"/Users/patrickschmidt/github-projects/fantasy-sports-assistant/functions/venv/lib/python3.14/site-packages/firebase_functions/private/serving.py\""] and env: {"GCLOUD_PROJECT":"demo-no-project","K_REVISION":"1","PORT":"80","GOOGLE_CLOUD_QUOTA_PROJECT":"demo-no-project","FUNCTIONS_EMULATOR":"true","TZ":"UTC","FIREBASE_DEBUG_MODE":"true","FIREBASE_DEBUG_FEATURES":"{\"skipTokenVerification\":true,\"enableCors\":true}","FIREBASE_EMULATOR_HUB":"127.0.0.1:4400","CLOUD_EVENTARC_EMULATOR_HOST":"http://127.0.0.1:9299","CLOUD_TASKS_EMULATOR_HOST":"127.0.0.1:9499","FIREBASE_CONFIG":"{\"storageBucket\":\"demo-no-project.appspot.com\",\"databaseURL\":\"https://demo-no-project.firebaseio.com\",\"projectId\":\"demo-no-project\"}","GOOGLE_APPLICATION_CREDENTIALS":"/Users/patrickschmidt/.config/firebase/patrick_schmidt.mail_gmail.com_application_default_credentials.json","ADMIN_PORT":"8081"} in /Users/patrickschmidt/github-projects/fantasy-sports-assistant/functions
[debug] [2026-06-28T18:34:25.315Z] Running command with virtualenv: command=., args=["\"/Users/patrickschmidt/github-projects/fantasy-sports-assistant/functions/venv/bin/activate\"","&&","python3.14","\"/Users/patrickschmidt/github-projects/fantasy-sports-assistant/functions/venv/lib/python3.14/site-packages/firebase_functions/private/serving.py\""]
[info]  * Serving Flask app 'serving'
 * Debug mode: off

[error] WARNING: This is a development server. Do not use it in a production deployment. Use a production WSGI server instead.
 * Running on http://127.0.0.1:8081

[error] Press CTRL+C to quit

[error] 127.0.0.1 - - [28/Jun/2026 18:34:25] "GET /__/functions.yaml HTTP/1.1" 200 -

[debug] [2026-06-28T18:34:25.838Z] Got response from /__/functions.yaml endpoints:
  analyze_waivers:
    availableMemoryMb: null
    concurrency: null
    entryPoint: analyze_waivers
    httpsTrigger: {}
    ingressSettings: null
    labels: {}
    maxInstances: null
    minInstances: null
    platform: gcfv2
    secretEnvironmentVariables: []
    serviceAccountEmail: null
    timeoutSeconds: null
  get_league_rosters:
    availableMemoryMb: null
    concurrency: null
    entryPoint: get_league_rosters
    httpsTrigger: {}
    ingressSettings: null
    labels: {}
    maxInstances: null
    minInstances: null
    platform: gcfv2
    secretEnvironmentVariables: []
    serviceAccountEmail: null
    timeoutSeconds: null
  get_league_users:
    availableMemoryMb: null
    concurrency: null
    entryPoint: get_league_users
    httpsTrigger: {}
    ingressSettings: null
    labels: {}
    maxInstances: null
    minInstances: null
    platform: gcfv2
    secretEnvironmentVariables: []
    serviceAccountEmail: null
    timeoutSeconds: null
  get_user_leagues:
    availableMemoryMb: null
    concurrency: null
    entryPoint: get_user_leagues
    httpsTrigger: {}
    ingressSettings: null
    labels: {}
    maxInstances: null
    minInstances: null
    platform: gcfv2
    secretEnvironmentVariables: []
    serviceAccountEmail: null
    timeoutSeconds: null
params: []
requiredAPIs: []
specVersion: v1alpha1

[error] 127.0.0.1 - - [28/Jun/2026 18:34:25] "GET /__/quitquitquit HTTP/1.1" 200 -

[error] /bin/sh: line 1: 66571 Terminated: 15          python3.14 "/Users/patrickschmidt/github-projects/fantasy-sports-assistant/functions/venv/lib/python3.14/site-packages/firebase_functions/private/serving.py"

[info] ✔  functions: Loaded functions definitions from source: analyze_waivers, get_league_rosters, get_league_users, get_user_leagues. {"metadata":{"emulator":{"name":"functions"},"message":"Loaded functions definitions from source: analyze_waivers, get_league_rosters, get_league_users, get_user_leagues."}}
[debug] [2026-06-28T18:34:25.844Z] [worker-pool] Shutting down IDLE worker (us-central1-get_user_leagues) {"metadata":{"emulator":{"name":"functions"},"message":"[worker-pool] Shutting down IDLE worker (us-central1-get_user_leagues)"}}
[debug] [2026-06-28T18:34:25.844Z] [worker-us-central1-get_user_leagues-ddb276ab-93b0-45db-bade-7677abb75219]: FINISHING {"metadata":{"emulator":{"name":"functions"},"function":{"name":"us-central1-get_user_leagues"},"extension":{},"message":"[worker-us-central1-get_user_leagues-ddb276ab-93b0-45db-bade-7677abb75219]: FINISHING"}}
[debug] [2026-06-28T18:34:25.845Z] [worker-us-central1-get_user_leagues-ddb276ab-93b0-45db-bade-7677abb75219]: exited {"metadata":{"emulator":{"name":"functions"},"function":{"name":"us-central1-get_user_leagues"},"extension":{},"message":"[worker-us-central1-get_user_leagues-ddb276ab-93b0-45db-bade-7677abb75219]: exited"}}
[debug] [2026-06-28T18:34:25.845Z] [worker-us-central1-get_user_leagues-ddb276ab-93b0-45db-bade-7677abb75219]: FINISHED {"metadata":{"emulator":{"name":"functions"},"function":{"name":"us-central1-get_user_leagues"},"extension":{},"message":"[worker-us-central1-get_user_leagues-ddb276ab-93b0-45db-bade-7677abb75219]: FINISHED"}}
[debug] [2026-06-28T18:34:25.937Z] File /Users/patrickschmidt/github-projects/fantasy-sports-assistant/functions/__pycache__/main.cpython-314.pyc changed, reloading triggers {"metadata":{"emulator":{"name":"functions"},"message":"File /Users/patrickschmidt/github-projects/fantasy-sports-assistant/functions/__pycache__/main.cpython-314.pyc changed, reloading triggers"}}
[debug] [2026-06-28T18:34:26.939Z] Customer code is not Node
[debug] [2026-06-28T18:34:26.940Z] Validating python source
[debug] [2026-06-28T18:34:26.940Z] Building python source
[debug] [2026-06-28T18:34:26.941Z] Could not find functions.yaml. Must use http discovery
[debug] [2026-06-28T18:34:26.946Z] Running command with virtualenv: command=., args=["\"/Users/patrickschmidt/github-projects/fantasy-sports-assistant/functions/venv/bin/activate\"","&&","python3.14","-c","\"import firebase_functions; import os; print(os.path.dirname(firebase_functions.__file__))\""]
[debug] [2026-06-28T18:34:26.991Z] stdout: /Users/patrickschmidt/github-projects/fantasy-sports-assistant/functions/venv/lib/python3.14/site-packages/firebase_functions

[debug] [2026-06-28T18:34:26.994Z] Running admin server with args: ["python3.14","\"/Users/patrickschmidt/github-projects/fantasy-sports-assistant/functions/venv/lib/python3.14/site-packages/firebase_functions/private/serving.py\""] and env: {"GCLOUD_PROJECT":"demo-no-project","K_REVISION":"1","PORT":"80","GOOGLE_CLOUD_QUOTA_PROJECT":"demo-no-project","FUNCTIONS_EMULATOR":"true","TZ":"UTC","FIREBASE_DEBUG_MODE":"true","FIREBASE_DEBUG_FEATURES":"{\"skipTokenVerification\":true,\"enableCors\":true}","FIREBASE_EMULATOR_HUB":"127.0.0.1:4400","CLOUD_EVENTARC_EMULATOR_HOST":"http://127.0.0.1:9299","CLOUD_TASKS_EMULATOR_HOST":"127.0.0.1:9499","FIREBASE_CONFIG":"{\"storageBucket\":\"demo-no-project.appspot.com\",\"databaseURL\":\"https://demo-no-project.firebaseio.com\",\"projectId\":\"demo-no-project\"}","GOOGLE_APPLICATION_CREDENTIALS":"/Users/patrickschmidt/.config/firebase/patrick_schmidt.mail_gmail.com_application_default_credentials.json","ADMIN_PORT":"8081"} in /Users/patrickschmidt/github-projects/fantasy-sports-assistant/functions
[debug] [2026-06-28T18:34:26.994Z] Running command with virtualenv: command=., args=["\"/Users/patrickschmidt/github-projects/fantasy-sports-assistant/functions/venv/bin/activate\"","&&","python3.14","\"/Users/patrickschmidt/github-projects/fantasy-sports-assistant/functions/venv/lib/python3.14/site-packages/firebase_functions/private/serving.py\""]
[info]  * Serving Flask app 'serving'
 * Debug mode: off

[error] WARNING: This is a development server. Do not use it in a production deployment. Use a production WSGI server instead.
 * Running on http://127.0.0.1:8081

[error] Press CTRL+C to quit

[error] 127.0.0.1 - - [28/Jun/2026 18:34:27] "GET /__/functions.yaml HTTP/1.1" 200 -

[debug] [2026-06-28T18:34:27.509Z] Got response from /__/functions.yaml endpoints:
  analyze_waivers:
    availableMemoryMb: null
    concurrency: null
    entryPoint: analyze_waivers
    httpsTrigger: {}
    ingressSettings: null
    labels: {}
    maxInstances: null
    minInstances: null
    platform: gcfv2
    secretEnvironmentVariables: []
    serviceAccountEmail: null
    timeoutSeconds: null
  get_league_rosters:
    availableMemoryMb: null
    concurrency: null
    entryPoint: get_league_rosters
    httpsTrigger: {}
    ingressSettings: null
    labels: {}
    maxInstances: null
    minInstances: null
    platform: gcfv2
    secretEnvironmentVariables: []
    serviceAccountEmail: null
    timeoutSeconds: null
  get_league_users:
    availableMemoryMb: null
    concurrency: null
    entryPoint: get_league_users
    httpsTrigger: {}
    ingressSettings: null
    labels: {}
    maxInstances: null
    minInstances: null
    platform: gcfv2
    secretEnvironmentVariables: []
    serviceAccountEmail: null
    timeoutSeconds: null
  get_user_leagues:
    availableMemoryMb: null
    concurrency: null
    entryPoint: get_user_leagues
    httpsTrigger: {}
    ingressSettings: null
    labels: {}
    maxInstances: null
    minInstances: null
    platform: gcfv2
    secretEnvironmentVariables: []
    serviceAccountEmail: null
    timeoutSeconds: null
params: []
requiredAPIs: []
specVersion: v1alpha1

[error] 127.0.0.1 - - [28/Jun/2026 18:34:27] "GET /__/quitquitquit HTTP/1.1" 200 -

[error] /bin/sh: line 1: 66579 Terminated: 15          python3.14 "/Users/patrickschmidt/github-projects/fantasy-sports-assistant/functions/venv/lib/python3.14/site-packages/firebase_functions/private/serving.py"

[info] ✔  functions: Loaded functions definitions from source: analyze_waivers, get_league_rosters, get_league_users, get_user_leagues. {"metadata":{"emulator":{"name":"functions"},"message":"Loaded functions definitions from source: analyze_waivers, get_league_rosters, get_league_users, get_user_leagues."}}
[debug] [2026-06-28T18:34:52.922Z] [work-queue] {"queuedWork":["/demo-no-project/us-central1/get_user_leagues-2026-06-28T18:34:52.922Z"],"queueLength":1,"runningWork":[],"workRunningCount":0}
[debug] [2026-06-28T18:34:52.923Z] [work-queue] {"queuedWork":[],"queueLength":0,"runningWork":["/demo-no-project/us-central1/get_user_leagues-2026-06-28T18:34:52.922Z"],"workRunningCount":1}
[debug] [2026-06-28T18:34:52.924Z] Accepted request GET /demo-no-project/us-central1/get_user_leagues?username=p4t0b4ll3rs --> us-central1-get_user_leagues
[debug] [2026-06-28T18:34:52.933Z] [functions] Runtime ready! Sending request! {"metadata":{"emulator":{"name":"functions"},"message":"[functions] Runtime ready! Sending request!"}}
[debug] [2026-06-28T18:34:52.933Z] [functions] Got req.url=/demo-no-project/us-central1/get_user_leagues?username=p4t0b4ll3rs, mapping to path=/?username=p4t0b4ll3rs {"metadata":{"emulator":{"name":"functions"},"message":"[functions] Got req.url=/demo-no-project/us-central1/get_user_leagues?username=p4t0b4ll3rs, mapping to path=/?username=p4t0b4ll3rs"}}
[debug] [2026-06-28T18:34:52.934Z] [worker-pool] Cleaned up workers for us-central1-get_user_leagues: 1 --> 0 {"metadata":{"emulator":{"name":"functions"},"message":"[worker-pool] Cleaned up workers for us-central1-get_user_leagues: 1 --> 0"}}
[debug] [2026-06-28T18:34:52.935Z] Running command with virtualenv: command=., args=["\"/Users/patrickschmidt/github-projects/fantasy-sports-assistant/functions/venv/bin/activate\"","&&","functions-framework"]
[debug] [2026-06-28T18:34:52.937Z] [worker-pool] addWorker(us-central1-get_user_leagues) {"metadata":{"emulator":{"name":"functions"},"message":"[worker-pool] addWorker(us-central1-get_user_leagues)"}}
[debug] [2026-06-28T18:34:52.937Z] [worker-pool] Adding worker with key us-central1-get_user_leagues, total=1 {"metadata":{"emulator":{"name":"functions"},"message":"[worker-pool] Adding worker with key us-central1-get_user_leagues, total=1"}}
[debug] [2026-06-28T18:34:53.348Z] [worker-us-central1-get_user_leagues-bd0243f1-9f0e-44dd-9f01-465a4011ca47]: IDLE {"metadata":{"emulator":{"name":"functions"},"function":{"name":"us-central1-get_user_leagues"},"extension":{},"message":"[worker-us-central1-get_user_leagues-bd0243f1-9f0e-44dd-9f01-465a4011ca47]: IDLE"}}
[debug] [2026-06-28T18:34:53.348Z] [worker-pool] submitRequest(triggerId=us-central1-get_user_leagues) {"metadata":{"emulator":{"name":"functions"},"message":"[worker-pool] submitRequest(triggerId=us-central1-get_user_leagues)"}}
[info] i  functions: Beginning execution of "us-central1-get_user_leagues" {"metadata":{"emulator":{"name":"functions"},"function":{"name":"us-central1-get_user_leagues"},"extension":{},"message":"Beginning execution of \"us-central1-get_user_leagues\""}}
[debug] [2026-06-28T18:34:53.348Z] [worker-us-central1-get_user_leagues-bd0243f1-9f0e-44dd-9f01-465a4011ca47]: BUSY {"metadata":{"emulator":{"name":"functions"},"function":{"name":"us-central1-get_user_leagues"},"extension":{},"message":"[worker-us-central1-get_user_leagues-bd0243f1-9f0e-44dd-9f01-465a4011ca47]: BUSY"}}
[debug] [2026-06-28T18:34:53.798Z] Finishing up request with event=pause {"metadata":{"emulator":{"name":"functions"},"function":{"name":"us-central1-get_user_leagues"},"extension":{},"message":"Finishing up request with event=pause"}}
[info] i  functions: Finished "us-central1-get_user_leagues" in 450.311625ms {"metadata":{"emulator":{"name":"functions"},"function":{"name":"us-central1-get_user_leagues"},"extension":{},"message":"Finished \"us-central1-get_user_leagues\" in 450.311625ms"}}
[debug] [2026-06-28T18:34:53.799Z] [worker-us-central1-get_user_leagues-bd0243f1-9f0e-44dd-9f01-465a4011ca47]: IDLE {"metadata":{"emulator":{"name":"functions"},"function":{"name":"us-central1-get_user_leagues"},"extension":{},"message":"[worker-us-central1-get_user_leagues-bd0243f1-9f0e-44dd-9f01-465a4011ca47]: IDLE"}}
[debug] [2026-06-28T18:34:53.799Z] Finishing up request with event=finish {"metadata":{"emulator":{"name":"functions"},"function":{"name":"us-central1-get_user_leagues"},"extension":{},"message":"Finishing up request with event=finish"}}
[debug] [2026-06-28T18:34:53.799Z] Finishing up request with event=close {"metadata":{"emulator":{"name":"functions"},"function":{"name":"us-central1-get_user_leagues"},"extension":{},"message":"Finishing up request with event=close"}}
[debug] [2026-06-28T18:34:53.801Z] [work-queue] {"queuedWork":[],"queueLength":0,"runningWork":[],"workRunningCount":0}
[debug] [2026-06-28T18:35:06.769Z] [work-queue] {"queuedWork":["/demo-no-project/us-central1/get_user_leagues-2026-06-28T18:35:06.769Z"],"queueLength":1,"runningWork":[],"workRunningCount":0}
[debug] [2026-06-28T18:35:06.770Z] [work-queue] {"queuedWork":[],"queueLength":0,"runningWork":["/demo-no-project/us-central1/get_user_leagues-2026-06-28T18:35:06.769Z"],"workRunningCount":1}
[debug] [2026-06-28T18:35:06.770Z] Accepted request GET /demo-no-project/us-central1/get_user_leagues?username=p4t0b4ll3rs --> us-central1-get_user_leagues
[debug] [2026-06-28T18:35:06.771Z] [functions] Runtime ready! Sending request! {"metadata":{"emulator":{"name":"functions"},"message":"[functions] Runtime ready! Sending request!"}}
[debug] [2026-06-28T18:35:06.772Z] [functions] Got req.url=/demo-no-project/us-central1/get_user_leagues?username=p4t0b4ll3rs, mapping to path=/?username=p4t0b4ll3rs {"metadata":{"emulator":{"name":"functions"},"message":"[functions] Got req.url=/demo-no-project/us-central1/get_user_leagues?username=p4t0b4ll3rs, mapping to path=/?username=p4t0b4ll3rs"}}
[debug] [2026-06-28T18:35:06.772Z] [worker-pool] submitRequest(triggerId=us-central1-get_user_leagues) {"metadata":{"emulator":{"name":"functions"},"message":"[worker-pool] submitRequest(triggerId=us-central1-get_user_leagues)"}}
[info] i  functions: Beginning execution of "us-central1-get_user_leagues" {"metadata":{"emulator":{"name":"functions"},"function":{"name":"us-central1-get_user_leagues"},"extension":{},"message":"Beginning execution of \"us-central1-get_user_leagues\""}}
[debug] [2026-06-28T18:35:06.773Z] [worker-us-central1-get_user_leagues-bd0243f1-9f0e-44dd-9f01-465a4011ca47]: BUSY {"metadata":{"emulator":{"name":"functions"},"function":{"name":"us-central1-get_user_leagues"},"extension":{},"message":"[worker-us-central1-get_user_leagues-bd0243f1-9f0e-44dd-9f01-465a4011ca47]: BUSY"}}
[debug] [2026-06-28T18:35:07.070Z] Finishing up request with event=pause {"metadata":{"emulator":{"name":"functions"},"function":{"name":"us-central1-get_user_leagues"},"extension":{},"message":"Finishing up request with event=pause"}}
[info] i  functions: Finished "us-central1-get_user_leagues" in 297.77275ms {"metadata":{"emulator":{"name":"functions"},"function":{"name":"us-central1-get_user_leagues"},"extension":{},"message":"Finished \"us-central1-get_user_leagues\" in 297.77275ms"}}
[debug] [2026-06-28T18:35:07.071Z] [worker-us-central1-get_user_leagues-bd0243f1-9f0e-44dd-9f01-465a4011ca47]: IDLE {"metadata":{"emulator":{"name":"functions"},"function":{"name":"us-central1-get_user_leagues"},"extension":{},"message":"[worker-us-central1-get_user_leagues-bd0243f1-9f0e-44dd-9f01-465a4011ca47]: IDLE"}}
[debug] [2026-06-28T18:35:07.071Z] Finishing up request with event=finish {"metadata":{"emulator":{"name":"functions"},"function":{"name":"us-central1-get_user_leagues"},"extension":{},"message":"Finishing up request with event=finish"}}
[debug] [2026-06-28T18:35:07.071Z] Finishing up request with event=close {"metadata":{"emulator":{"name":"functions"},"function":{"name":"us-central1-get_user_leagues"},"extension":{},"message":"Finishing up request with event=close"}}
[debug] [2026-06-28T18:35:07.071Z] [work-queue] {"queuedWork":[],"queueLength":0,"runningWork":[],"workRunningCount":0}
[debug] [2026-06-28T18:35:09.549Z] [work-queue] {"queuedWork":["/demo-no-project/us-central1/analyze_waivers-2026-06-28T18:35:09.549Z"],"queueLength":1,"runningWork":[],"workRunningCount":0}
[debug] [2026-06-28T18:35:09.550Z] [work-queue] {"queuedWork":[],"queueLength":0,"runningWork":["/demo-no-project/us-central1/analyze_waivers-2026-06-28T18:35:09.549Z"],"workRunningCount":1}
[debug] [2026-06-28T18:35:09.550Z] Accepted request GET /demo-no-project/us-central1/analyze_waivers?username=p4t0b4ll3rs&league_id=1312666231035138048 --> us-central1-analyze_waivers
[debug] [2026-06-28T18:35:09.550Z] [functions] Runtime ready! Sending request! {"metadata":{"emulator":{"name":"functions"},"message":"[functions] Runtime ready! Sending request!"}}
[debug] [2026-06-28T18:35:09.550Z] [functions] Got req.url=/demo-no-project/us-central1/analyze_waivers?username=p4t0b4ll3rs&league_id=1312666231035138048, mapping to path=/?username=p4t0b4ll3rs&league_id=1312666231035138048 {"metadata":{"emulator":{"name":"functions"},"message":"[functions] Got req.url=/demo-no-project/us-central1/analyze_waivers?username=p4t0b4ll3rs&league_id=1312666231035138048, mapping to path=/?username=p4t0b4ll3rs&league_id=1312666231035138048"}}
[debug] [2026-06-28T18:35:09.551Z] Running command with virtualenv: command=., args=["\"/Users/patrickschmidt/github-projects/fantasy-sports-assistant/functions/venv/bin/activate\"","&&","functions-framework"]
[debug] [2026-06-28T18:35:09.552Z] [worker-pool] addWorker(us-central1-analyze_waivers) {"metadata":{"emulator":{"name":"functions"},"message":"[worker-pool] addWorker(us-central1-analyze_waivers)"}}
[debug] [2026-06-28T18:35:09.552Z] [worker-pool] Adding worker with key us-central1-analyze_waivers, total=1 {"metadata":{"emulator":{"name":"functions"},"message":"[worker-pool] Adding worker with key us-central1-analyze_waivers, total=1"}}
[debug] [2026-06-28T18:35:09.553Z] [work-queue] {"queuedWork":["/demo-no-project/us-central1/analyze_waivers-2026-06-28T18:35:09.553Z"],"queueLength":1,"runningWork":["/demo-no-project/us-central1/analyze_waivers-2026-06-28T18:35:09.549Z"],"workRunningCount":1}
[debug] [2026-06-28T18:35:09.553Z] [work-queue] {"queuedWork":[],"queueLength":0,"runningWork":["/demo-no-project/us-central1/analyze_waivers-2026-06-28T18:35:09.549Z","/demo-no-project/us-central1/analyze_waivers-2026-06-28T18:35:09.553Z"],"workRunningCount":2}
[debug] [2026-06-28T18:35:09.553Z] Accepted request GET /demo-no-project/us-central1/analyze_waivers?username=p4t0b4ll3rs&league_id=1312666231035138048 --> us-central1-analyze_waivers
[debug] [2026-06-28T18:35:09.553Z] [functions] Runtime ready! Sending request! {"metadata":{"emulator":{"name":"functions"},"message":"[functions] Runtime ready! Sending request!"}}
[debug] [2026-06-28T18:35:09.554Z] [functions] Got req.url=/demo-no-project/us-central1/analyze_waivers?username=p4t0b4ll3rs&league_id=1312666231035138048, mapping to path=/?username=p4t0b4ll3rs&league_id=1312666231035138048 {"metadata":{"emulator":{"name":"functions"},"message":"[functions] Got req.url=/demo-no-project/us-central1/analyze_waivers?username=p4t0b4ll3rs&league_id=1312666231035138048, mapping to path=/?username=p4t0b4ll3rs&league_id=1312666231035138048"}}
[debug] [2026-06-28T18:35:09.555Z] Running command with virtualenv: command=., args=["\"/Users/patrickschmidt/github-projects/fantasy-sports-assistant/functions/venv/bin/activate\"","&&","functions-framework"]
[debug] [2026-06-28T18:35:09.555Z] [worker-pool] addWorker(us-central1-analyze_waivers) {"metadata":{"emulator":{"name":"functions"},"message":"[worker-pool] addWorker(us-central1-analyze_waivers)"}}
[debug] [2026-06-28T18:35:09.555Z] [worker-pool] Adding worker with key us-central1-analyze_waivers, total=2 {"metadata":{"emulator":{"name":"functions"},"message":"[worker-pool] Adding worker with key us-central1-analyze_waivers, total=2"}}
[debug] [2026-06-28T18:35:09.962Z] [worker-us-central1-analyze_waivers-359c08c9-feac-4c0f-b278-5f56cd17b995]: IDLE {"metadata":{"emulator":{"name":"functions"},"function":{"name":"us-central1-analyze_waivers"},"extension":{},"message":"[worker-us-central1-analyze_waivers-359c08c9-feac-4c0f-b278-5f56cd17b995]: IDLE"}}
[debug] [2026-06-28T18:35:09.962Z] [worker-pool] submitRequest(triggerId=us-central1-analyze_waivers) {"metadata":{"emulator":{"name":"functions"},"message":"[worker-pool] submitRequest(triggerId=us-central1-analyze_waivers)"}}
[info] i  functions: Beginning execution of "us-central1-analyze_waivers" {"metadata":{"emulator":{"name":"functions"},"function":{"name":"us-central1-analyze_waivers"},"extension":{},"message":"Beginning execution of \"us-central1-analyze_waivers\""}}
[debug] [2026-06-28T18:35:09.962Z] [worker-us-central1-analyze_waivers-359c08c9-feac-4c0f-b278-5f56cd17b995]: BUSY {"metadata":{"emulator":{"name":"functions"},"function":{"name":"us-central1-analyze_waivers"},"extension":{},"message":"[worker-us-central1-analyze_waivers-359c08c9-feac-4c0f-b278-5f56cd17b995]: BUSY"}}
[debug] [2026-06-28T18:35:09.964Z] [worker-us-central1-analyze_waivers-856b0cd6-3565-4f24-893e-9529361fd2fc]: IDLE {"metadata":{"emulator":{"name":"functions"},"function":{"name":"us-central1-analyze_waivers"},"extension":{},"message":"[worker-us-central1-analyze_waivers-856b0cd6-3565-4f24-893e-9529361fd2fc]: IDLE"}}
[debug] [2026-06-28T18:35:09.964Z] [worker-pool] submitRequest(triggerId=us-central1-analyze_waivers) {"metadata":{"emulator":{"name":"functions"},"message":"[worker-pool] submitRequest(triggerId=us-central1-analyze_waivers)"}}
[info] i  functions: Beginning execution of "us-central1-analyze_waivers" {"metadata":{"emulator":{"name":"functions"},"function":{"name":"us-central1-analyze_waivers"},"extension":{},"message":"Beginning execution of \"us-central1-analyze_waivers\""}}
[debug] [2026-06-28T18:35:09.964Z] [worker-us-central1-analyze_waivers-856b0cd6-3565-4f24-893e-9529361fd2fc]: BUSY {"metadata":{"emulator":{"name":"functions"},"function":{"name":"us-central1-analyze_waivers"},"extension":{},"message":"[worker-us-central1-analyze_waivers-856b0cd6-3565-4f24-893e-9529361fd2fc]: BUSY"}}
[debug] [2026-06-28T18:35:10.836Z] Finishing up request with event=pause {"metadata":{"emulator":{"name":"functions"},"function":{"name":"us-central1-analyze_waivers"},"extension":{},"message":"Finishing up request with event=pause"}}
[info] i  functions: Finished "us-central1-analyze_waivers" in 873.916542ms {"metadata":{"emulator":{"name":"functions"},"function":{"name":"us-central1-analyze_waivers"},"extension":{},"message":"Finished \"us-central1-analyze_waivers\" in 873.916542ms"}}
[debug] [2026-06-28T18:35:10.836Z] [worker-us-central1-analyze_waivers-359c08c9-feac-4c0f-b278-5f56cd17b995]: IDLE {"metadata":{"emulator":{"name":"functions"},"function":{"name":"us-central1-analyze_waivers"},"extension":{},"message":"[worker-us-central1-analyze_waivers-359c08c9-feac-4c0f-b278-5f56cd17b995]: IDLE"}}
[debug] [2026-06-28T18:35:10.836Z] Finishing up request with event=finish {"metadata":{"emulator":{"name":"functions"},"function":{"name":"us-central1-analyze_waivers"},"extension":{},"message":"Finishing up request with event=finish"}}
[debug] [2026-06-28T18:35:10.836Z] Finishing up request with event=close {"metadata":{"emulator":{"name":"functions"},"function":{"name":"us-central1-analyze_waivers"},"extension":{},"message":"Finishing up request with event=close"}}
[debug] [2026-06-28T18:35:10.836Z] [work-queue] {"queuedWork":[],"queueLength":0,"runningWork":["/demo-no-project/us-central1/analyze_waivers-2026-06-28T18:35:09.553Z"],"workRunningCount":1}
[debug] [2026-06-28T18:35:10.838Z] Finishing up request with event=pause {"metadata":{"emulator":{"name":"functions"},"function":{"name":"us-central1-analyze_waivers"},"extension":{},"message":"Finishing up request with event=pause"}}
[info] i  functions: Finished "us-central1-analyze_waivers" in 874.202125ms {"metadata":{"emulator":{"name":"functions"},"function":{"name":"us-central1-analyze_waivers"},"extension":{},"message":"Finished \"us-central1-analyze_waivers\" in 874.202125ms"}}
[debug] [2026-06-28T18:35:10.838Z] [worker-us-central1-analyze_waivers-856b0cd6-3565-4f24-893e-9529361fd2fc]: IDLE {"metadata":{"emulator":{"name":"functions"},"function":{"name":"us-central1-analyze_waivers"},"extension":{},"message":"[worker-us-central1-analyze_waivers-856b0cd6-3565-4f24-893e-9529361fd2fc]: IDLE"}}
[debug] [2026-06-28T18:35:10.838Z] Finishing up request with event=finish {"metadata":{"emulator":{"name":"functions"},"function":{"name":"us-central1-analyze_waivers"},"extension":{},"message":"Finishing up request with event=finish"}}
[debug] [2026-06-28T18:35:10.838Z] Finishing up request with event=close {"metadata":{"emulator":{"name":"functions"},"function":{"name":"us-central1-analyze_waivers"},"extension":{},"message":"Finishing up request with event=close"}}
[debug] [2026-06-28T18:35:10.838Z] [work-queue] {"queuedWork":[],"queueLength":0,"runningWork":[],"workRunningCount":0}
[debug] [2026-06-28T18:35:10.850Z] File /Users/patrickschmidt/github-projects/fantasy-sports-assistant/functions/__pycache__/assistant_core.cpython-314.pyc changed, reloading triggers {"metadata":{"emulator":{"name":"functions"},"message":"File /Users/patrickschmidt/github-projects/fantasy-sports-assistant/functions/__pycache__/assistant_core.cpython-314.pyc changed, reloading triggers"}}
[debug] [2026-06-28T18:35:11.852Z] Customer code is not Node
[debug] [2026-06-28T18:35:11.853Z] Validating python source
[debug] [2026-06-28T18:35:11.853Z] Building python source
[debug] [2026-06-28T18:35:11.853Z] Could not find functions.yaml. Must use http discovery
[debug] [2026-06-28T18:35:11.855Z] Running command with virtualenv: command=., args=["\"/Users/patrickschmidt/github-projects/fantasy-sports-assistant/functions/venv/bin/activate\"","&&","python3.14","-c","\"import firebase_functions; import os; print(os.path.dirname(firebase_functions.__file__))\""]
[debug] [2026-06-28T18:35:11.909Z] stdout: /Users/patrickschmidt/github-projects/fantasy-sports-assistant/functions/venv/lib/python3.14/site-packages/firebase_functions

[debug] [2026-06-28T18:35:11.913Z] Running admin server with args: ["python3.14","\"/Users/patrickschmidt/github-projects/fantasy-sports-assistant/functions/venv/lib/python3.14/site-packages/firebase_functions/private/serving.py\""] and env: {"GCLOUD_PROJECT":"demo-no-project","K_REVISION":"1","PORT":"80","GOOGLE_CLOUD_QUOTA_PROJECT":"demo-no-project","FUNCTIONS_EMULATOR":"true","TZ":"UTC","FIREBASE_DEBUG_MODE":"true","FIREBASE_DEBUG_FEATURES":"{\"skipTokenVerification\":true,\"enableCors\":true}","FIREBASE_EMULATOR_HUB":"127.0.0.1:4400","CLOUD_EVENTARC_EMULATOR_HOST":"http://127.0.0.1:9299","CLOUD_TASKS_EMULATOR_HOST":"127.0.0.1:9499","FIREBASE_CONFIG":"{\"storageBucket\":\"demo-no-project.appspot.com\",\"databaseURL\":\"https://demo-no-project.firebaseio.com\",\"projectId\":\"demo-no-project\"}","GOOGLE_APPLICATION_CREDENTIALS":"/Users/patrickschmidt/.config/firebase/patrick_schmidt.mail_gmail.com_application_default_credentials.json","ADMIN_PORT":"8081"} in /Users/patrickschmidt/github-projects/fantasy-sports-assistant/functions
[debug] [2026-06-28T18:35:11.913Z] Running command with virtualenv: command=., args=["\"/Users/patrickschmidt/github-projects/fantasy-sports-assistant/functions/venv/bin/activate\"","&&","python3.14","\"/Users/patrickschmidt/github-projects/fantasy-sports-assistant/functions/venv/lib/python3.14/site-packages/firebase_functions/private/serving.py\""]
[info]  * Serving Flask app 'serving'
 * Debug mode: off

[error] WARNING: This is a development server. Do not use it in a production deployment. Use a production WSGI server instead.
 * Running on http://127.0.0.1:8081

[error] Press CTRL+C to quit

[error] 127.0.0.1 - - [28/Jun/2026 18:35:12] "GET /__/functions.yaml HTTP/1.1" 200 -

[debug] [2026-06-28T18:35:12.435Z] Got response from /__/functions.yaml endpoints:
  analyze_waivers:
    availableMemoryMb: null
    concurrency: null
    entryPoint: analyze_waivers
    httpsTrigger: {}
    ingressSettings: null
    labels: {}
    maxInstances: null
    minInstances: null
    platform: gcfv2
    secretEnvironmentVariables: []
    serviceAccountEmail: null
    timeoutSeconds: null
  get_league_rosters:
    availableMemoryMb: null
    concurrency: null
    entryPoint: get_league_rosters
    httpsTrigger: {}
    ingressSettings: null
    labels: {}
    maxInstances: null
    minInstances: null
    platform: gcfv2
    secretEnvironmentVariables: []
    serviceAccountEmail: null
    timeoutSeconds: null
  get_league_users:
    availableMemoryMb: null
    concurrency: null
    entryPoint: get_league_users
    httpsTrigger: {}
    ingressSettings: null
    labels: {}
    maxInstances: null
    minInstances: null
    platform: gcfv2
    secretEnvironmentVariables: []
    serviceAccountEmail: null
    timeoutSeconds: null
  get_user_leagues:
    availableMemoryMb: null
    concurrency: null
    entryPoint: get_user_leagues
    httpsTrigger: {}
    ingressSettings: null
    labels: {}
    maxInstances: null
    minInstances: null
    platform: gcfv2
    secretEnvironmentVariables: []
    serviceAccountEmail: null
    timeoutSeconds: null
params: []
requiredAPIs: []
specVersion: v1alpha1

[error] 127.0.0.1 - - [28/Jun/2026 18:35:12] "GET /__/quitquitquit HTTP/1.1" 200 -

[error] /bin/sh: line 1: 66633 Terminated: 15          python3.14 "/Users/patrickschmidt/github-projects/fantasy-sports-assistant/functions/venv/lib/python3.14/site-packages/firebase_functions/private/serving.py"

[info] ✔  functions: Loaded functions definitions from source: analyze_waivers, get_league_rosters, get_league_users, get_user_leagues. {"metadata":{"emulator":{"name":"functions"},"message":"Loaded functions definitions from source: analyze_waivers, get_league_rosters, get_league_users, get_user_leagues."}}
[debug] [2026-06-28T18:35:12.445Z] [worker-pool] Shutting down IDLE worker (us-central1-get_user_leagues) {"metadata":{"emulator":{"name":"functions"},"message":"[worker-pool] Shutting down IDLE worker (us-central1-get_user_leagues)"}}
[debug] [2026-06-28T18:35:12.445Z] [worker-us-central1-get_user_leagues-bd0243f1-9f0e-44dd-9f01-465a4011ca47]: FINISHING {"metadata":{"emulator":{"name":"functions"},"function":{"name":"us-central1-get_user_leagues"},"extension":{},"message":"[worker-us-central1-get_user_leagues-bd0243f1-9f0e-44dd-9f01-465a4011ca47]: FINISHING"}}
[debug] [2026-06-28T18:35:12.445Z] [worker-pool] Shutting down IDLE worker (us-central1-analyze_waivers) {"metadata":{"emulator":{"name":"functions"},"message":"[worker-pool] Shutting down IDLE worker (us-central1-analyze_waivers)"}}
[debug] [2026-06-28T18:35:12.445Z] [worker-us-central1-analyze_waivers-359c08c9-feac-4c0f-b278-5f56cd17b995]: FINISHING {"metadata":{"emulator":{"name":"functions"},"function":{"name":"us-central1-analyze_waivers"},"extension":{},"message":"[worker-us-central1-analyze_waivers-359c08c9-feac-4c0f-b278-5f56cd17b995]: FINISHING"}}
[debug] [2026-06-28T18:35:12.445Z] [worker-pool] Shutting down IDLE worker (us-central1-analyze_waivers) {"metadata":{"emulator":{"name":"functions"},"message":"[worker-pool] Shutting down IDLE worker (us-central1-analyze_waivers)"}}
[debug] [2026-06-28T18:35:12.445Z] [worker-us-central1-analyze_waivers-856b0cd6-3565-4f24-893e-9529361fd2fc]: FINISHING {"metadata":{"emulator":{"name":"functions"},"function":{"name":"us-central1-analyze_waivers"},"extension":{},"message":"[worker-us-central1-analyze_waivers-856b0cd6-3565-4f24-893e-9529361fd2fc]: FINISHING"}}
[debug] [2026-06-28T18:35:12.446Z] [worker-us-central1-get_user_leagues-bd0243f1-9f0e-44dd-9f01-465a4011ca47]: exited {"metadata":{"emulator":{"name":"functions"},"function":{"name":"us-central1-get_user_leagues"},"extension":{},"message":"[worker-us-central1-get_user_leagues-bd0243f1-9f0e-44dd-9f01-465a4011ca47]: exited"}}
[debug] [2026-06-28T18:35:12.446Z] [worker-us-central1-get_user_leagues-bd0243f1-9f0e-44dd-9f01-465a4011ca47]: FINISHED {"metadata":{"emulator":{"name":"functions"},"function":{"name":"us-central1-get_user_leagues"},"extension":{},"message":"[worker-us-central1-get_user_leagues-bd0243f1-9f0e-44dd-9f01-465a4011ca47]: FINISHED"}}
[debug] [2026-06-28T18:35:12.446Z] [worker-us-central1-analyze_waivers-359c08c9-feac-4c0f-b278-5f56cd17b995]: exited {"metadata":{"emulator":{"name":"functions"},"function":{"name":"us-central1-analyze_waivers"},"extension":{},"message":"[worker-us-central1-analyze_waivers-359c08c9-feac-4c0f-b278-5f56cd17b995]: exited"}}
[debug] [2026-06-28T18:35:12.446Z] [worker-us-central1-analyze_waivers-359c08c9-feac-4c0f-b278-5f56cd17b995]: FINISHED {"metadata":{"emulator":{"name":"functions"},"function":{"name":"us-central1-analyze_waivers"},"extension":{},"message":"[worker-us-central1-analyze_waivers-359c08c9-feac-4c0f-b278-5f56cd17b995]: FINISHED"}}
[debug] [2026-06-28T18:35:12.446Z] [worker-us-central1-analyze_waivers-856b0cd6-3565-4f24-893e-9529361fd2fc]: exited {"metadata":{"emulator":{"name":"functions"},"function":{"name":"us-central1-analyze_waivers"},"extension":{},"message":"[worker-us-central1-analyze_waivers-856b0cd6-3565-4f24-893e-9529361fd2fc]: exited"}}
[debug] [2026-06-28T18:35:12.446Z] [worker-us-central1-analyze_waivers-856b0cd6-3565-4f24-893e-9529361fd2fc]: FINISHED {"metadata":{"emulator":{"name":"functions"},"function":{"name":"us-central1-analyze_waivers"},"extension":{},"message":"[worker-us-central1-analyze_waivers-856b0cd6-3565-4f24-893e-9529361fd2fc]: FINISHED"}}
[debug] [2026-06-28T18:35:43.959Z] [work-queue] {"queuedWork":["/demo-no-project/us-central1/get_user_leagues-2026-06-28T18:35:43.959Z"],"queueLength":1,"runningWork":[],"workRunningCount":0}
[debug] [2026-06-28T18:35:43.960Z] [work-queue] {"queuedWork":[],"queueLength":0,"runningWork":["/demo-no-project/us-central1/get_user_leagues-2026-06-28T18:35:43.959Z"],"workRunningCount":1}
[debug] [2026-06-28T18:35:43.960Z] Accepted request GET /demo-no-project/us-central1/get_user_leagues?username=p4t0b4ll3rs --> us-central1-get_user_leagues
[debug] [2026-06-28T18:35:43.961Z] [functions] Runtime ready! Sending request! {"metadata":{"emulator":{"name":"functions"},"message":"[functions] Runtime ready! Sending request!"}}
[debug] [2026-06-28T18:35:43.961Z] [functions] Got req.url=/demo-no-project/us-central1/get_user_leagues?username=p4t0b4ll3rs, mapping to path=/?username=p4t0b4ll3rs {"metadata":{"emulator":{"name":"functions"},"message":"[functions] Got req.url=/demo-no-project/us-central1/get_user_leagues?username=p4t0b4ll3rs, mapping to path=/?username=p4t0b4ll3rs"}}
[debug] [2026-06-28T18:35:43.962Z] [worker-pool] Cleaned up workers for us-central1-get_user_leagues: 1 --> 0 {"metadata":{"emulator":{"name":"functions"},"message":"[worker-pool] Cleaned up workers for us-central1-get_user_leagues: 1 --> 0"}}
[debug] [2026-06-28T18:35:43.962Z] [worker-pool] Cleaned up workers for us-central1-analyze_waivers: 2 --> 0 {"metadata":{"emulator":{"name":"functions"},"message":"[worker-pool] Cleaned up workers for us-central1-analyze_waivers: 2 --> 0"}}
[debug] [2026-06-28T18:35:43.972Z] Running command with virtualenv: command=., args=["\"/Users/patrickschmidt/github-projects/fantasy-sports-assistant/functions/venv/bin/activate\"","&&","functions-framework"]
[debug] [2026-06-28T18:35:43.974Z] [worker-pool] addWorker(us-central1-get_user_leagues) {"metadata":{"emulator":{"name":"functions"},"message":"[worker-pool] addWorker(us-central1-get_user_leagues)"}}
[debug] [2026-06-28T18:35:43.974Z] [worker-pool] Adding worker with key us-central1-get_user_leagues, total=1 {"metadata":{"emulator":{"name":"functions"},"message":"[worker-pool] Adding worker with key us-central1-get_user_leagues, total=1"}}
[debug] [2026-06-28T18:35:44.282Z] [worker-us-central1-get_user_leagues-6bdf4c98-915d-4da9-bfbb-dca6962e309b]: IDLE {"metadata":{"emulator":{"name":"functions"},"function":{"name":"us-central1-get_user_leagues"},"extension":{},"message":"[worker-us-central1-get_user_leagues-6bdf4c98-915d-4da9-bfbb-dca6962e309b]: IDLE"}}
[debug] [2026-06-28T18:35:44.283Z] [worker-pool] submitRequest(triggerId=us-central1-get_user_leagues) {"metadata":{"emulator":{"name":"functions"},"message":"[worker-pool] submitRequest(triggerId=us-central1-get_user_leagues)"}}
[info] i  functions: Beginning execution of "us-central1-get_user_leagues" {"metadata":{"emulator":{"name":"functions"},"function":{"name":"us-central1-get_user_leagues"},"extension":{},"message":"Beginning execution of \"us-central1-get_user_leagues\""}}
[debug] [2026-06-28T18:35:44.283Z] [worker-us-central1-get_user_leagues-6bdf4c98-915d-4da9-bfbb-dca6962e309b]: BUSY {"metadata":{"emulator":{"name":"functions"},"function":{"name":"us-central1-get_user_leagues"},"extension":{},"message":"[worker-us-central1-get_user_leagues-6bdf4c98-915d-4da9-bfbb-dca6962e309b]: BUSY"}}
[debug] [2026-06-28T18:35:44.478Z] Finishing up request with event=pause {"metadata":{"emulator":{"name":"functions"},"function":{"name":"us-central1-get_user_leagues"},"extension":{},"message":"Finishing up request with event=pause"}}
[info] i  functions: Finished "us-central1-get_user_leagues" in 195.690333ms {"metadata":{"emulator":{"name":"functions"},"function":{"name":"us-central1-get_user_leagues"},"extension":{},"message":"Finished \"us-central1-get_user_leagues\" in 195.690333ms"}}
[debug] [2026-06-28T18:35:44.479Z] [worker-us-central1-get_user_leagues-6bdf4c98-915d-4da9-bfbb-dca6962e309b]: IDLE {"metadata":{"emulator":{"name":"functions"},"function":{"name":"us-central1-get_user_leagues"},"extension":{},"message":"[worker-us-central1-get_user_leagues-6bdf4c98-915d-4da9-bfbb-dca6962e309b]: IDLE"}}
[debug] [2026-06-28T18:35:44.479Z] Finishing up request with event=finish {"metadata":{"emulator":{"name":"functions"},"function":{"name":"us-central1-get_user_leagues"},"extension":{},"message":"Finishing up request with event=finish"}}
[debug] [2026-06-28T18:35:44.479Z] Finishing up request with event=close {"metadata":{"emulator":{"name":"functions"},"function":{"name":"us-central1-get_user_leagues"},"extension":{},"message":"Finishing up request with event=close"}}
[debug] [2026-06-28T18:35:44.479Z] [work-queue] {"queuedWork":[],"queueLength":0,"runningWork":[],"workRunningCount":0}
[debug] [2026-06-28T18:36:04.555Z] [work-queue] {"queuedWork":["/demo-no-project/us-central1/get_user_leagues-2026-06-28T18:36:04.555Z"],"queueLength":1,"runningWork":[],"workRunningCount":0}
[debug] [2026-06-28T18:36:04.556Z] [work-queue] {"queuedWork":[],"queueLength":0,"runningWork":["/demo-no-project/us-central1/get_user_leagues-2026-06-28T18:36:04.555Z"],"workRunningCount":1}
[debug] [2026-06-28T18:36:04.556Z] Accepted request GET /demo-no-project/us-central1/get_user_leagues?username=p4t0b4ll3rs --> us-central1-get_user_leagues
[debug] [2026-06-28T18:36:04.556Z] [functions] Runtime ready! Sending request! {"metadata":{"emulator":{"name":"functions"},"message":"[functions] Runtime ready! Sending request!"}}
[debug] [2026-06-28T18:36:04.557Z] [functions] Got req.url=/demo-no-project/us-central1/get_user_leagues?username=p4t0b4ll3rs, mapping to path=/?username=p4t0b4ll3rs {"metadata":{"emulator":{"name":"functions"},"message":"[functions] Got req.url=/demo-no-project/us-central1/get_user_leagues?username=p4t0b4ll3rs, mapping to path=/?username=p4t0b4ll3rs"}}
[debug] [2026-06-28T18:36:04.557Z] [worker-pool] submitRequest(triggerId=us-central1-get_user_leagues) {"metadata":{"emulator":{"name":"functions"},"message":"[worker-pool] submitRequest(triggerId=us-central1-get_user_leagues)"}}
[info] i  functions: Beginning execution of "us-central1-get_user_leagues" {"metadata":{"emulator":{"name":"functions"},"function":{"name":"us-central1-get_user_leagues"},"extension":{},"message":"Beginning execution of \"us-central1-get_user_leagues\""}}
[debug] [2026-06-28T18:36:04.557Z] [worker-us-central1-get_user_leagues-6bdf4c98-915d-4da9-bfbb-dca6962e309b]: BUSY {"metadata":{"emulator":{"name":"functions"},"function":{"name":"us-central1-get_user_leagues"},"extension":{},"message":"[worker-us-central1-get_user_leagues-6bdf4c98-915d-4da9-bfbb-dca6962e309b]: BUSY"}}
[debug] [2026-06-28T18:36:04.827Z] Finishing up request with event=pause {"metadata":{"emulator":{"name":"functions"},"function":{"name":"us-central1-get_user_leagues"},"extension":{},"message":"Finishing up request with event=pause"}}
[info] i  functions: Finished "us-central1-get_user_leagues" in 270.266625ms {"metadata":{"emulator":{"name":"functions"},"function":{"name":"us-central1-get_user_leagues"},"extension":{},"message":"Finished \"us-central1-get_user_leagues\" in 270.266625ms"}}
[debug] [2026-06-28T18:36:04.828Z] [worker-us-central1-get_user_leagues-6bdf4c98-915d-4da9-bfbb-dca6962e309b]: IDLE {"metadata":{"emulator":{"name":"functions"},"function":{"name":"us-central1-get_user_leagues"},"extension":{},"message":"[worker-us-central1-get_user_leagues-6bdf4c98-915d-4da9-bfbb-dca6962e309b]: IDLE"}}
[debug] [2026-06-28T18:36:04.828Z] Finishing up request with event=finish {"metadata":{"emulator":{"name":"functions"},"function":{"name":"us-central1-get_user_leagues"},"extension":{},"message":"Finishing up request with event=finish"}}
[debug] [2026-06-28T18:36:04.829Z] Finishing up request with event=close {"metadata":{"emulator":{"name":"functions"},"function":{"name":"us-central1-get_user_leagues"},"extension":{},"message":"Finishing up request with event=close"}}
[debug] [2026-06-28T18:36:04.829Z] [work-queue] {"queuedWork":[],"queueLength":0,"runningWork":[],"workRunningCount":0}
[debug] [2026-06-28T18:36:19.674Z] [work-queue] {"queuedWork":["/demo-no-project/us-central1/get_user_leagues-2026-06-28T18:36:19.674Z"],"queueLength":1,"runningWork":[],"workRunningCount":0}
[debug] [2026-06-28T18:36:19.674Z] [work-queue] {"queuedWork":[],"queueLength":0,"runningWork":["/demo-no-project/us-central1/get_user_leagues-2026-06-28T18:36:19.674Z"],"workRunningCount":1}
[debug] [2026-06-28T18:36:19.674Z] Accepted request GET /demo-no-project/us-central1/get_user_leagues?username=p4t0b4ll3rs --> us-central1-get_user_leagues
[debug] [2026-06-28T18:36:19.675Z] [functions] Runtime ready! Sending request! {"metadata":{"emulator":{"name":"functions"},"message":"[functions] Runtime ready! Sending request!"}}
[debug] [2026-06-28T18:36:19.677Z] [functions] Got req.url=/demo-no-project/us-central1/get_user_leagues?username=p4t0b4ll3rs, mapping to path=/?username=p4t0b4ll3rs {"metadata":{"emulator":{"name":"functions"},"message":"[functions] Got req.url=/demo-no-project/us-central1/get_user_leagues?username=p4t0b4ll3rs, mapping to path=/?username=p4t0b4ll3rs"}}
[debug] [2026-06-28T18:36:19.679Z] [worker-pool] submitRequest(triggerId=us-central1-get_user_leagues) {"metadata":{"emulator":{"name":"functions"},"message":"[worker-pool] submitRequest(triggerId=us-central1-get_user_leagues)"}}
[info] i  functions: Beginning execution of "us-central1-get_user_leagues" {"metadata":{"emulator":{"name":"functions"},"function":{"name":"us-central1-get_user_leagues"},"extension":{},"message":"Beginning execution of \"us-central1-get_user_leagues\""}}
[debug] [2026-06-28T18:36:19.681Z] [worker-us-central1-get_user_leagues-6bdf4c98-915d-4da9-bfbb-dca6962e309b]: BUSY {"metadata":{"emulator":{"name":"functions"},"function":{"name":"us-central1-get_user_leagues"},"extension":{},"message":"[worker-us-central1-get_user_leagues-6bdf4c98-915d-4da9-bfbb-dca6962e309b]: BUSY"}}
[debug] [2026-06-28T18:36:19.986Z] Finishing up request with event=pause {"metadata":{"emulator":{"name":"functions"},"function":{"name":"us-central1-get_user_leagues"},"extension":{},"message":"Finishing up request with event=pause"}}
[info] i  functions: Finished "us-central1-get_user_leagues" in 305.830709ms {"metadata":{"emulator":{"name":"functions"},"function":{"name":"us-central1-get_user_leagues"},"extension":{},"message":"Finished \"us-central1-get_user_leagues\" in 305.830709ms"}}
[debug] [2026-06-28T18:36:19.988Z] [worker-us-central1-get_user_leagues-6bdf4c98-915d-4da9-bfbb-dca6962e309b]: IDLE {"metadata":{"emulator":{"name":"functions"},"function":{"name":"us-central1-get_user_leagues"},"extension":{},"message":"[worker-us-central1-get_user_leagues-6bdf4c98-915d-4da9-bfbb-dca6962e309b]: IDLE"}}
[debug] [2026-06-28T18:36:19.988Z] Finishing up request with event=finish {"metadata":{"emulator":{"name":"functions"},"function":{"name":"us-central1-get_user_leagues"},"extension":{},"message":"Finishing up request with event=finish"}}
[debug] [2026-06-28T18:36:19.988Z] Finishing up request with event=close {"metadata":{"emulator":{"name":"functions"},"function":{"name":"us-central1-get_user_leagues"},"extension":{},"message":"Finishing up request with event=close"}}
[debug] [2026-06-28T18:36:19.988Z] [work-queue] {"queuedWork":[],"queueLength":0,"runningWork":[],"workRunningCount":0}
[debug] [2026-06-28T19:00:58.271Z] File /Users/patrickschmidt/github-projects/fantasy-sports-assistant/functions/api_core.py changed, reloading triggers {"metadata":{"emulator":{"name":"functions"},"message":"File /Users/patrickschmidt/github-projects/fantasy-sports-assistant/functions/api_core.py changed, reloading triggers"}}
[debug] [2026-06-28T19:00:59.272Z] Customer code is not Node
[debug] [2026-06-28T19:00:59.272Z] Validating python source
[debug] [2026-06-28T19:00:59.273Z] Building python source
[debug] [2026-06-28T19:00:59.273Z] Could not find functions.yaml. Must use http discovery
[debug] [2026-06-28T19:00:59.274Z] Running command with virtualenv: command=., args=["\"/Users/patrickschmidt/github-projects/fantasy-sports-assistant/functions/venv/bin/activate\"","&&","python3.14","-c","\"import firebase_functions; import os; print(os.path.dirname(firebase_functions.__file__))\""]
[debug] [2026-06-28T19:00:59.311Z] stdout: /Users/patrickschmidt/github-projects/fantasy-sports-assistant/functions/venv/lib/python3.14/site-packages/firebase_functions

[debug] [2026-06-28T19:00:59.314Z] Running admin server with args: ["python3.14","\"/Users/patrickschmidt/github-projects/fantasy-sports-assistant/functions/venv/lib/python3.14/site-packages/firebase_functions/private/serving.py\""] and env: {"GCLOUD_PROJECT":"demo-no-project","K_REVISION":"1","PORT":"80","GOOGLE_CLOUD_QUOTA_PROJECT":"demo-no-project","FUNCTIONS_EMULATOR":"true","TZ":"UTC","FIREBASE_DEBUG_MODE":"true","FIREBASE_DEBUG_FEATURES":"{\"skipTokenVerification\":true,\"enableCors\":true}","FIREBASE_EMULATOR_HUB":"127.0.0.1:4400","CLOUD_EVENTARC_EMULATOR_HOST":"http://127.0.0.1:9299","CLOUD_TASKS_EMULATOR_HOST":"127.0.0.1:9499","FIREBASE_CONFIG":"{\"storageBucket\":\"demo-no-project.appspot.com\",\"databaseURL\":\"https://demo-no-project.firebaseio.com\",\"projectId\":\"demo-no-project\"}","GOOGLE_APPLICATION_CREDENTIALS":"/Users/patrickschmidt/.config/firebase/patrick_schmidt.mail_gmail.com_application_default_credentials.json","ADMIN_PORT":"8081"} in /Users/patrickschmidt/github-projects/fantasy-sports-assistant/functions
[debug] [2026-06-28T19:00:59.315Z] Running command with virtualenv: command=., args=["\"/Users/patrickschmidt/github-projects/fantasy-sports-assistant/functions/venv/bin/activate\"","&&","python3.14","\"/Users/patrickschmidt/github-projects/fantasy-sports-assistant/functions/venv/lib/python3.14/site-packages/firebase_functions/private/serving.py\""]
[info]  * Serving Flask app 'serving'
 * Debug mode: off

[error] WARNING: This is a development server. Do not use it in a production deployment. Use a production WSGI server instead.
 * Running on http://127.0.0.1:8081

[error] Press CTRL+C to quit

[error] 127.0.0.1 - - [28/Jun/2026 19:00:59] "GET /__/functions.yaml HTTP/1.1" 200 -

[debug] [2026-06-28T19:00:59.829Z] Got response from /__/functions.yaml endpoints:
  analyze_waivers:
    availableMemoryMb: null
    concurrency: null
    entryPoint: analyze_waivers
    httpsTrigger: {}
    ingressSettings: null
    labels: {}
    maxInstances: null
    minInstances: null
    platform: gcfv2
    secretEnvironmentVariables: []
    serviceAccountEmail: null
    timeoutSeconds: null
  get_league_rosters:
    availableMemoryMb: null
    concurrency: null
    entryPoint: get_league_rosters
    httpsTrigger: {}
    ingressSettings: null
    labels: {}
    maxInstances: null
    minInstances: null
    platform: gcfv2
    secretEnvironmentVariables: []
    serviceAccountEmail: null
    timeoutSeconds: null
  get_league_users:
    availableMemoryMb: null
    concurrency: null
    entryPoint: get_league_users
    httpsTrigger: {}
    ingressSettings: null
    labels: {}
    maxInstances: null
    minInstances: null
    platform: gcfv2
    secretEnvironmentVariables: []
    serviceAccountEmail: null
    timeoutSeconds: null
  get_user_leagues:
    availableMemoryMb: null
    concurrency: null
    entryPoint: get_user_leagues
    httpsTrigger: {}
    ingressSettings: null
    labels: {}
    maxInstances: null
    minInstances: null
    platform: gcfv2
    secretEnvironmentVariables: []
    serviceAccountEmail: null
    timeoutSeconds: null
params: []
requiredAPIs: []
specVersion: v1alpha1

[error] 127.0.0.1 - - [28/Jun/2026 19:00:59] "GET /__/quitquitquit HTTP/1.1" 200 -

[error] /bin/sh: line 1: 67015 Terminated: 15          python3.14 "/Users/patrickschmidt/github-projects/fantasy-sports-assistant/functions/venv/lib/python3.14/site-packages/firebase_functions/private/serving.py"

[info] ✔  functions: Loaded functions definitions from source: analyze_waivers, get_league_rosters, get_league_users, get_user_leagues. {"metadata":{"emulator":{"name":"functions"},"message":"Loaded functions definitions from source: analyze_waivers, get_league_rosters, get_league_users, get_user_leagues."}}
[debug] [2026-06-28T19:00:59.833Z] [worker-pool] Shutting down IDLE worker (us-central1-get_user_leagues) {"metadata":{"emulator":{"name":"functions"},"message":"[worker-pool] Shutting down IDLE worker (us-central1-get_user_leagues)"}}
[debug] [2026-06-28T19:00:59.833Z] [worker-us-central1-get_user_leagues-6bdf4c98-915d-4da9-bfbb-dca6962e309b]: FINISHING {"metadata":{"emulator":{"name":"functions"},"function":{"name":"us-central1-get_user_leagues"},"extension":{},"message":"[worker-us-central1-get_user_leagues-6bdf4c98-915d-4da9-bfbb-dca6962e309b]: FINISHING"}}
[debug] [2026-06-28T19:00:59.834Z] [worker-us-central1-get_user_leagues-6bdf4c98-915d-4da9-bfbb-dca6962e309b]: exited {"metadata":{"emulator":{"name":"functions"},"function":{"name":"us-central1-get_user_leagues"},"extension":{},"message":"[worker-us-central1-get_user_leagues-6bdf4c98-915d-4da9-bfbb-dca6962e309b]: exited"}}
[debug] [2026-06-28T19:00:59.834Z] [worker-us-central1-get_user_leagues-6bdf4c98-915d-4da9-bfbb-dca6962e309b]: FINISHED {"metadata":{"emulator":{"name":"functions"},"function":{"name":"us-central1-get_user_leagues"},"extension":{},"message":"[worker-us-central1-get_user_leagues-6bdf4c98-915d-4da9-bfbb-dca6962e309b]: FINISHED"}}
[debug] [2026-06-28T19:00:59.838Z] File /Users/patrickschmidt/github-projects/fantasy-sports-assistant/functions/__pycache__/api_core.cpython-314.pyc changed, reloading triggers {"metadata":{"emulator":{"name":"functions"},"message":"File /Users/patrickschmidt/github-projects/fantasy-sports-assistant/functions/__pycache__/api_core.cpython-314.pyc changed, reloading triggers"}}
[debug] [2026-06-28T19:01:00.838Z] Customer code is not Node
[debug] [2026-06-28T19:01:00.839Z] Validating python source
[debug] [2026-06-28T19:01:00.839Z] Building python source
[debug] [2026-06-28T19:01:00.839Z] Could not find functions.yaml. Must use http discovery
[debug] [2026-06-28T19:01:00.841Z] Running command with virtualenv: command=., args=["\"/Users/patrickschmidt/github-projects/fantasy-sports-assistant/functions/venv/bin/activate\"","&&","python3.14","-c","\"import firebase_functions; import os; print(os.path.dirname(firebase_functions.__file__))\""]
[debug] [2026-06-28T19:01:00.877Z] stdout: /Users/patrickschmidt/github-projects/fantasy-sports-assistant/functions/venv/lib/python3.14/site-packages/firebase_functions

[debug] [2026-06-28T19:01:00.879Z] Running admin server with args: ["python3.14","\"/Users/patrickschmidt/github-projects/fantasy-sports-assistant/functions/venv/lib/python3.14/site-packages/firebase_functions/private/serving.py\""] and env: {"GCLOUD_PROJECT":"demo-no-project","K_REVISION":"1","PORT":"80","GOOGLE_CLOUD_QUOTA_PROJECT":"demo-no-project","FUNCTIONS_EMULATOR":"true","TZ":"UTC","FIREBASE_DEBUG_MODE":"true","FIREBASE_DEBUG_FEATURES":"{\"skipTokenVerification\":true,\"enableCors\":true}","FIREBASE_EMULATOR_HUB":"127.0.0.1:4400","CLOUD_EVENTARC_EMULATOR_HOST":"http://127.0.0.1:9299","CLOUD_TASKS_EMULATOR_HOST":"127.0.0.1:9499","FIREBASE_CONFIG":"{\"storageBucket\":\"demo-no-project.appspot.com\",\"databaseURL\":\"https://demo-no-project.firebaseio.com\",\"projectId\":\"demo-no-project\"}","GOOGLE_APPLICATION_CREDENTIALS":"/Users/patrickschmidt/.config/firebase/patrick_schmidt.mail_gmail.com_application_default_credentials.json","ADMIN_PORT":"8081"} in /Users/patrickschmidt/github-projects/fantasy-sports-assistant/functions
[debug] [2026-06-28T19:01:00.879Z] Running command with virtualenv: command=., args=["\"/Users/patrickschmidt/github-projects/fantasy-sports-assistant/functions/venv/bin/activate\"","&&","python3.14","\"/Users/patrickschmidt/github-projects/fantasy-sports-assistant/functions/venv/lib/python3.14/site-packages/firebase_functions/private/serving.py\""]
[info]  * Serving Flask app 'serving'
 * Debug mode: off

[error] WARNING: This is a development server. Do not use it in a production deployment. Use a production WSGI server instead.
 * Running on http://127.0.0.1:8081

[error] Press CTRL+C to quit

[error] 127.0.0.1 - - [28/Jun/2026 19:01:01] "GET /__/functions.yaml HTTP/1.1" 200 -

[debug] [2026-06-28T19:01:01.397Z] Got response from /__/functions.yaml endpoints:
  analyze_waivers:
    availableMemoryMb: null
    concurrency: null
    entryPoint: analyze_waivers
    httpsTrigger: {}
    ingressSettings: null
    labels: {}
    maxInstances: null
    minInstances: null
    platform: gcfv2
    secretEnvironmentVariables: []
    serviceAccountEmail: null
    timeoutSeconds: null
  get_league_rosters:
    availableMemoryMb: null
    concurrency: null
    entryPoint: get_league_rosters
    httpsTrigger: {}
    ingressSettings: null
    labels: {}
    maxInstances: null
    minInstances: null
    platform: gcfv2
    secretEnvironmentVariables: []
    serviceAccountEmail: null
    timeoutSeconds: null
  get_league_users:
    availableMemoryMb: null
    concurrency: null
    entryPoint: get_league_users
    httpsTrigger: {}
    ingressSettings: null
    labels: {}
    maxInstances: null
    minInstances: null
    platform: gcfv2
    secretEnvironmentVariables: []
    serviceAccountEmail: null
    timeoutSeconds: null
  get_user_leagues:
    availableMemoryMb: null
    concurrency: null
    entryPoint: get_user_leagues
    httpsTrigger: {}
    ingressSettings: null
    labels: {}
    maxInstances: null
    minInstances: null
    platform: gcfv2
    secretEnvironmentVariables: []
    serviceAccountEmail: null
    timeoutSeconds: null
params: []
requiredAPIs: []
specVersion: v1alpha1

[error] 127.0.0.1 - - [28/Jun/2026 19:01:01] "GET /__/quitquitquit HTTP/1.1" 200 -

[error] /bin/sh: line 1: 67024 Terminated: 15          python3.14 "/Users/patrickschmidt/github-projects/fantasy-sports-assistant/functions/venv/lib/python3.14/site-packages/firebase_functions/private/serving.py"

[info] ✔  functions: Loaded functions definitions from source: analyze_waivers, get_league_rosters, get_league_users, get_user_leagues. {"metadata":{"emulator":{"name":"functions"},"message":"Loaded functions definitions from source: analyze_waivers, get_league_rosters, get_league_users, get_user_leagues."}}
[debug] [2026-06-28T19:05:04.856Z] [work-queue] {"queuedWork":["/demo-no-project/us-central1/get_user_leagues-2026-06-28T19:05:04.856Z"],"queueLength":1,"runningWork":[],"workRunningCount":0}
[debug] [2026-06-28T19:05:04.857Z] [work-queue] {"queuedWork":[],"queueLength":0,"runningWork":["/demo-no-project/us-central1/get_user_leagues-2026-06-28T19:05:04.856Z"],"workRunningCount":1}
[debug] [2026-06-28T19:05:04.857Z] Accepted request GET /demo-no-project/us-central1/get_user_leagues?username=p4t0b4ll3rs --> us-central1-get_user_leagues
[debug] [2026-06-28T19:05:04.858Z] [functions] Runtime ready! Sending request! {"metadata":{"emulator":{"name":"functions"},"message":"[functions] Runtime ready! Sending request!"}}
[debug] [2026-06-28T19:05:04.858Z] [functions] Got req.url=/demo-no-project/us-central1/get_user_leagues?username=p4t0b4ll3rs, mapping to path=/?username=p4t0b4ll3rs {"metadata":{"emulator":{"name":"functions"},"message":"[functions] Got req.url=/demo-no-project/us-central1/get_user_leagues?username=p4t0b4ll3rs, mapping to path=/?username=p4t0b4ll3rs"}}
[debug] [2026-06-28T19:05:04.858Z] [worker-pool] Cleaned up workers for us-central1-get_user_leagues: 1 --> 0 {"metadata":{"emulator":{"name":"functions"},"message":"[worker-pool] Cleaned up workers for us-central1-get_user_leagues: 1 --> 0"}}
[debug] [2026-06-28T19:05:04.860Z] Running command with virtualenv: command=., args=["\"/Users/patrickschmidt/github-projects/fantasy-sports-assistant/functions/venv/bin/activate\"","&&","functions-framework"]
[debug] [2026-06-28T19:05:04.862Z] [worker-pool] addWorker(us-central1-get_user_leagues) {"metadata":{"emulator":{"name":"functions"},"message":"[worker-pool] addWorker(us-central1-get_user_leagues)"}}
[debug] [2026-06-28T19:05:04.862Z] [worker-pool] Adding worker with key us-central1-get_user_leagues, total=1 {"metadata":{"emulator":{"name":"functions"},"message":"[worker-pool] Adding worker with key us-central1-get_user_leagues, total=1"}}
[debug] [2026-06-28T19:05:05.170Z] [worker-us-central1-get_user_leagues-cc7de020-32e7-4b68-8cd8-c67e6290f5d1]: IDLE {"metadata":{"emulator":{"name":"functions"},"function":{"name":"us-central1-get_user_leagues"},"extension":{},"message":"[worker-us-central1-get_user_leagues-cc7de020-32e7-4b68-8cd8-c67e6290f5d1]: IDLE"}}
[debug] [2026-06-28T19:05:05.170Z] [worker-pool] submitRequest(triggerId=us-central1-get_user_leagues) {"metadata":{"emulator":{"name":"functions"},"message":"[worker-pool] submitRequest(triggerId=us-central1-get_user_leagues)"}}
[info] i  functions: Beginning execution of "us-central1-get_user_leagues" {"metadata":{"emulator":{"name":"functions"},"function":{"name":"us-central1-get_user_leagues"},"extension":{},"message":"Beginning execution of \"us-central1-get_user_leagues\""}}
[debug] [2026-06-28T19:05:05.170Z] [worker-us-central1-get_user_leagues-cc7de020-32e7-4b68-8cd8-c67e6290f5d1]: BUSY {"metadata":{"emulator":{"name":"functions"},"function":{"name":"us-central1-get_user_leagues"},"extension":{},"message":"[worker-us-central1-get_user_leagues-cc7de020-32e7-4b68-8cd8-c67e6290f5d1]: BUSY"}}
[debug] [2026-06-28T19:05:05.686Z] Finishing up request with event=pause {"metadata":{"emulator":{"name":"functions"},"function":{"name":"us-central1-get_user_leagues"},"extension":{},"message":"Finishing up request with event=pause"}}
[info] i  functions: Finished "us-central1-get_user_leagues" in 516.327417ms {"metadata":{"emulator":{"name":"functions"},"function":{"name":"us-central1-get_user_leagues"},"extension":{},"message":"Finished \"us-central1-get_user_leagues\" in 516.327417ms"}}
[debug] [2026-06-28T19:05:05.687Z] [worker-us-central1-get_user_leagues-cc7de020-32e7-4b68-8cd8-c67e6290f5d1]: IDLE {"metadata":{"emulator":{"name":"functions"},"function":{"name":"us-central1-get_user_leagues"},"extension":{},"message":"[worker-us-central1-get_user_leagues-cc7de020-32e7-4b68-8cd8-c67e6290f5d1]: IDLE"}}
[debug] [2026-06-28T19:05:05.687Z] Finishing up request with event=finish {"metadata":{"emulator":{"name":"functions"},"function":{"name":"us-central1-get_user_leagues"},"extension":{},"message":"Finishing up request with event=finish"}}
[debug] [2026-06-28T19:05:05.687Z] Finishing up request with event=close {"metadata":{"emulator":{"name":"functions"},"function":{"name":"us-central1-get_user_leagues"},"extension":{},"message":"Finishing up request with event=close"}}
[debug] [2026-06-28T19:05:05.687Z] [work-queue] {"queuedWork":[],"queueLength":0,"runningWork":[],"workRunningCount":0}
[debug] [2026-06-28T19:05:07.531Z] [work-queue] {"queuedWork":["/demo-no-project/us-central1/analyze_waivers-2026-06-28T19:05:07.531Z"],"queueLength":1,"runningWork":[],"workRunningCount":0}
[debug] [2026-06-28T19:05:07.531Z] [work-queue] {"queuedWork":[],"queueLength":0,"runningWork":["/demo-no-project/us-central1/analyze_waivers-2026-06-28T19:05:07.531Z"],"workRunningCount":1}
[debug] [2026-06-28T19:05:07.531Z] Accepted request GET /demo-no-project/us-central1/analyze_waivers?username=p4t0b4ll3rs&league_id=1312666231035138048 --> us-central1-analyze_waivers
[debug] [2026-06-28T19:05:07.531Z] [functions] Runtime ready! Sending request! {"metadata":{"emulator":{"name":"functions"},"message":"[functions] Runtime ready! Sending request!"}}
[debug] [2026-06-28T19:05:07.531Z] [functions] Got req.url=/demo-no-project/us-central1/analyze_waivers?username=p4t0b4ll3rs&league_id=1312666231035138048, mapping to path=/?username=p4t0b4ll3rs&league_id=1312666231035138048 {"metadata":{"emulator":{"name":"functions"},"message":"[functions] Got req.url=/demo-no-project/us-central1/analyze_waivers?username=p4t0b4ll3rs&league_id=1312666231035138048, mapping to path=/?username=p4t0b4ll3rs&league_id=1312666231035138048"}}
[debug] [2026-06-28T19:05:07.532Z] Running command with virtualenv: command=., args=["\"/Users/patrickschmidt/github-projects/fantasy-sports-assistant/functions/venv/bin/activate\"","&&","functions-framework"]
[debug] [2026-06-28T19:05:07.533Z] [worker-pool] addWorker(us-central1-analyze_waivers) {"metadata":{"emulator":{"name":"functions"},"message":"[worker-pool] addWorker(us-central1-analyze_waivers)"}}
[debug] [2026-06-28T19:05:07.533Z] [worker-pool] Adding worker with key us-central1-analyze_waivers, total=1 {"metadata":{"emulator":{"name":"functions"},"message":"[worker-pool] Adding worker with key us-central1-analyze_waivers, total=1"}}
[debug] [2026-06-28T19:05:07.534Z] [work-queue] {"queuedWork":["/demo-no-project/us-central1/analyze_waivers-2026-06-28T19:05:07.534Z"],"queueLength":1,"runningWork":["/demo-no-project/us-central1/analyze_waivers-2026-06-28T19:05:07.531Z"],"workRunningCount":1}
[debug] [2026-06-28T19:05:07.534Z] [work-queue] {"queuedWork":[],"queueLength":0,"runningWork":["/demo-no-project/us-central1/analyze_waivers-2026-06-28T19:05:07.531Z","/demo-no-project/us-central1/analyze_waivers-2026-06-28T19:05:07.534Z"],"workRunningCount":2}
[debug] [2026-06-28T19:05:07.534Z] Accepted request GET /demo-no-project/us-central1/analyze_waivers?username=p4t0b4ll3rs&league_id=1312666231035138048 --> us-central1-analyze_waivers
[debug] [2026-06-28T19:05:07.534Z] [functions] Runtime ready! Sending request! {"metadata":{"emulator":{"name":"functions"},"message":"[functions] Runtime ready! Sending request!"}}
[debug] [2026-06-28T19:05:07.534Z] [functions] Got req.url=/demo-no-project/us-central1/analyze_waivers?username=p4t0b4ll3rs&league_id=1312666231035138048, mapping to path=/?username=p4t0b4ll3rs&league_id=1312666231035138048 {"metadata":{"emulator":{"name":"functions"},"message":"[functions] Got req.url=/demo-no-project/us-central1/analyze_waivers?username=p4t0b4ll3rs&league_id=1312666231035138048, mapping to path=/?username=p4t0b4ll3rs&league_id=1312666231035138048"}}
[debug] [2026-06-28T19:05:07.535Z] Running command with virtualenv: command=., args=["\"/Users/patrickschmidt/github-projects/fantasy-sports-assistant/functions/venv/bin/activate\"","&&","functions-framework"]
[debug] [2026-06-28T19:05:07.536Z] [worker-pool] addWorker(us-central1-analyze_waivers) {"metadata":{"emulator":{"name":"functions"},"message":"[worker-pool] addWorker(us-central1-analyze_waivers)"}}
[debug] [2026-06-28T19:05:07.536Z] [worker-pool] Adding worker with key us-central1-analyze_waivers, total=2 {"metadata":{"emulator":{"name":"functions"},"message":"[worker-pool] Adding worker with key us-central1-analyze_waivers, total=2"}}
[debug] [2026-06-28T19:05:07.842Z] [worker-us-central1-analyze_waivers-1716c013-4d06-4a79-81db-928f17d31033]: IDLE {"metadata":{"emulator":{"name":"functions"},"function":{"name":"us-central1-analyze_waivers"},"extension":{},"message":"[worker-us-central1-analyze_waivers-1716c013-4d06-4a79-81db-928f17d31033]: IDLE"}}
[debug] [2026-06-28T19:05:07.842Z] [worker-pool] submitRequest(triggerId=us-central1-analyze_waivers) {"metadata":{"emulator":{"name":"functions"},"message":"[worker-pool] submitRequest(triggerId=us-central1-analyze_waivers)"}}
[info] i  functions: Beginning execution of "us-central1-analyze_waivers" {"metadata":{"emulator":{"name":"functions"},"function":{"name":"us-central1-analyze_waivers"},"extension":{},"message":"Beginning execution of \"us-central1-analyze_waivers\""}}
[debug] [2026-06-28T19:05:07.842Z] [worker-us-central1-analyze_waivers-1716c013-4d06-4a79-81db-928f17d31033]: BUSY {"metadata":{"emulator":{"name":"functions"},"function":{"name":"us-central1-analyze_waivers"},"extension":{},"message":"[worker-us-central1-analyze_waivers-1716c013-4d06-4a79-81db-928f17d31033]: BUSY"}}
[debug] [2026-06-28T19:05:07.842Z] [worker-us-central1-analyze_waivers-bd923892-137c-4f07-88f7-5b0b506a23ce]: IDLE {"metadata":{"emulator":{"name":"functions"},"function":{"name":"us-central1-analyze_waivers"},"extension":{},"message":"[worker-us-central1-analyze_waivers-bd923892-137c-4f07-88f7-5b0b506a23ce]: IDLE"}}
[debug] [2026-06-28T19:05:07.842Z] [worker-pool] submitRequest(triggerId=us-central1-analyze_waivers) {"metadata":{"emulator":{"name":"functions"},"message":"[worker-pool] submitRequest(triggerId=us-central1-analyze_waivers)"}}
[info] i  functions: Beginning execution of "us-central1-analyze_waivers" {"metadata":{"emulator":{"name":"functions"},"function":{"name":"us-central1-analyze_waivers"},"extension":{},"message":"Beginning execution of \"us-central1-analyze_waivers\""}}
[debug] [2026-06-28T19:05:07.842Z] [worker-us-central1-analyze_waivers-bd923892-137c-4f07-88f7-5b0b506a23ce]: BUSY {"metadata":{"emulator":{"name":"functions"},"function":{"name":"us-central1-analyze_waivers"},"extension":{},"message":"[worker-us-central1-analyze_waivers-bd923892-137c-4f07-88f7-5b0b506a23ce]: BUSY"}}
[debug] [2026-06-28T19:05:08.648Z] Finishing up request with event=pause {"metadata":{"emulator":{"name":"functions"},"function":{"name":"us-central1-analyze_waivers"},"extension":{},"message":"Finishing up request with event=pause"}}
[info] i  functions: Finished "us-central1-analyze_waivers" in 805.214208ms {"metadata":{"emulator":{"name":"functions"},"function":{"name":"us-central1-analyze_waivers"},"extension":{},"message":"Finished \"us-central1-analyze_waivers\" in 805.214208ms"}}
[debug] [2026-06-28T19:05:08.648Z] [worker-us-central1-analyze_waivers-bd923892-137c-4f07-88f7-5b0b506a23ce]: IDLE {"metadata":{"emulator":{"name":"functions"},"function":{"name":"us-central1-analyze_waivers"},"extension":{},"message":"[worker-us-central1-analyze_waivers-bd923892-137c-4f07-88f7-5b0b506a23ce]: IDLE"}}
[debug] [2026-06-28T19:05:08.648Z] Finishing up request with event=finish {"metadata":{"emulator":{"name":"functions"},"function":{"name":"us-central1-analyze_waivers"},"extension":{},"message":"Finishing up request with event=finish"}}
[debug] [2026-06-28T19:05:08.648Z] Finishing up request with event=close {"metadata":{"emulator":{"name":"functions"},"function":{"name":"us-central1-analyze_waivers"},"extension":{},"message":"Finishing up request with event=close"}}
[debug] [2026-06-28T19:05:08.648Z] [work-queue] {"queuedWork":[],"queueLength":0,"runningWork":["/demo-no-project/us-central1/analyze_waivers-2026-06-28T19:05:07.534Z"],"workRunningCount":1}
[debug] [2026-06-28T19:05:08.651Z] Finishing up request with event=pause {"metadata":{"emulator":{"name":"functions"},"function":{"name":"us-central1-analyze_waivers"},"extension":{},"message":"Finishing up request with event=pause"}}
[info] i  functions: Finished "us-central1-analyze_waivers" in 808.582541ms {"metadata":{"emulator":{"name":"functions"},"function":{"name":"us-central1-analyze_waivers"},"extension":{},"message":"Finished \"us-central1-analyze_waivers\" in 808.582541ms"}}
[debug] [2026-06-28T19:05:08.651Z] [worker-us-central1-analyze_waivers-1716c013-4d06-4a79-81db-928f17d31033]: IDLE {"metadata":{"emulator":{"name":"functions"},"function":{"name":"us-central1-analyze_waivers"},"extension":{},"message":"[worker-us-central1-analyze_waivers-1716c013-4d06-4a79-81db-928f17d31033]: IDLE"}}
[debug] [2026-06-28T19:05:08.651Z] Finishing up request with event=finish {"metadata":{"emulator":{"name":"functions"},"function":{"name":"us-central1-analyze_waivers"},"extension":{},"message":"Finishing up request with event=finish"}}
[debug] [2026-06-28T19:05:08.651Z] Finishing up request with event=close {"metadata":{"emulator":{"name":"functions"},"function":{"name":"us-central1-analyze_waivers"},"extension":{},"message":"Finishing up request with event=close"}}
[debug] [2026-06-28T19:05:08.651Z] [work-queue] {"queuedWork":[],"queueLength":0,"runningWork":[],"workRunningCount":0}
[debug] [2026-06-28T19:10:21.021Z] File /Users/patrickschmidt/github-projects/fantasy-sports-assistant/functions/api_core.py changed, reloading triggers {"metadata":{"emulator":{"name":"functions"},"message":"File /Users/patrickschmidt/github-projects/fantasy-sports-assistant/functions/api_core.py changed, reloading triggers"}}
[debug] [2026-06-28T19:10:22.022Z] Customer code is not Node
[debug] [2026-06-28T19:10:22.023Z] Validating python source
[debug] [2026-06-28T19:10:22.023Z] Building python source
[debug] [2026-06-28T19:10:22.023Z] Could not find functions.yaml. Must use http discovery
[debug] [2026-06-28T19:10:22.023Z] Running command with virtualenv: command=., args=["\"/Users/patrickschmidt/github-projects/fantasy-sports-assistant/functions/venv/bin/activate\"","&&","python3.14","-c","\"import firebase_functions; import os; print(os.path.dirname(firebase_functions.__file__))\""]
[debug] [2026-06-28T19:10:22.062Z] stdout: /Users/patrickschmidt/github-projects/fantasy-sports-assistant/functions/venv/lib/python3.14/site-packages/firebase_functions

[debug] [2026-06-28T19:10:22.065Z] Running admin server with args: ["python3.14","\"/Users/patrickschmidt/github-projects/fantasy-sports-assistant/functions/venv/lib/python3.14/site-packages/firebase_functions/private/serving.py\""] and env: {"GCLOUD_PROJECT":"demo-no-project","K_REVISION":"1","PORT":"80","GOOGLE_CLOUD_QUOTA_PROJECT":"demo-no-project","FUNCTIONS_EMULATOR":"true","TZ":"UTC","FIREBASE_DEBUG_MODE":"true","FIREBASE_DEBUG_FEATURES":"{\"skipTokenVerification\":true,\"enableCors\":true}","FIREBASE_EMULATOR_HUB":"127.0.0.1:4400","CLOUD_EVENTARC_EMULATOR_HOST":"http://127.0.0.1:9299","CLOUD_TASKS_EMULATOR_HOST":"127.0.0.1:9499","FIREBASE_CONFIG":"{\"storageBucket\":\"demo-no-project.appspot.com\",\"databaseURL\":\"https://demo-no-project.firebaseio.com\",\"projectId\":\"demo-no-project\"}","GOOGLE_APPLICATION_CREDENTIALS":"/Users/patrickschmidt/.config/firebase/patrick_schmidt.mail_gmail.com_application_default_credentials.json","ADMIN_PORT":"8081"} in /Users/patrickschmidt/github-projects/fantasy-sports-assistant/functions
[debug] [2026-06-28T19:10:22.065Z] Running command with virtualenv: command=., args=["\"/Users/patrickschmidt/github-projects/fantasy-sports-assistant/functions/venv/bin/activate\"","&&","python3.14","\"/Users/patrickschmidt/github-projects/fantasy-sports-assistant/functions/venv/lib/python3.14/site-packages/firebase_functions/private/serving.py\""]
[info]  * Serving Flask app 'serving'
 * Debug mode: off

[error] WARNING: This is a development server. Do not use it in a production deployment. Use a production WSGI server instead.
 * Running on http://127.0.0.1:8081

[error] Press CTRL+C to quit

[error] 127.0.0.1 - - [28/Jun/2026 19:10:22] "GET /__/functions.yaml HTTP/1.1" 200 -

[debug] [2026-06-28T19:10:22.577Z] Got response from /__/functions.yaml endpoints:
  analyze_waivers:
    availableMemoryMb: null
    concurrency: null
    entryPoint: analyze_waivers
    httpsTrigger: {}
    ingressSettings: null
    labels: {}
    maxInstances: null
    minInstances: null
    platform: gcfv2
    secretEnvironmentVariables: []
    serviceAccountEmail: null
    timeoutSeconds: null
  get_league_rosters:
    availableMemoryMb: null
    concurrency: null
    entryPoint: get_league_rosters
    httpsTrigger: {}
    ingressSettings: null
    labels: {}
    maxInstances: null
    minInstances: null
    platform: gcfv2
    secretEnvironmentVariables: []
    serviceAccountEmail: null
    timeoutSeconds: null
  get_league_users:
    availableMemoryMb: null
    concurrency: null
    entryPoint: get_league_users
    httpsTrigger: {}
    ingressSettings: null
    labels: {}
    maxInstances: null
    minInstances: null
    platform: gcfv2
    secretEnvironmentVariables: []
    serviceAccountEmail: null
    timeoutSeconds: null
  get_user_leagues:
    availableMemoryMb: null
    concurrency: null
    entryPoint: get_user_leagues
    httpsTrigger: {}
    ingressSettings: null
    labels: {}
    maxInstances: null
    minInstances: null
    platform: gcfv2
    secretEnvironmentVariables: []
    serviceAccountEmail: null
    timeoutSeconds: null
params: []
requiredAPIs: []
specVersion: v1alpha1

[error] 127.0.0.1 - - [28/Jun/2026 19:10:22] "GET /__/quitquitquit HTTP/1.1" 200 -

[error] /bin/sh: line 1: 67197 Terminated: 15          python3.14 "/Users/patrickschmidt/github-projects/fantasy-sports-assistant/functions/venv/lib/python3.14/site-packages/firebase_functions/private/serving.py"

[info] ✔  functions: Loaded functions definitions from source: analyze_waivers, get_league_rosters, get_league_users, get_user_leagues. {"metadata":{"emulator":{"name":"functions"},"message":"Loaded functions definitions from source: analyze_waivers, get_league_rosters, get_league_users, get_user_leagues."}}
[debug] [2026-06-28T19:10:22.582Z] [worker-pool] Shutting down IDLE worker (us-central1-get_user_leagues) {"metadata":{"emulator":{"name":"functions"},"message":"[worker-pool] Shutting down IDLE worker (us-central1-get_user_leagues)"}}
[debug] [2026-06-28T19:10:22.582Z] [worker-us-central1-get_user_leagues-cc7de020-32e7-4b68-8cd8-c67e6290f5d1]: FINISHING {"metadata":{"emulator":{"name":"functions"},"function":{"name":"us-central1-get_user_leagues"},"extension":{},"message":"[worker-us-central1-get_user_leagues-cc7de020-32e7-4b68-8cd8-c67e6290f5d1]: FINISHING"}}
[debug] [2026-06-28T19:10:22.582Z] [worker-pool] Shutting down IDLE worker (us-central1-analyze_waivers) {"metadata":{"emulator":{"name":"functions"},"message":"[worker-pool] Shutting down IDLE worker (us-central1-analyze_waivers)"}}
[debug] [2026-06-28T19:10:22.582Z] [worker-us-central1-analyze_waivers-bd923892-137c-4f07-88f7-5b0b506a23ce]: FINISHING {"metadata":{"emulator":{"name":"functions"},"function":{"name":"us-central1-analyze_waivers"},"extension":{},"message":"[worker-us-central1-analyze_waivers-bd923892-137c-4f07-88f7-5b0b506a23ce]: FINISHING"}}
[debug] [2026-06-28T19:10:22.582Z] [worker-pool] Shutting down IDLE worker (us-central1-analyze_waivers) {"metadata":{"emulator":{"name":"functions"},"message":"[worker-pool] Shutting down IDLE worker (us-central1-analyze_waivers)"}}
[debug] [2026-06-28T19:10:22.582Z] [worker-us-central1-analyze_waivers-1716c013-4d06-4a79-81db-928f17d31033]: FINISHING {"metadata":{"emulator":{"name":"functions"},"function":{"name":"us-central1-analyze_waivers"},"extension":{},"message":"[worker-us-central1-analyze_waivers-1716c013-4d06-4a79-81db-928f17d31033]: FINISHING"}}
[debug] [2026-06-28T19:10:22.582Z] [worker-us-central1-get_user_leagues-cc7de020-32e7-4b68-8cd8-c67e6290f5d1]: exited {"metadata":{"emulator":{"name":"functions"},"function":{"name":"us-central1-get_user_leagues"},"extension":{},"message":"[worker-us-central1-get_user_leagues-cc7de020-32e7-4b68-8cd8-c67e6290f5d1]: exited"}}
[debug] [2026-06-28T19:10:22.582Z] [worker-us-central1-get_user_leagues-cc7de020-32e7-4b68-8cd8-c67e6290f5d1]: FINISHED {"metadata":{"emulator":{"name":"functions"},"function":{"name":"us-central1-get_user_leagues"},"extension":{},"message":"[worker-us-central1-get_user_leagues-cc7de020-32e7-4b68-8cd8-c67e6290f5d1]: FINISHED"}}
[debug] [2026-06-28T19:10:22.583Z] [worker-us-central1-analyze_waivers-bd923892-137c-4f07-88f7-5b0b506a23ce]: exited {"metadata":{"emulator":{"name":"functions"},"function":{"name":"us-central1-analyze_waivers"},"extension":{},"message":"[worker-us-central1-analyze_waivers-bd923892-137c-4f07-88f7-5b0b506a23ce]: exited"}}
[debug] [2026-06-28T19:10:22.583Z] [worker-us-central1-analyze_waivers-bd923892-137c-4f07-88f7-5b0b506a23ce]: FINISHED {"metadata":{"emulator":{"name":"functions"},"function":{"name":"us-central1-analyze_waivers"},"extension":{},"message":"[worker-us-central1-analyze_waivers-bd923892-137c-4f07-88f7-5b0b506a23ce]: FINISHED"}}
[debug] [2026-06-28T19:10:22.583Z] [worker-us-central1-analyze_waivers-1716c013-4d06-4a79-81db-928f17d31033]: exited {"metadata":{"emulator":{"name":"functions"},"function":{"name":"us-central1-analyze_waivers"},"extension":{},"message":"[worker-us-central1-analyze_waivers-1716c013-4d06-4a79-81db-928f17d31033]: exited"}}
[debug] [2026-06-28T19:10:22.583Z] [worker-us-central1-analyze_waivers-1716c013-4d06-4a79-81db-928f17d31033]: FINISHED {"metadata":{"emulator":{"name":"functions"},"function":{"name":"us-central1-analyze_waivers"},"extension":{},"message":"[worker-us-central1-analyze_waivers-1716c013-4d06-4a79-81db-928f17d31033]: FINISHED"}}
[debug] [2026-06-28T19:10:22.646Z] File /Users/patrickschmidt/github-projects/fantasy-sports-assistant/functions/__pycache__/api_core.cpython-314.pyc changed, reloading triggers {"metadata":{"emulator":{"name":"functions"},"message":"File /Users/patrickschmidt/github-projects/fantasy-sports-assistant/functions/__pycache__/api_core.cpython-314.pyc changed, reloading triggers"}}
[debug] [2026-06-28T19:10:23.647Z] Customer code is not Node
[debug] [2026-06-28T19:10:23.647Z] Validating python source
[debug] [2026-06-28T19:10:23.647Z] Building python source
[debug] [2026-06-28T19:10:23.648Z] Could not find functions.yaml. Must use http discovery
[debug] [2026-06-28T19:10:23.650Z] Running command with virtualenv: command=., args=["\"/Users/patrickschmidt/github-projects/fantasy-sports-assistant/functions/venv/bin/activate\"","&&","python3.14","-c","\"import firebase_functions; import os; print(os.path.dirname(firebase_functions.__file__))\""]
[debug] [2026-06-28T19:10:23.686Z] stdout: /Users/patrickschmidt/github-projects/fantasy-sports-assistant/functions/venv/lib/python3.14/site-packages/firebase_functions

[debug] [2026-06-28T19:10:23.688Z] Running admin server with args: ["python3.14","\"/Users/patrickschmidt/github-projects/fantasy-sports-assistant/functions/venv/lib/python3.14/site-packages/firebase_functions/private/serving.py\""] and env: {"GCLOUD_PROJECT":"demo-no-project","K_REVISION":"1","PORT":"80","GOOGLE_CLOUD_QUOTA_PROJECT":"demo-no-project","FUNCTIONS_EMULATOR":"true","TZ":"UTC","FIREBASE_DEBUG_MODE":"true","FIREBASE_DEBUG_FEATURES":"{\"skipTokenVerification\":true,\"enableCors\":true}","FIREBASE_EMULATOR_HUB":"127.0.0.1:4400","CLOUD_EVENTARC_EMULATOR_HOST":"http://127.0.0.1:9299","CLOUD_TASKS_EMULATOR_HOST":"127.0.0.1:9499","FIREBASE_CONFIG":"{\"storageBucket\":\"demo-no-project.appspot.com\",\"databaseURL\":\"https://demo-no-project.firebaseio.com\",\"projectId\":\"demo-no-project\"}","GOOGLE_APPLICATION_CREDENTIALS":"/Users/patrickschmidt/.config/firebase/patrick_schmidt.mail_gmail.com_application_default_credentials.json","ADMIN_PORT":"8081"} in /Users/patrickschmidt/github-projects/fantasy-sports-assistant/functions
[debug] [2026-06-28T19:10:23.688Z] Running command with virtualenv: command=., args=["\"/Users/patrickschmidt/github-projects/fantasy-sports-assistant/functions/venv/bin/activate\"","&&","python3.14","\"/Users/patrickschmidt/github-projects/fantasy-sports-assistant/functions/venv/lib/python3.14/site-packages/firebase_functions/private/serving.py\""]
[info]  * Serving Flask app 'serving'
 * Debug mode: off

[error] WARNING: This is a development server. Do not use it in a production deployment. Use a production WSGI server instead.
 * Running on http://127.0.0.1:8081

[error] Press CTRL+C to quit

[error] 127.0.0.1 - - [28/Jun/2026 19:10:24] "GET /__/functions.yaml HTTP/1.1" 200 -

[debug] [2026-06-28T19:10:24.205Z] Got response from /__/functions.yaml endpoints:
  analyze_waivers:
    availableMemoryMb: null
    concurrency: null
    entryPoint: analyze_waivers
    httpsTrigger: {}
    ingressSettings: null
    labels: {}
    maxInstances: null
    minInstances: null
    platform: gcfv2
    secretEnvironmentVariables: []
    serviceAccountEmail: null
    timeoutSeconds: null
  get_league_rosters:
    availableMemoryMb: null
    concurrency: null
    entryPoint: get_league_rosters
    httpsTrigger: {}
    ingressSettings: null
    labels: {}
    maxInstances: null
    minInstances: null
    platform: gcfv2
    secretEnvironmentVariables: []
    serviceAccountEmail: null
    timeoutSeconds: null
  get_league_users:
    availableMemoryMb: null
    concurrency: null
    entryPoint: get_league_users
    httpsTrigger: {}
    ingressSettings: null
    labels: {}
    maxInstances: null
    minInstances: null
    platform: gcfv2
    secretEnvironmentVariables: []
    serviceAccountEmail: null
    timeoutSeconds: null
  get_user_leagues:
    availableMemoryMb: null
    concurrency: null
    entryPoint: get_user_leagues
    httpsTrigger: {}
    ingressSettings: null
    labels: {}
    maxInstances: null
    minInstances: null
    platform: gcfv2
    secretEnvironmentVariables: []
    serviceAccountEmail: null
    timeoutSeconds: null
params: []
requiredAPIs: []
specVersion: v1alpha1

[error] 127.0.0.1 - - [28/Jun/2026 19:10:24] "GET /__/quitquitquit HTTP/1.1" 200 -

[error] /bin/sh: line 1: 67206 Terminated: 15          python3.14 "/Users/patrickschmidt/github-projects/fantasy-sports-assistant/functions/venv/lib/python3.14/site-packages/firebase_functions/private/serving.py"

[info] ✔  functions: Loaded functions definitions from source: analyze_waivers, get_league_rosters, get_league_users, get_user_leagues. {"metadata":{"emulator":{"name":"functions"},"message":"Loaded functions definitions from source: analyze_waivers, get_league_rosters, get_league_users, get_user_leagues."}}
[debug] [2026-06-28T19:11:50.162Z] [work-queue] {"queuedWork":["/demo-no-project/us-central1/analyze_waivers-2026-06-28T19:11:50.162Z"],"queueLength":1,"runningWork":[],"workRunningCount":0}
[debug] [2026-06-28T19:11:50.162Z] [work-queue] {"queuedWork":[],"queueLength":0,"runningWork":["/demo-no-project/us-central1/analyze_waivers-2026-06-28T19:11:50.162Z"],"workRunningCount":1}
[debug] [2026-06-28T19:11:50.162Z] Accepted request GET /demo-no-project/us-central1/analyze_waivers?username=p4t0b4ll3rs&league_id=1312666231035138048 --> us-central1-analyze_waivers
[debug] [2026-06-28T19:11:50.163Z] [functions] Runtime ready! Sending request! {"metadata":{"emulator":{"name":"functions"},"message":"[functions] Runtime ready! Sending request!"}}
[debug] [2026-06-28T19:11:50.163Z] [functions] Got req.url=/demo-no-project/us-central1/analyze_waivers?username=p4t0b4ll3rs&league_id=1312666231035138048, mapping to path=/?username=p4t0b4ll3rs&league_id=1312666231035138048 {"metadata":{"emulator":{"name":"functions"},"message":"[functions] Got req.url=/demo-no-project/us-central1/analyze_waivers?username=p4t0b4ll3rs&league_id=1312666231035138048, mapping to path=/?username=p4t0b4ll3rs&league_id=1312666231035138048"}}
[debug] [2026-06-28T19:11:50.163Z] [worker-pool] Cleaned up workers for us-central1-get_user_leagues: 1 --> 0 {"metadata":{"emulator":{"name":"functions"},"message":"[worker-pool] Cleaned up workers for us-central1-get_user_leagues: 1 --> 0"}}
[debug] [2026-06-28T19:11:50.163Z] [worker-pool] Cleaned up workers for us-central1-analyze_waivers: 2 --> 0 {"metadata":{"emulator":{"name":"functions"},"message":"[worker-pool] Cleaned up workers for us-central1-analyze_waivers: 2 --> 0"}}
[debug] [2026-06-28T19:11:50.165Z] Running command with virtualenv: command=., args=["\"/Users/patrickschmidt/github-projects/fantasy-sports-assistant/functions/venv/bin/activate\"","&&","functions-framework"]
[debug] [2026-06-28T19:11:50.166Z] [worker-pool] addWorker(us-central1-analyze_waivers) {"metadata":{"emulator":{"name":"functions"},"message":"[worker-pool] addWorker(us-central1-analyze_waivers)"}}
[debug] [2026-06-28T19:11:50.166Z] [worker-pool] Adding worker with key us-central1-analyze_waivers, total=1 {"metadata":{"emulator":{"name":"functions"},"message":"[worker-pool] Adding worker with key us-central1-analyze_waivers, total=1"}}
[debug] [2026-06-28T19:11:50.574Z] [worker-us-central1-analyze_waivers-97c373fb-3cdf-46df-9aea-0c6a44b67e28]: IDLE {"metadata":{"emulator":{"name":"functions"},"function":{"name":"us-central1-analyze_waivers"},"extension":{},"message":"[worker-us-central1-analyze_waivers-97c373fb-3cdf-46df-9aea-0c6a44b67e28]: IDLE"}}
[debug] [2026-06-28T19:11:50.574Z] [worker-pool] submitRequest(triggerId=us-central1-analyze_waivers) {"metadata":{"emulator":{"name":"functions"},"message":"[worker-pool] submitRequest(triggerId=us-central1-analyze_waivers)"}}
[info] i  functions: Beginning execution of "us-central1-analyze_waivers" {"metadata":{"emulator":{"name":"functions"},"function":{"name":"us-central1-analyze_waivers"},"extension":{},"message":"Beginning execution of \"us-central1-analyze_waivers\""}}
[debug] [2026-06-28T19:11:50.574Z] [worker-us-central1-analyze_waivers-97c373fb-3cdf-46df-9aea-0c6a44b67e28]: BUSY {"metadata":{"emulator":{"name":"functions"},"function":{"name":"us-central1-analyze_waivers"},"extension":{},"message":"[worker-us-central1-analyze_waivers-97c373fb-3cdf-46df-9aea-0c6a44b67e28]: BUSY"}}
[debug] [2026-06-28T19:11:50.991Z] Finishing up request with event=pause {"metadata":{"emulator":{"name":"functions"},"function":{"name":"us-central1-analyze_waivers"},"extension":{},"message":"Finishing up request with event=pause"}}
[info] i  functions: Finished "us-central1-analyze_waivers" in 417.513541ms {"metadata":{"emulator":{"name":"functions"},"function":{"name":"us-central1-analyze_waivers"},"extension":{},"message":"Finished \"us-central1-analyze_waivers\" in 417.513541ms"}}
[debug] [2026-06-28T19:11:50.992Z] [worker-us-central1-analyze_waivers-97c373fb-3cdf-46df-9aea-0c6a44b67e28]: IDLE {"metadata":{"emulator":{"name":"functions"},"function":{"name":"us-central1-analyze_waivers"},"extension":{},"message":"[worker-us-central1-analyze_waivers-97c373fb-3cdf-46df-9aea-0c6a44b67e28]: IDLE"}}
[debug] [2026-06-28T19:11:50.992Z] Finishing up request with event=finish {"metadata":{"emulator":{"name":"functions"},"function":{"name":"us-central1-analyze_waivers"},"extension":{},"message":"Finishing up request with event=finish"}}
[debug] [2026-06-28T19:11:50.992Z] Finishing up request with event=close {"metadata":{"emulator":{"name":"functions"},"function":{"name":"us-central1-analyze_waivers"},"extension":{},"message":"Finishing up request with event=close"}}
[debug] [2026-06-28T19:11:50.992Z] [work-queue] {"queuedWork":[],"queueLength":0,"runningWork":[],"workRunningCount":0}
[debug] [2026-06-28T19:14:16.289Z] File /Users/patrickschmidt/github-projects/fantasy-sports-assistant/functions/api_core.py changed, reloading triggers {"metadata":{"emulator":{"name":"functions"},"message":"File /Users/patrickschmidt/github-projects/fantasy-sports-assistant/functions/api_core.py changed, reloading triggers"}}
[debug] [2026-06-28T19:14:17.290Z] Customer code is not Node
[debug] [2026-06-28T19:14:17.290Z] Validating python source
[debug] [2026-06-28T19:14:17.290Z] Building python source
[debug] [2026-06-28T19:14:17.291Z] Could not find functions.yaml. Must use http discovery
[debug] [2026-06-28T19:14:17.291Z] Running command with virtualenv: command=., args=["\"/Users/patrickschmidt/github-projects/fantasy-sports-assistant/functions/venv/bin/activate\"","&&","python3.14","-c","\"import firebase_functions; import os; print(os.path.dirname(firebase_functions.__file__))\""]
[debug] [2026-06-28T19:14:17.338Z] stdout: /Users/patrickschmidt/github-projects/fantasy-sports-assistant/functions/venv/lib/python3.14/site-packages/firebase_functions

[debug] [2026-06-28T19:14:17.341Z] Running admin server with args: ["python3.14","\"/Users/patrickschmidt/github-projects/fantasy-sports-assistant/functions/venv/lib/python3.14/site-packages/firebase_functions/private/serving.py\""] and env: {"GCLOUD_PROJECT":"demo-no-project","K_REVISION":"1","PORT":"80","GOOGLE_CLOUD_QUOTA_PROJECT":"demo-no-project","FUNCTIONS_EMULATOR":"true","TZ":"UTC","FIREBASE_DEBUG_MODE":"true","FIREBASE_DEBUG_FEATURES":"{\"skipTokenVerification\":true,\"enableCors\":true}","FIREBASE_EMULATOR_HUB":"127.0.0.1:4400","CLOUD_EVENTARC_EMULATOR_HOST":"http://127.0.0.1:9299","CLOUD_TASKS_EMULATOR_HOST":"127.0.0.1:9499","FIREBASE_CONFIG":"{\"storageBucket\":\"demo-no-project.appspot.com\",\"databaseURL\":\"https://demo-no-project.firebaseio.com\",\"projectId\":\"demo-no-project\"}","GOOGLE_APPLICATION_CREDENTIALS":"/Users/patrickschmidt/.config/firebase/patrick_schmidt.mail_gmail.com_application_default_credentials.json","ADMIN_PORT":"8081"} in /Users/patrickschmidt/github-projects/fantasy-sports-assistant/functions
[debug] [2026-06-28T19:14:17.341Z] Running command with virtualenv: command=., args=["\"/Users/patrickschmidt/github-projects/fantasy-sports-assistant/functions/venv/bin/activate\"","&&","python3.14","\"/Users/patrickschmidt/github-projects/fantasy-sports-assistant/functions/venv/lib/python3.14/site-packages/firebase_functions/private/serving.py\""]
[info]  * Serving Flask app 'serving'
 * Debug mode: off

[error] WARNING: This is a development server. Do not use it in a production deployment. Use a production WSGI server instead.
 * Running on http://127.0.0.1:8081

[error] Press CTRL+C to quit

[error] 127.0.0.1 - - [28/Jun/2026 19:14:17] "GET /__/functions.yaml HTTP/1.1" 200 -

[debug] [2026-06-28T19:14:17.854Z] Got response from /__/functions.yaml endpoints:
  analyze_waivers:
    availableMemoryMb: null
    concurrency: null
    entryPoint: analyze_waivers
    httpsTrigger: {}
    ingressSettings: null
    labels: {}
    maxInstances: null
    minInstances: null
    platform: gcfv2
    secretEnvironmentVariables: []
    serviceAccountEmail: null
    timeoutSeconds: null
  get_league_rosters:
    availableMemoryMb: null
    concurrency: null
    entryPoint: get_league_rosters
    httpsTrigger: {}
    ingressSettings: null
    labels: {}
    maxInstances: null
    minInstances: null
    platform: gcfv2
    secretEnvironmentVariables: []
    serviceAccountEmail: null
    timeoutSeconds: null
  get_league_users:
    availableMemoryMb: null
    concurrency: null
    entryPoint: get_league_users
    httpsTrigger: {}
    ingressSettings: null
    labels: {}
    maxInstances: null
    minInstances: null
    platform: gcfv2
    secretEnvironmentVariables: []
    serviceAccountEmail: null
    timeoutSeconds: null
  get_user_leagues:
    availableMemoryMb: null
    concurrency: null
    entryPoint: get_user_leagues
    httpsTrigger: {}
    ingressSettings: null
    labels: {}
    maxInstances: null
    minInstances: null
    platform: gcfv2
    secretEnvironmentVariables: []
    serviceAccountEmail: null
    timeoutSeconds: null
params: []
requiredAPIs: []
specVersion: v1alpha1

[error] 127.0.0.1 - - [28/Jun/2026 19:14:17] "GET /__/quitquitquit HTTP/1.1" 200 -

[error] /bin/sh: line 1: 67283 Terminated: 15          python3.14 "/Users/patrickschmidt/github-projects/fantasy-sports-assistant/functions/venv/lib/python3.14/site-packages/firebase_functions/private/serving.py"

[info] ✔  functions: Loaded functions definitions from source: analyze_waivers, get_league_rosters, get_league_users, get_user_leagues. {"metadata":{"emulator":{"name":"functions"},"message":"Loaded functions definitions from source: analyze_waivers, get_league_rosters, get_league_users, get_user_leagues."}}
[debug] [2026-06-28T19:14:17.859Z] [worker-pool] Shutting down IDLE worker (us-central1-analyze_waivers) {"metadata":{"emulator":{"name":"functions"},"message":"[worker-pool] Shutting down IDLE worker (us-central1-analyze_waivers)"}}
[debug] [2026-06-28T19:14:17.859Z] [worker-us-central1-analyze_waivers-97c373fb-3cdf-46df-9aea-0c6a44b67e28]: FINISHING {"metadata":{"emulator":{"name":"functions"},"function":{"name":"us-central1-analyze_waivers"},"extension":{},"message":"[worker-us-central1-analyze_waivers-97c373fb-3cdf-46df-9aea-0c6a44b67e28]: FINISHING"}}
[debug] [2026-06-28T19:14:17.859Z] [worker-us-central1-analyze_waivers-97c373fb-3cdf-46df-9aea-0c6a44b67e28]: exited {"metadata":{"emulator":{"name":"functions"},"function":{"name":"us-central1-analyze_waivers"},"extension":{},"message":"[worker-us-central1-analyze_waivers-97c373fb-3cdf-46df-9aea-0c6a44b67e28]: exited"}}
[debug] [2026-06-28T19:14:17.859Z] [worker-us-central1-analyze_waivers-97c373fb-3cdf-46df-9aea-0c6a44b67e28]: FINISHED {"metadata":{"emulator":{"name":"functions"},"function":{"name":"us-central1-analyze_waivers"},"extension":{},"message":"[worker-us-central1-analyze_waivers-97c373fb-3cdf-46df-9aea-0c6a44b67e28]: FINISHED"}}
[debug] [2026-06-28T19:14:17.964Z] File /Users/patrickschmidt/github-projects/fantasy-sports-assistant/functions/__pycache__/api_core.cpython-314.pyc changed, reloading triggers {"metadata":{"emulator":{"name":"functions"},"message":"File /Users/patrickschmidt/github-projects/fantasy-sports-assistant/functions/__pycache__/api_core.cpython-314.pyc changed, reloading triggers"}}
[debug] [2026-06-28T19:14:18.966Z] Customer code is not Node
[debug] [2026-06-28T19:14:18.967Z] Validating python source
[debug] [2026-06-28T19:14:18.967Z] Building python source
[debug] [2026-06-28T19:14:18.967Z] Could not find functions.yaml. Must use http discovery
[debug] [2026-06-28T19:14:18.968Z] Running command with virtualenv: command=., args=["\"/Users/patrickschmidt/github-projects/fantasy-sports-assistant/functions/venv/bin/activate\"","&&","python3.14","-c","\"import firebase_functions; import os; print(os.path.dirname(firebase_functions.__file__))\""]
[debug] [2026-06-28T19:14:19.007Z] stdout: /Users/patrickschmidt/github-projects/fantasy-sports-assistant/functions/venv/lib/python3.14/site-packages/firebase_functions

[debug] [2026-06-28T19:14:19.010Z] Running admin server with args: ["python3.14","\"/Users/patrickschmidt/github-projects/fantasy-sports-assistant/functions/venv/lib/python3.14/site-packages/firebase_functions/private/serving.py\""] and env: {"GCLOUD_PROJECT":"demo-no-project","K_REVISION":"1","PORT":"80","GOOGLE_CLOUD_QUOTA_PROJECT":"demo-no-project","FUNCTIONS_EMULATOR":"true","TZ":"UTC","FIREBASE_DEBUG_MODE":"true","FIREBASE_DEBUG_FEATURES":"{\"skipTokenVerification\":true,\"enableCors\":true}","FIREBASE_EMULATOR_HUB":"127.0.0.1:4400","CLOUD_EVENTARC_EMULATOR_HOST":"http://127.0.0.1:9299","CLOUD_TASKS_EMULATOR_HOST":"127.0.0.1:9499","FIREBASE_CONFIG":"{\"storageBucket\":\"demo-no-project.appspot.com\",\"databaseURL\":\"https://demo-no-project.firebaseio.com\",\"projectId\":\"demo-no-project\"}","GOOGLE_APPLICATION_CREDENTIALS":"/Users/patrickschmidt/.config/firebase/patrick_schmidt.mail_gmail.com_application_default_credentials.json","ADMIN_PORT":"8081"} in /Users/patrickschmidt/github-projects/fantasy-sports-assistant/functions
[debug] [2026-06-28T19:14:19.010Z] Running command with virtualenv: command=., args=["\"/Users/patrickschmidt/github-projects/fantasy-sports-assistant/functions/venv/bin/activate\"","&&","python3.14","\"/Users/patrickschmidt/github-projects/fantasy-sports-assistant/functions/venv/lib/python3.14/site-packages/firebase_functions/private/serving.py\""]
[info]  * Serving Flask app 'serving'
 * Debug mode: off

[error] WARNING: This is a development server. Do not use it in a production deployment. Use a production WSGI server instead.
 * Running on http://127.0.0.1:8081

[error] Press CTRL+C to quit

[error] 127.0.0.1 - - [28/Jun/2026 19:14:19] "GET /__/functions.yaml HTTP/1.1" 200 -

[debug] [2026-06-28T19:14:19.520Z] Got response from /__/functions.yaml endpoints:
  analyze_waivers:
    availableMemoryMb: null
    concurrency: null
    entryPoint: analyze_waivers
    httpsTrigger: {}
    ingressSettings: null
    labels: {}
    maxInstances: null
    minInstances: null
    platform: gcfv2
    secretEnvironmentVariables: []
    serviceAccountEmail: null
    timeoutSeconds: null
  get_league_rosters:
    availableMemoryMb: null
    concurrency: null
    entryPoint: get_league_rosters
    httpsTrigger: {}
    ingressSettings: null
    labels: {}
    maxInstances: null
    minInstances: null
    platform: gcfv2
    secretEnvironmentVariables: []
    serviceAccountEmail: null
    timeoutSeconds: null
  get_league_users:
    availableMemoryMb: null
    concurrency: null
    entryPoint: get_league_users
    httpsTrigger: {}
    ingressSettings: null
    labels: {}
    maxInstances: null
    minInstances: null
    platform: gcfv2
    secretEnvironmentVariables: []
    serviceAccountEmail: null
    timeoutSeconds: null
  get_user_leagues:
    availableMemoryMb: null
    concurrency: null
    entryPoint: get_user_leagues
    httpsTrigger: {}
    ingressSettings: null
    labels: {}
    maxInstances: null
    minInstances: null
    platform: gcfv2
    secretEnvironmentVariables: []
    serviceAccountEmail: null
    timeoutSeconds: null
params: []
requiredAPIs: []
specVersion: v1alpha1

[error] 127.0.0.1 - - [28/Jun/2026 19:14:19] "GET /__/quitquitquit HTTP/1.1" 200 -

[error] /bin/sh: line 1: 67291 Terminated: 15          python3.14 "/Users/patrickschmidt/github-projects/fantasy-sports-assistant/functions/venv/lib/python3.14/site-packages/firebase_functions/private/serving.py"

[info] ✔  functions: Loaded functions definitions from source: analyze_waivers, get_league_rosters, get_league_users, get_user_leagues. {"metadata":{"emulator":{"name":"functions"},"message":"Loaded functions definitions from source: analyze_waivers, get_league_rosters, get_league_users, get_user_leagues."}}
[debug] [2026-06-28T19:14:41.816Z] [work-queue] {"queuedWork":["/demo-no-project/us-central1/analyze_waivers-2026-06-28T19:14:41.816Z"],"queueLength":1,"runningWork":[],"workRunningCount":0}
[debug] [2026-06-28T19:14:41.816Z] [work-queue] {"queuedWork":[],"queueLength":0,"runningWork":["/demo-no-project/us-central1/analyze_waivers-2026-06-28T19:14:41.816Z"],"workRunningCount":1}
[debug] [2026-06-28T19:14:41.816Z] Accepted request GET /demo-no-project/us-central1/analyze_waivers?username=p4t0b4ll3rs&league_id=1312666231035138048 --> us-central1-analyze_waivers
[debug] [2026-06-28T19:14:41.817Z] [functions] Runtime ready! Sending request! {"metadata":{"emulator":{"name":"functions"},"message":"[functions] Runtime ready! Sending request!"}}
[debug] [2026-06-28T19:14:41.817Z] [functions] Got req.url=/demo-no-project/us-central1/analyze_waivers?username=p4t0b4ll3rs&league_id=1312666231035138048, mapping to path=/?username=p4t0b4ll3rs&league_id=1312666231035138048 {"metadata":{"emulator":{"name":"functions"},"message":"[functions] Got req.url=/demo-no-project/us-central1/analyze_waivers?username=p4t0b4ll3rs&league_id=1312666231035138048, mapping to path=/?username=p4t0b4ll3rs&league_id=1312666231035138048"}}
[debug] [2026-06-28T19:14:41.817Z] [worker-pool] Cleaned up workers for us-central1-analyze_waivers: 1 --> 0 {"metadata":{"emulator":{"name":"functions"},"message":"[worker-pool] Cleaned up workers for us-central1-analyze_waivers: 1 --> 0"}}
[debug] [2026-06-28T19:14:41.818Z] Running command with virtualenv: command=., args=["\"/Users/patrickschmidt/github-projects/fantasy-sports-assistant/functions/venv/bin/activate\"","&&","functions-framework"]
[debug] [2026-06-28T19:14:41.818Z] [worker-pool] addWorker(us-central1-analyze_waivers) {"metadata":{"emulator":{"name":"functions"},"message":"[worker-pool] addWorker(us-central1-analyze_waivers)"}}
[debug] [2026-06-28T19:14:41.818Z] [worker-pool] Adding worker with key us-central1-analyze_waivers, total=1 {"metadata":{"emulator":{"name":"functions"},"message":"[worker-pool] Adding worker with key us-central1-analyze_waivers, total=1"}}
[debug] [2026-06-28T19:14:42.126Z] [worker-us-central1-analyze_waivers-eda30e71-9026-4ffd-bdbb-d1a6e9a02e09]: IDLE {"metadata":{"emulator":{"name":"functions"},"function":{"name":"us-central1-analyze_waivers"},"extension":{},"message":"[worker-us-central1-analyze_waivers-eda30e71-9026-4ffd-bdbb-d1a6e9a02e09]: IDLE"}}
[debug] [2026-06-28T19:14:42.126Z] [worker-pool] submitRequest(triggerId=us-central1-analyze_waivers) {"metadata":{"emulator":{"name":"functions"},"message":"[worker-pool] submitRequest(triggerId=us-central1-analyze_waivers)"}}
[info] i  functions: Beginning execution of "us-central1-analyze_waivers" {"metadata":{"emulator":{"name":"functions"},"function":{"name":"us-central1-analyze_waivers"},"extension":{},"message":"Beginning execution of \"us-central1-analyze_waivers\""}}
[debug] [2026-06-28T19:14:42.126Z] [worker-us-central1-analyze_waivers-eda30e71-9026-4ffd-bdbb-d1a6e9a02e09]: BUSY {"metadata":{"emulator":{"name":"functions"},"function":{"name":"us-central1-analyze_waivers"},"extension":{},"message":"[worker-us-central1-analyze_waivers-eda30e71-9026-4ffd-bdbb-d1a6e9a02e09]: BUSY"}}
[debug] [2026-06-28T19:14:42.661Z] Finishing up request with event=pause {"metadata":{"emulator":{"name":"functions"},"function":{"name":"us-central1-analyze_waivers"},"extension":{},"message":"Finishing up request with event=pause"}}
[info] i  functions: Finished "us-central1-analyze_waivers" in 535.420916ms {"metadata":{"emulator":{"name":"functions"},"function":{"name":"us-central1-analyze_waivers"},"extension":{},"message":"Finished \"us-central1-analyze_waivers\" in 535.420916ms"}}
[debug] [2026-06-28T19:14:42.662Z] [worker-us-central1-analyze_waivers-eda30e71-9026-4ffd-bdbb-d1a6e9a02e09]: IDLE {"metadata":{"emulator":{"name":"functions"},"function":{"name":"us-central1-analyze_waivers"},"extension":{},"message":"[worker-us-central1-analyze_waivers-eda30e71-9026-4ffd-bdbb-d1a6e9a02e09]: IDLE"}}
[debug] [2026-06-28T19:14:42.662Z] Finishing up request with event=finish {"metadata":{"emulator":{"name":"functions"},"function":{"name":"us-central1-analyze_waivers"},"extension":{},"message":"Finishing up request with event=finish"}}
[debug] [2026-06-28T19:14:42.662Z] Finishing up request with event=close {"metadata":{"emulator":{"name":"functions"},"function":{"name":"us-central1-analyze_waivers"},"extension":{},"message":"Finishing up request with event=close"}}
[debug] [2026-06-28T19:14:42.662Z] [work-queue] {"queuedWork":[],"queueLength":0,"runningWork":[],"workRunningCount":0}
[debug] [2026-06-28T19:15:15.317Z] [work-queue] {"queuedWork":["/demo-no-project/us-central1/get_user_leagues-2026-06-28T19:15:15.317Z"],"queueLength":1,"runningWork":[],"workRunningCount":0}
[debug] [2026-06-28T19:15:15.317Z] [work-queue] {"queuedWork":[],"queueLength":0,"runningWork":["/demo-no-project/us-central1/get_user_leagues-2026-06-28T19:15:15.317Z"],"workRunningCount":1}
[debug] [2026-06-28T19:15:15.317Z] Accepted request GET /demo-no-project/us-central1/get_user_leagues?username=p4t0b4ll3rs --> us-central1-get_user_leagues
[debug] [2026-06-28T19:15:15.317Z] [functions] Runtime ready! Sending request! {"metadata":{"emulator":{"name":"functions"},"message":"[functions] Runtime ready! Sending request!"}}
[debug] [2026-06-28T19:15:15.317Z] [functions] Got req.url=/demo-no-project/us-central1/get_user_leagues?username=p4t0b4ll3rs, mapping to path=/?username=p4t0b4ll3rs {"metadata":{"emulator":{"name":"functions"},"message":"[functions] Got req.url=/demo-no-project/us-central1/get_user_leagues?username=p4t0b4ll3rs, mapping to path=/?username=p4t0b4ll3rs"}}
[debug] [2026-06-28T19:15:15.319Z] Running command with virtualenv: command=., args=["\"/Users/patrickschmidt/github-projects/fantasy-sports-assistant/functions/venv/bin/activate\"","&&","functions-framework"]
[debug] [2026-06-28T19:15:15.319Z] [worker-pool] addWorker(us-central1-get_user_leagues) {"metadata":{"emulator":{"name":"functions"},"message":"[worker-pool] addWorker(us-central1-get_user_leagues)"}}
[debug] [2026-06-28T19:15:15.319Z] [worker-pool] Adding worker with key us-central1-get_user_leagues, total=1 {"metadata":{"emulator":{"name":"functions"},"message":"[worker-pool] Adding worker with key us-central1-get_user_leagues, total=1"}}
[debug] [2026-06-28T19:15:15.627Z] [worker-us-central1-get_user_leagues-6cf09978-aa02-4f9d-b51b-be2187fd805c]: IDLE {"metadata":{"emulator":{"name":"functions"},"function":{"name":"us-central1-get_user_leagues"},"extension":{},"message":"[worker-us-central1-get_user_leagues-6cf09978-aa02-4f9d-b51b-be2187fd805c]: IDLE"}}
[debug] [2026-06-28T19:15:15.627Z] [worker-pool] submitRequest(triggerId=us-central1-get_user_leagues) {"metadata":{"emulator":{"name":"functions"},"message":"[worker-pool] submitRequest(triggerId=us-central1-get_user_leagues)"}}
[info] i  functions: Beginning execution of "us-central1-get_user_leagues" {"metadata":{"emulator":{"name":"functions"},"function":{"name":"us-central1-get_user_leagues"},"extension":{},"message":"Beginning execution of \"us-central1-get_user_leagues\""}}
[debug] [2026-06-28T19:15:15.627Z] [worker-us-central1-get_user_leagues-6cf09978-aa02-4f9d-b51b-be2187fd805c]: BUSY {"metadata":{"emulator":{"name":"functions"},"function":{"name":"us-central1-get_user_leagues"},"extension":{},"message":"[worker-us-central1-get_user_leagues-6cf09978-aa02-4f9d-b51b-be2187fd805c]: BUSY"}}
[debug] [2026-06-28T19:15:16.008Z] Finishing up request with event=pause {"metadata":{"emulator":{"name":"functions"},"function":{"name":"us-central1-get_user_leagues"},"extension":{},"message":"Finishing up request with event=pause"}}
[info] i  functions: Finished "us-central1-get_user_leagues" in 381.419333ms {"metadata":{"emulator":{"name":"functions"},"function":{"name":"us-central1-get_user_leagues"},"extension":{},"message":"Finished \"us-central1-get_user_leagues\" in 381.419333ms"}}
[debug] [2026-06-28T19:15:16.009Z] [worker-us-central1-get_user_leagues-6cf09978-aa02-4f9d-b51b-be2187fd805c]: IDLE {"metadata":{"emulator":{"name":"functions"},"function":{"name":"us-central1-get_user_leagues"},"extension":{},"message":"[worker-us-central1-get_user_leagues-6cf09978-aa02-4f9d-b51b-be2187fd805c]: IDLE"}}
[debug] [2026-06-28T19:15:16.009Z] Finishing up request with event=finish {"metadata":{"emulator":{"name":"functions"},"function":{"name":"us-central1-get_user_leagues"},"extension":{},"message":"Finishing up request with event=finish"}}
[debug] [2026-06-28T19:15:16.009Z] Finishing up request with event=close {"metadata":{"emulator":{"name":"functions"},"function":{"name":"us-central1-get_user_leagues"},"extension":{},"message":"Finishing up request with event=close"}}
[debug] [2026-06-28T19:15:16.009Z] [work-queue] {"queuedWork":[],"queueLength":0,"runningWork":[],"workRunningCount":0}
[debug] [2026-06-28T19:15:25.883Z] [work-queue] {"queuedWork":["/demo-no-project/us-central1/analyze_waivers-2026-06-28T19:15:25.883Z"],"queueLength":1,"runningWork":[],"workRunningCount":0}
[debug] [2026-06-28T19:15:25.884Z] [work-queue] {"queuedWork":[],"queueLength":0,"runningWork":["/demo-no-project/us-central1/analyze_waivers-2026-06-28T19:15:25.883Z"],"workRunningCount":1}
[debug] [2026-06-28T19:15:25.884Z] Accepted request GET /demo-no-project/us-central1/analyze_waivers?username=p4t0b4ll3rs&league_id=1311997304433041408 --> us-central1-analyze_waivers
[debug] [2026-06-28T19:15:25.885Z] [functions] Runtime ready! Sending request! {"metadata":{"emulator":{"name":"functions"},"message":"[functions] Runtime ready! Sending request!"}}
[debug] [2026-06-28T19:15:25.885Z] [functions] Got req.url=/demo-no-project/us-central1/analyze_waivers?username=p4t0b4ll3rs&league_id=1311997304433041408, mapping to path=/?username=p4t0b4ll3rs&league_id=1311997304433041408 {"metadata":{"emulator":{"name":"functions"},"message":"[functions] Got req.url=/demo-no-project/us-central1/analyze_waivers?username=p4t0b4ll3rs&league_id=1311997304433041408, mapping to path=/?username=p4t0b4ll3rs&league_id=1311997304433041408"}}
[debug] [2026-06-28T19:15:25.885Z] [worker-pool] submitRequest(triggerId=us-central1-analyze_waivers) {"metadata":{"emulator":{"name":"functions"},"message":"[worker-pool] submitRequest(triggerId=us-central1-analyze_waivers)"}}
[info] i  functions: Beginning execution of "us-central1-analyze_waivers" {"metadata":{"emulator":{"name":"functions"},"function":{"name":"us-central1-analyze_waivers"},"extension":{},"message":"Beginning execution of \"us-central1-analyze_waivers\""}}
[debug] [2026-06-28T19:15:25.885Z] [worker-us-central1-analyze_waivers-eda30e71-9026-4ffd-bdbb-d1a6e9a02e09]: BUSY {"metadata":{"emulator":{"name":"functions"},"function":{"name":"us-central1-analyze_waivers"},"extension":{},"message":"[worker-us-central1-analyze_waivers-eda30e71-9026-4ffd-bdbb-d1a6e9a02e09]: BUSY"}}
[debug] [2026-06-28T19:15:25.886Z] [work-queue] {"queuedWork":["/demo-no-project/us-central1/analyze_waivers-2026-06-28T19:15:25.886Z"],"queueLength":1,"runningWork":["/demo-no-project/us-central1/analyze_waivers-2026-06-28T19:15:25.883Z"],"workRunningCount":1}
[debug] [2026-06-28T19:15:25.886Z] [work-queue] {"queuedWork":[],"queueLength":0,"runningWork":["/demo-no-project/us-central1/analyze_waivers-2026-06-28T19:15:25.883Z","/demo-no-project/us-central1/analyze_waivers-2026-06-28T19:15:25.886Z"],"workRunningCount":2}
[debug] [2026-06-28T19:15:25.886Z] Accepted request GET /demo-no-project/us-central1/analyze_waivers?username=p4t0b4ll3rs&league_id=1311997304433041408 --> us-central1-analyze_waivers
[debug] [2026-06-28T19:15:25.886Z] [functions] Runtime ready! Sending request! {"metadata":{"emulator":{"name":"functions"},"message":"[functions] Runtime ready! Sending request!"}}
[debug] [2026-06-28T19:15:25.886Z] [functions] Got req.url=/demo-no-project/us-central1/analyze_waivers?username=p4t0b4ll3rs&league_id=1311997304433041408, mapping to path=/?username=p4t0b4ll3rs&league_id=1311997304433041408 {"metadata":{"emulator":{"name":"functions"},"message":"[functions] Got req.url=/demo-no-project/us-central1/analyze_waivers?username=p4t0b4ll3rs&league_id=1311997304433041408, mapping to path=/?username=p4t0b4ll3rs&league_id=1311997304433041408"}}
[debug] [2026-06-28T19:15:25.888Z] Running command with virtualenv: command=., args=["\"/Users/patrickschmidt/github-projects/fantasy-sports-assistant/functions/venv/bin/activate\"","&&","functions-framework"]
[debug] [2026-06-28T19:15:25.889Z] [worker-pool] addWorker(us-central1-analyze_waivers) {"metadata":{"emulator":{"name":"functions"},"message":"[worker-pool] addWorker(us-central1-analyze_waivers)"}}
[debug] [2026-06-28T19:15:25.889Z] [worker-pool] Adding worker with key us-central1-analyze_waivers, total=2 {"metadata":{"emulator":{"name":"functions"},"message":"[worker-pool] Adding worker with key us-central1-analyze_waivers, total=2"}}
[debug] [2026-06-28T19:15:26.197Z] [worker-us-central1-analyze_waivers-ff421934-5a80-4fb8-8066-a08d4999a35c]: IDLE {"metadata":{"emulator":{"name":"functions"},"function":{"name":"us-central1-analyze_waivers"},"extension":{},"message":"[worker-us-central1-analyze_waivers-ff421934-5a80-4fb8-8066-a08d4999a35c]: IDLE"}}
[debug] [2026-06-28T19:15:26.197Z] [worker-pool] submitRequest(triggerId=us-central1-analyze_waivers) {"metadata":{"emulator":{"name":"functions"},"message":"[worker-pool] submitRequest(triggerId=us-central1-analyze_waivers)"}}
[info] i  functions: Beginning execution of "us-central1-analyze_waivers" {"metadata":{"emulator":{"name":"functions"},"function":{"name":"us-central1-analyze_waivers"},"extension":{},"message":"Beginning execution of \"us-central1-analyze_waivers\""}}
[debug] [2026-06-28T19:15:26.197Z] [worker-us-central1-analyze_waivers-ff421934-5a80-4fb8-8066-a08d4999a35c]: BUSY {"metadata":{"emulator":{"name":"functions"},"function":{"name":"us-central1-analyze_waivers"},"extension":{},"message":"[worker-us-central1-analyze_waivers-ff421934-5a80-4fb8-8066-a08d4999a35c]: BUSY"}}
[debug] [2026-06-28T19:15:26.731Z] Finishing up request with event=pause {"metadata":{"emulator":{"name":"functions"},"function":{"name":"us-central1-analyze_waivers"},"extension":{},"message":"Finishing up request with event=pause"}}
[info] i  functions: Finished "us-central1-analyze_waivers" in 846.270334ms {"metadata":{"emulator":{"name":"functions"},"function":{"name":"us-central1-analyze_waivers"},"extension":{},"message":"Finished \"us-central1-analyze_waivers\" in 846.270334ms"}}
[debug] [2026-06-28T19:15:26.731Z] [worker-us-central1-analyze_waivers-eda30e71-9026-4ffd-bdbb-d1a6e9a02e09]: IDLE {"metadata":{"emulator":{"name":"functions"},"function":{"name":"us-central1-analyze_waivers"},"extension":{},"message":"[worker-us-central1-analyze_waivers-eda30e71-9026-4ffd-bdbb-d1a6e9a02e09]: IDLE"}}
[debug] [2026-06-28T19:15:26.731Z] Finishing up request with event=finish {"metadata":{"emulator":{"name":"functions"},"function":{"name":"us-central1-analyze_waivers"},"extension":{},"message":"Finishing up request with event=finish"}}
[debug] [2026-06-28T19:15:26.732Z] Finishing up request with event=close {"metadata":{"emulator":{"name":"functions"},"function":{"name":"us-central1-analyze_waivers"},"extension":{},"message":"Finishing up request with event=close"}}
[debug] [2026-06-28T19:15:26.732Z] [work-queue] {"queuedWork":[],"queueLength":0,"runningWork":["/demo-no-project/us-central1/analyze_waivers-2026-06-28T19:15:25.886Z"],"workRunningCount":1}
[debug] [2026-06-28T19:15:26.732Z] Finishing up request with event=pause {"metadata":{"emulator":{"name":"functions"},"function":{"name":"us-central1-analyze_waivers"},"extension":{},"message":"Finishing up request with event=pause"}}
[info] i  functions: Finished "us-central1-analyze_waivers" in 534.508416ms {"metadata":{"emulator":{"name":"functions"},"function":{"name":"us-central1-analyze_waivers"},"extension":{},"message":"Finished \"us-central1-analyze_waivers\" in 534.508416ms"}}
[debug] [2026-06-28T19:15:26.732Z] [worker-us-central1-analyze_waivers-ff421934-5a80-4fb8-8066-a08d4999a35c]: IDLE {"metadata":{"emulator":{"name":"functions"},"function":{"name":"us-central1-analyze_waivers"},"extension":{},"message":"[worker-us-central1-analyze_waivers-ff421934-5a80-4fb8-8066-a08d4999a35c]: IDLE"}}
[debug] [2026-06-28T19:15:26.732Z] Finishing up request with event=finish {"metadata":{"emulator":{"name":"functions"},"function":{"name":"us-central1-analyze_waivers"},"extension":{},"message":"Finishing up request with event=finish"}}
[debug] [2026-06-28T19:15:26.732Z] Finishing up request with event=close {"metadata":{"emulator":{"name":"functions"},"function":{"name":"us-central1-analyze_waivers"},"extension":{},"message":"Finishing up request with event=close"}}
[debug] [2026-06-28T19:15:26.732Z] [work-queue] {"queuedWork":[],"queueLength":0,"runningWork":[],"workRunningCount":0}
[debug] [2026-06-28T19:21:17.125Z] File /Users/patrickschmidt/github-projects/fantasy-sports-assistant/functions/api_core.py changed, reloading triggers {"metadata":{"emulator":{"name":"functions"},"message":"File /Users/patrickschmidt/github-projects/fantasy-sports-assistant/functions/api_core.py changed, reloading triggers"}}
[debug] [2026-06-28T19:21:18.126Z] Customer code is not Node
[debug] [2026-06-28T19:21:18.127Z] Validating python source
[debug] [2026-06-28T19:21:18.127Z] Building python source
[debug] [2026-06-28T19:21:18.127Z] Could not find functions.yaml. Must use http discovery
[debug] [2026-06-28T19:21:18.129Z] Running command with virtualenv: command=., args=["\"/Users/patrickschmidt/github-projects/fantasy-sports-assistant/functions/venv/bin/activate\"","&&","python3.14","-c","\"import firebase_functions; import os; print(os.path.dirname(firebase_functions.__file__))\""]
[debug] [2026-06-28T19:21:18.183Z] stdout: /Users/patrickschmidt/github-projects/fantasy-sports-assistant/functions/venv/lib/python3.14/site-packages/firebase_functions

[debug] [2026-06-28T19:21:18.186Z] Running admin server with args: ["python3.14","\"/Users/patrickschmidt/github-projects/fantasy-sports-assistant/functions/venv/lib/python3.14/site-packages/firebase_functions/private/serving.py\""] and env: {"GCLOUD_PROJECT":"demo-no-project","K_REVISION":"1","PORT":"80","GOOGLE_CLOUD_QUOTA_PROJECT":"demo-no-project","FUNCTIONS_EMULATOR":"true","TZ":"UTC","FIREBASE_DEBUG_MODE":"true","FIREBASE_DEBUG_FEATURES":"{\"skipTokenVerification\":true,\"enableCors\":true}","FIREBASE_EMULATOR_HUB":"127.0.0.1:4400","CLOUD_EVENTARC_EMULATOR_HOST":"http://127.0.0.1:9299","CLOUD_TASKS_EMULATOR_HOST":"127.0.0.1:9499","FIREBASE_CONFIG":"{\"storageBucket\":\"demo-no-project.appspot.com\",\"databaseURL\":\"https://demo-no-project.firebaseio.com\",\"projectId\":\"demo-no-project\"}","GOOGLE_APPLICATION_CREDENTIALS":"/Users/patrickschmidt/.config/firebase/patrick_schmidt.mail_gmail.com_application_default_credentials.json","ADMIN_PORT":"8081"} in /Users/patrickschmidt/github-projects/fantasy-sports-assistant/functions
[debug] [2026-06-28T19:21:18.186Z] Running command with virtualenv: command=., args=["\"/Users/patrickschmidt/github-projects/fantasy-sports-assistant/functions/venv/bin/activate\"","&&","python3.14","\"/Users/patrickschmidt/github-projects/fantasy-sports-assistant/functions/venv/lib/python3.14/site-packages/firebase_functions/private/serving.py\""]
[info]  * Serving Flask app 'serving'
 * Debug mode: off

[error] WARNING: This is a development server. Do not use it in a production deployment. Use a production WSGI server instead.
 * Running on http://127.0.0.1:8081

[error] Press CTRL+C to quit

[error] 127.0.0.1 - - [28/Jun/2026 19:21:18] "GET /__/functions.yaml HTTP/1.1" 200 -

[debug] [2026-06-28T19:21:18.707Z] Got response from /__/functions.yaml endpoints:
  analyze_waivers:
    availableMemoryMb: null
    concurrency: null
    entryPoint: analyze_waivers
    httpsTrigger: {}
    ingressSettings: null
    labels: {}
    maxInstances: null
    minInstances: null
    platform: gcfv2
    secretEnvironmentVariables: []
    serviceAccountEmail: null
    timeoutSeconds: null
  get_league_rosters:
    availableMemoryMb: null
    concurrency: null
    entryPoint: get_league_rosters
    httpsTrigger: {}
    ingressSettings: null
    labels: {}
    maxInstances: null
    minInstances: null
    platform: gcfv2
    secretEnvironmentVariables: []
    serviceAccountEmail: null
    timeoutSeconds: null
  get_league_users:
    availableMemoryMb: null
    concurrency: null
    entryPoint: get_league_users
    httpsTrigger: {}
    ingressSettings: null
    labels: {}
    maxInstances: null
    minInstances: null
    platform: gcfv2
    secretEnvironmentVariables: []
    serviceAccountEmail: null
    timeoutSeconds: null
  get_user_leagues:
    availableMemoryMb: null
    concurrency: null
    entryPoint: get_user_leagues
    httpsTrigger: {}
    ingressSettings: null
    labels: {}
    maxInstances: null
    minInstances: null
    platform: gcfv2
    secretEnvironmentVariables: []
    serviceAccountEmail: null
    timeoutSeconds: null
params: []
requiredAPIs: []
specVersion: v1alpha1

[error] 127.0.0.1 - - [28/Jun/2026 19:21:18] "GET /__/quitquitquit HTTP/1.1" 200 -

[error] /bin/sh: line 1: 67433 Terminated: 15          python3.14 "/Users/patrickschmidt/github-projects/fantasy-sports-assistant/functions/venv/lib/python3.14/site-packages/firebase_functions/private/serving.py"

[info] ✔  functions: Loaded functions definitions from source: analyze_waivers, get_league_rosters, get_league_users, get_user_leagues. {"metadata":{"emulator":{"name":"functions"},"message":"Loaded functions definitions from source: analyze_waivers, get_league_rosters, get_league_users, get_user_leagues."}}
[debug] [2026-06-28T19:21:18.713Z] [worker-pool] Shutting down IDLE worker (us-central1-get_user_leagues) {"metadata":{"emulator":{"name":"functions"},"message":"[worker-pool] Shutting down IDLE worker (us-central1-get_user_leagues)"}}
[debug] [2026-06-28T19:21:18.713Z] [worker-us-central1-get_user_leagues-6cf09978-aa02-4f9d-b51b-be2187fd805c]: FINISHING {"metadata":{"emulator":{"name":"functions"},"function":{"name":"us-central1-get_user_leagues"},"extension":{},"message":"[worker-us-central1-get_user_leagues-6cf09978-aa02-4f9d-b51b-be2187fd805c]: FINISHING"}}
[debug] [2026-06-28T19:21:18.713Z] [worker-pool] Shutting down IDLE worker (us-central1-analyze_waivers) {"metadata":{"emulator":{"name":"functions"},"message":"[worker-pool] Shutting down IDLE worker (us-central1-analyze_waivers)"}}
[debug] [2026-06-28T19:21:18.713Z] [worker-us-central1-analyze_waivers-eda30e71-9026-4ffd-bdbb-d1a6e9a02e09]: FINISHING {"metadata":{"emulator":{"name":"functions"},"function":{"name":"us-central1-analyze_waivers"},"extension":{},"message":"[worker-us-central1-analyze_waivers-eda30e71-9026-4ffd-bdbb-d1a6e9a02e09]: FINISHING"}}
[debug] [2026-06-28T19:21:18.713Z] [worker-pool] Shutting down IDLE worker (us-central1-analyze_waivers) {"metadata":{"emulator":{"name":"functions"},"message":"[worker-pool] Shutting down IDLE worker (us-central1-analyze_waivers)"}}
[debug] [2026-06-28T19:21:18.713Z] [worker-us-central1-analyze_waivers-ff421934-5a80-4fb8-8066-a08d4999a35c]: FINISHING {"metadata":{"emulator":{"name":"functions"},"function":{"name":"us-central1-analyze_waivers"},"extension":{},"message":"[worker-us-central1-analyze_waivers-ff421934-5a80-4fb8-8066-a08d4999a35c]: FINISHING"}}
[debug] [2026-06-28T19:21:18.713Z] [worker-us-central1-get_user_leagues-6cf09978-aa02-4f9d-b51b-be2187fd805c]: exited {"metadata":{"emulator":{"name":"functions"},"function":{"name":"us-central1-get_user_leagues"},"extension":{},"message":"[worker-us-central1-get_user_leagues-6cf09978-aa02-4f9d-b51b-be2187fd805c]: exited"}}
[debug] [2026-06-28T19:21:18.713Z] [worker-us-central1-get_user_leagues-6cf09978-aa02-4f9d-b51b-be2187fd805c]: FINISHED {"metadata":{"emulator":{"name":"functions"},"function":{"name":"us-central1-get_user_leagues"},"extension":{},"message":"[worker-us-central1-get_user_leagues-6cf09978-aa02-4f9d-b51b-be2187fd805c]: FINISHED"}}
[debug] [2026-06-28T19:21:18.713Z] [worker-us-central1-analyze_waivers-eda30e71-9026-4ffd-bdbb-d1a6e9a02e09]: exited {"metadata":{"emulator":{"name":"functions"},"function":{"name":"us-central1-analyze_waivers"},"extension":{},"message":"[worker-us-central1-analyze_waivers-eda30e71-9026-4ffd-bdbb-d1a6e9a02e09]: exited"}}
[debug] [2026-06-28T19:21:18.714Z] [worker-us-central1-analyze_waivers-eda30e71-9026-4ffd-bdbb-d1a6e9a02e09]: FINISHED {"metadata":{"emulator":{"name":"functions"},"function":{"name":"us-central1-analyze_waivers"},"extension":{},"message":"[worker-us-central1-analyze_waivers-eda30e71-9026-4ffd-bdbb-d1a6e9a02e09]: FINISHED"}}
[debug] [2026-06-28T19:21:18.714Z] [worker-us-central1-analyze_waivers-ff421934-5a80-4fb8-8066-a08d4999a35c]: exited {"metadata":{"emulator":{"name":"functions"},"function":{"name":"us-central1-analyze_waivers"},"extension":{},"message":"[worker-us-central1-analyze_waivers-ff421934-5a80-4fb8-8066-a08d4999a35c]: exited"}}
[debug] [2026-06-28T19:21:18.714Z] [worker-us-central1-analyze_waivers-ff421934-5a80-4fb8-8066-a08d4999a35c]: FINISHED {"metadata":{"emulator":{"name":"functions"},"function":{"name":"us-central1-analyze_waivers"},"extension":{},"message":"[worker-us-central1-analyze_waivers-ff421934-5a80-4fb8-8066-a08d4999a35c]: FINISHED"}}
[debug] [2026-06-28T19:21:18.726Z] File /Users/patrickschmidt/github-projects/fantasy-sports-assistant/functions/__pycache__/api_core.cpython-314.pyc changed, reloading triggers {"metadata":{"emulator":{"name":"functions"},"message":"File /Users/patrickschmidt/github-projects/fantasy-sports-assistant/functions/__pycache__/api_core.cpython-314.pyc changed, reloading triggers"}}
[debug] [2026-06-28T19:21:19.728Z] Customer code is not Node
[debug] [2026-06-28T19:21:19.729Z] Validating python source
[debug] [2026-06-28T19:21:19.729Z] Building python source
[debug] [2026-06-28T19:21:19.730Z] Could not find functions.yaml. Must use http discovery
[debug] [2026-06-28T19:21:19.733Z] Running command with virtualenv: command=., args=["\"/Users/patrickschmidt/github-projects/fantasy-sports-assistant/functions/venv/bin/activate\"","&&","python3.14","-c","\"import firebase_functions; import os; print(os.path.dirname(firebase_functions.__file__))\""]
[debug] [2026-06-28T19:21:19.782Z] stdout: /Users/patrickschmidt/github-projects/fantasy-sports-assistant/functions/venv/lib/python3.14/site-packages/firebase_functions

[debug] [2026-06-28T19:21:19.784Z] Running admin server with args: ["python3.14","\"/Users/patrickschmidt/github-projects/fantasy-sports-assistant/functions/venv/lib/python3.14/site-packages/firebase_functions/private/serving.py\""] and env: {"GCLOUD_PROJECT":"demo-no-project","K_REVISION":"1","PORT":"80","GOOGLE_CLOUD_QUOTA_PROJECT":"demo-no-project","FUNCTIONS_EMULATOR":"true","TZ":"UTC","FIREBASE_DEBUG_MODE":"true","FIREBASE_DEBUG_FEATURES":"{\"skipTokenVerification\":true,\"enableCors\":true}","FIREBASE_EMULATOR_HUB":"127.0.0.1:4400","CLOUD_EVENTARC_EMULATOR_HOST":"http://127.0.0.1:9299","CLOUD_TASKS_EMULATOR_HOST":"127.0.0.1:9499","FIREBASE_CONFIG":"{\"storageBucket\":\"demo-no-project.appspot.com\",\"databaseURL\":\"https://demo-no-project.firebaseio.com\",\"projectId\":\"demo-no-project\"}","GOOGLE_APPLICATION_CREDENTIALS":"/Users/patrickschmidt/.config/firebase/patrick_schmidt.mail_gmail.com_application_default_credentials.json","ADMIN_PORT":"8081"} in /Users/patrickschmidt/github-projects/fantasy-sports-assistant/functions
[debug] [2026-06-28T19:21:19.785Z] Running command with virtualenv: command=., args=["\"/Users/patrickschmidt/github-projects/fantasy-sports-assistant/functions/venv/bin/activate\"","&&","python3.14","\"/Users/patrickschmidt/github-projects/fantasy-sports-assistant/functions/venv/lib/python3.14/site-packages/firebase_functions/private/serving.py\""]
[info]  * Serving Flask app 'serving'
 * Debug mode: off

[error] WARNING: This is a development server. Do not use it in a production deployment. Use a production WSGI server instead.
 * Running on http://127.0.0.1:8081

[error] Press CTRL+C to quit

[error] 127.0.0.1 - - [28/Jun/2026 19:21:20] "GET /__/functions.yaml HTTP/1.1" 200 -

[debug] [2026-06-28T19:21:20.308Z] Got response from /__/functions.yaml endpoints:
  analyze_waivers:
    availableMemoryMb: null
    concurrency: null
    entryPoint: analyze_waivers
    httpsTrigger: {}
    ingressSettings: null
    labels: {}
    maxInstances: null
    minInstances: null
    platform: gcfv2
    secretEnvironmentVariables: []
    serviceAccountEmail: null
    timeoutSeconds: null
  get_league_rosters:
    availableMemoryMb: null
    concurrency: null
    entryPoint: get_league_rosters
    httpsTrigger: {}
    ingressSettings: null
    labels: {}
    maxInstances: null
    minInstances: null
    platform: gcfv2
    secretEnvironmentVariables: []
    serviceAccountEmail: null
    timeoutSeconds: null
  get_league_users:
    availableMemoryMb: null
    concurrency: null
    entryPoint: get_league_users
    httpsTrigger: {}
    ingressSettings: null
    labels: {}
    maxInstances: null
    minInstances: null
    platform: gcfv2
    secretEnvironmentVariables: []
    serviceAccountEmail: null
    timeoutSeconds: null
  get_user_leagues:
    availableMemoryMb: null
    concurrency: null
    entryPoint: get_user_leagues
    httpsTrigger: {}
    ingressSettings: null
    labels: {}
    maxInstances: null
    minInstances: null
    platform: gcfv2
    secretEnvironmentVariables: []
    serviceAccountEmail: null
    timeoutSeconds: null
params: []
requiredAPIs: []
specVersion: v1alpha1

[error] 127.0.0.1 - - [28/Jun/2026 19:21:20] "GET /__/quitquitquit HTTP/1.1" 200 -

[error] /bin/sh: line 1: 67442 Terminated: 15          python3.14 "/Users/patrickschmidt/github-projects/fantasy-sports-assistant/functions/venv/lib/python3.14/site-packages/firebase_functions/private/serving.py"

[info] ✔  functions: Loaded functions definitions from source: analyze_waivers, get_league_rosters, get_league_users, get_user_leagues. {"metadata":{"emulator":{"name":"functions"},"message":"Loaded functions definitions from source: analyze_waivers, get_league_rosters, get_league_users, get_user_leagues."}}
[debug] [2026-06-28T19:22:59.533Z] [work-queue] {"queuedWork":["/demo-no-project/us-central1/analyze_waivers-2026-06-28T19:22:59.533Z"],"queueLength":1,"runningWork":[],"workRunningCount":0}
[debug] [2026-06-28T19:22:59.533Z] [work-queue] {"queuedWork":[],"queueLength":0,"runningWork":["/demo-no-project/us-central1/analyze_waivers-2026-06-28T19:22:59.533Z"],"workRunningCount":1}
[debug] [2026-06-28T19:22:59.533Z] Accepted request GET /demo-no-project/us-central1/analyze_waivers?username=p4t0b4ll3rs&league_id=1311997304433041408 --> us-central1-analyze_waivers
[debug] [2026-06-28T19:22:59.534Z] [functions] Runtime ready! Sending request! {"metadata":{"emulator":{"name":"functions"},"message":"[functions] Runtime ready! Sending request!"}}
[debug] [2026-06-28T19:22:59.534Z] [functions] Got req.url=/demo-no-project/us-central1/analyze_waivers?username=p4t0b4ll3rs&league_id=1311997304433041408, mapping to path=/?username=p4t0b4ll3rs&league_id=1311997304433041408 {"metadata":{"emulator":{"name":"functions"},"message":"[functions] Got req.url=/demo-no-project/us-central1/analyze_waivers?username=p4t0b4ll3rs&league_id=1311997304433041408, mapping to path=/?username=p4t0b4ll3rs&league_id=1311997304433041408"}}
[debug] [2026-06-28T19:22:59.534Z] [worker-pool] Cleaned up workers for us-central1-get_user_leagues: 1 --> 0 {"metadata":{"emulator":{"name":"functions"},"message":"[worker-pool] Cleaned up workers for us-central1-get_user_leagues: 1 --> 0"}}
[debug] [2026-06-28T19:22:59.534Z] [worker-pool] Cleaned up workers for us-central1-analyze_waivers: 2 --> 0 {"metadata":{"emulator":{"name":"functions"},"message":"[worker-pool] Cleaned up workers for us-central1-analyze_waivers: 2 --> 0"}}
[debug] [2026-06-28T19:22:59.535Z] Running command with virtualenv: command=., args=["\"/Users/patrickschmidt/github-projects/fantasy-sports-assistant/functions/venv/bin/activate\"","&&","functions-framework"]
[debug] [2026-06-28T19:22:59.536Z] [worker-pool] addWorker(us-central1-analyze_waivers) {"metadata":{"emulator":{"name":"functions"},"message":"[worker-pool] addWorker(us-central1-analyze_waivers)"}}
[debug] [2026-06-28T19:22:59.536Z] [worker-pool] Adding worker with key us-central1-analyze_waivers, total=1 {"metadata":{"emulator":{"name":"functions"},"message":"[worker-pool] Adding worker with key us-central1-analyze_waivers, total=1"}}
[debug] [2026-06-28T19:22:59.944Z] [worker-us-central1-analyze_waivers-908143d1-9889-4672-9206-d75974d91904]: IDLE {"metadata":{"emulator":{"name":"functions"},"function":{"name":"us-central1-analyze_waivers"},"extension":{},"message":"[worker-us-central1-analyze_waivers-908143d1-9889-4672-9206-d75974d91904]: IDLE"}}
[debug] [2026-06-28T19:22:59.944Z] [worker-pool] submitRequest(triggerId=us-central1-analyze_waivers) {"metadata":{"emulator":{"name":"functions"},"message":"[worker-pool] submitRequest(triggerId=us-central1-analyze_waivers)"}}
[info] i  functions: Beginning execution of "us-central1-analyze_waivers" {"metadata":{"emulator":{"name":"functions"},"function":{"name":"us-central1-analyze_waivers"},"extension":{},"message":"Beginning execution of \"us-central1-analyze_waivers\""}}
[debug] [2026-06-28T19:22:59.945Z] [worker-us-central1-analyze_waivers-908143d1-9889-4672-9206-d75974d91904]: BUSY {"metadata":{"emulator":{"name":"functions"},"function":{"name":"us-central1-analyze_waivers"},"extension":{},"message":"[worker-us-central1-analyze_waivers-908143d1-9889-4672-9206-d75974d91904]: BUSY"}}
[debug] [2026-06-28T19:23:00.507Z] Finishing up request with event=pause {"metadata":{"emulator":{"name":"functions"},"function":{"name":"us-central1-analyze_waivers"},"extension":{},"message":"Finishing up request with event=pause"}}
[info] i  functions: Finished "us-central1-analyze_waivers" in 562.573ms {"metadata":{"emulator":{"name":"functions"},"function":{"name":"us-central1-analyze_waivers"},"extension":{},"message":"Finished \"us-central1-analyze_waivers\" in 562.573ms"}}
[debug] [2026-06-28T19:23:00.507Z] [worker-us-central1-analyze_waivers-908143d1-9889-4672-9206-d75974d91904]: IDLE {"metadata":{"emulator":{"name":"functions"},"function":{"name":"us-central1-analyze_waivers"},"extension":{},"message":"[worker-us-central1-analyze_waivers-908143d1-9889-4672-9206-d75974d91904]: IDLE"}}
[debug] [2026-06-28T19:23:00.507Z] Finishing up request with event=finish {"metadata":{"emulator":{"name":"functions"},"function":{"name":"us-central1-analyze_waivers"},"extension":{},"message":"Finishing up request with event=finish"}}
[debug] [2026-06-28T19:23:00.507Z] Finishing up request with event=close {"metadata":{"emulator":{"name":"functions"},"function":{"name":"us-central1-analyze_waivers"},"extension":{},"message":"Finishing up request with event=close"}}
[debug] [2026-06-28T19:23:00.507Z] [work-queue] {"queuedWork":[],"queueLength":0,"runningWork":[],"workRunningCount":0}
[debug] [2026-06-28T19:27:21.208Z] File /Users/patrickschmidt/github-projects/fantasy-sports-assistant/functions/api_core.py changed, reloading triggers {"metadata":{"emulator":{"name":"functions"},"message":"File /Users/patrickschmidt/github-projects/fantasy-sports-assistant/functions/api_core.py changed, reloading triggers"}}
[debug] [2026-06-28T19:27:22.210Z] Customer code is not Node
[debug] [2026-06-28T19:27:22.210Z] Validating python source
[debug] [2026-06-28T19:27:22.210Z] Building python source
[debug] [2026-06-28T19:27:22.211Z] Could not find functions.yaml. Must use http discovery
[debug] [2026-06-28T19:27:22.212Z] Running command with virtualenv: command=., args=["\"/Users/patrickschmidt/github-projects/fantasy-sports-assistant/functions/venv/bin/activate\"","&&","python3.14","-c","\"import firebase_functions; import os; print(os.path.dirname(firebase_functions.__file__))\""]
[debug] [2026-06-28T19:27:22.255Z] stdout: /Users/patrickschmidt/github-projects/fantasy-sports-assistant/functions/venv/lib/python3.14/site-packages/firebase_functions

[debug] [2026-06-28T19:27:22.258Z] Running admin server with args: ["python3.14","\"/Users/patrickschmidt/github-projects/fantasy-sports-assistant/functions/venv/lib/python3.14/site-packages/firebase_functions/private/serving.py\""] and env: {"GCLOUD_PROJECT":"demo-no-project","K_REVISION":"1","PORT":"80","GOOGLE_CLOUD_QUOTA_PROJECT":"demo-no-project","FUNCTIONS_EMULATOR":"true","TZ":"UTC","FIREBASE_DEBUG_MODE":"true","FIREBASE_DEBUG_FEATURES":"{\"skipTokenVerification\":true,\"enableCors\":true}","FIREBASE_EMULATOR_HUB":"127.0.0.1:4400","CLOUD_EVENTARC_EMULATOR_HOST":"http://127.0.0.1:9299","CLOUD_TASKS_EMULATOR_HOST":"127.0.0.1:9499","FIREBASE_CONFIG":"{\"storageBucket\":\"demo-no-project.appspot.com\",\"databaseURL\":\"https://demo-no-project.firebaseio.com\",\"projectId\":\"demo-no-project\"}","GOOGLE_APPLICATION_CREDENTIALS":"/Users/patrickschmidt/.config/firebase/patrick_schmidt.mail_gmail.com_application_default_credentials.json","ADMIN_PORT":"8081"} in /Users/patrickschmidt/github-projects/fantasy-sports-assistant/functions
[debug] [2026-06-28T19:27:22.258Z] Running command with virtualenv: command=., args=["\"/Users/patrickschmidt/github-projects/fantasy-sports-assistant/functions/venv/bin/activate\"","&&","python3.14","\"/Users/patrickschmidt/github-projects/fantasy-sports-assistant/functions/venv/lib/python3.14/site-packages/firebase_functions/private/serving.py\""]
[info]  * Serving Flask app 'serving'
 * Debug mode: off

[error] WARNING: This is a development server. Do not use it in a production deployment. Use a production WSGI server instead.
 * Running on http://127.0.0.1:8081

[error] Press CTRL+C to quit

[error] 127.0.0.1 - - [28/Jun/2026 19:27:22] "GET /__/functions.yaml HTTP/1.1" 200 -

[debug] [2026-06-28T19:27:22.773Z] Got response from /__/functions.yaml endpoints:
  analyze_waivers:
    availableMemoryMb: null
    concurrency: null
    entryPoint: analyze_waivers
    httpsTrigger: {}
    ingressSettings: null
    labels: {}
    maxInstances: null
    minInstances: null
    platform: gcfv2
    secretEnvironmentVariables: []
    serviceAccountEmail: null
    timeoutSeconds: null
  get_league_rosters:
    availableMemoryMb: null
    concurrency: null
    entryPoint: get_league_rosters
    httpsTrigger: {}
    ingressSettings: null
    labels: {}
    maxInstances: null
    minInstances: null
    platform: gcfv2
    secretEnvironmentVariables: []
    serviceAccountEmail: null
    timeoutSeconds: null
  get_league_users:
    availableMemoryMb: null
    concurrency: null
    entryPoint: get_league_users
    httpsTrigger: {}
    ingressSettings: null
    labels: {}
    maxInstances: null
    minInstances: null
    platform: gcfv2
    secretEnvironmentVariables: []
    serviceAccountEmail: null
    timeoutSeconds: null
  get_user_leagues:
    availableMemoryMb: null
    concurrency: null
    entryPoint: get_user_leagues
    httpsTrigger: {}
    ingressSettings: null
    labels: {}
    maxInstances: null
    minInstances: null
    platform: gcfv2
    secretEnvironmentVariables: []
    serviceAccountEmail: null
    timeoutSeconds: null
params: []
requiredAPIs: []
specVersion: v1alpha1

[error] 127.0.0.1 - - [28/Jun/2026 19:27:22] "GET /__/quitquitquit HTTP/1.1" 200 -

[error] /bin/sh: line 1: 67525 Terminated: 15          python3.14 "/Users/patrickschmidt/github-projects/fantasy-sports-assistant/functions/venv/lib/python3.14/site-packages/firebase_functions/private/serving.py"

[info] ✔  functions: Loaded functions definitions from source: analyze_waivers, get_league_rosters, get_league_users, get_user_leagues. {"metadata":{"emulator":{"name":"functions"},"message":"Loaded functions definitions from source: analyze_waivers, get_league_rosters, get_league_users, get_user_leagues."}}
[debug] [2026-06-28T19:27:22.778Z] [worker-pool] Shutting down IDLE worker (us-central1-analyze_waivers) {"metadata":{"emulator":{"name":"functions"},"message":"[worker-pool] Shutting down IDLE worker (us-central1-analyze_waivers)"}}
[debug] [2026-06-28T19:27:22.778Z] [worker-us-central1-analyze_waivers-908143d1-9889-4672-9206-d75974d91904]: FINISHING {"metadata":{"emulator":{"name":"functions"},"function":{"name":"us-central1-analyze_waivers"},"extension":{},"message":"[worker-us-central1-analyze_waivers-908143d1-9889-4672-9206-d75974d91904]: FINISHING"}}
[debug] [2026-06-28T19:27:22.778Z] [worker-us-central1-analyze_waivers-908143d1-9889-4672-9206-d75974d91904]: exited {"metadata":{"emulator":{"name":"functions"},"function":{"name":"us-central1-analyze_waivers"},"extension":{},"message":"[worker-us-central1-analyze_waivers-908143d1-9889-4672-9206-d75974d91904]: exited"}}
[debug] [2026-06-28T19:27:22.778Z] [worker-us-central1-analyze_waivers-908143d1-9889-4672-9206-d75974d91904]: FINISHED {"metadata":{"emulator":{"name":"functions"},"function":{"name":"us-central1-analyze_waivers"},"extension":{},"message":"[worker-us-central1-analyze_waivers-908143d1-9889-4672-9206-d75974d91904]: FINISHED"}}
[debug] [2026-06-28T19:27:22.811Z] File /Users/patrickschmidt/github-projects/fantasy-sports-assistant/functions/__pycache__/api_core.cpython-314.pyc changed, reloading triggers {"metadata":{"emulator":{"name":"functions"},"message":"File /Users/patrickschmidt/github-projects/fantasy-sports-assistant/functions/__pycache__/api_core.cpython-314.pyc changed, reloading triggers"}}
[debug] [2026-06-28T19:27:23.813Z] Customer code is not Node
[debug] [2026-06-28T19:27:23.813Z] Validating python source
[debug] [2026-06-28T19:27:23.813Z] Building python source
[debug] [2026-06-28T19:27:23.813Z] Could not find functions.yaml. Must use http discovery
[debug] [2026-06-28T19:27:23.816Z] Running command with virtualenv: command=., args=["\"/Users/patrickschmidt/github-projects/fantasy-sports-assistant/functions/venv/bin/activate\"","&&","python3.14","-c","\"import firebase_functions; import os; print(os.path.dirname(firebase_functions.__file__))\""]
[debug] [2026-06-28T19:27:23.852Z] stdout: /Users/patrickschmidt/github-projects/fantasy-sports-assistant/functions/venv/lib/python3.14/site-packages/firebase_functions

[debug] [2026-06-28T19:27:23.855Z] Running admin server with args: ["python3.14","\"/Users/patrickschmidt/github-projects/fantasy-sports-assistant/functions/venv/lib/python3.14/site-packages/firebase_functions/private/serving.py\""] and env: {"GCLOUD_PROJECT":"demo-no-project","K_REVISION":"1","PORT":"80","GOOGLE_CLOUD_QUOTA_PROJECT":"demo-no-project","FUNCTIONS_EMULATOR":"true","TZ":"UTC","FIREBASE_DEBUG_MODE":"true","FIREBASE_DEBUG_FEATURES":"{\"skipTokenVerification\":true,\"enableCors\":true}","FIREBASE_EMULATOR_HUB":"127.0.0.1:4400","CLOUD_EVENTARC_EMULATOR_HOST":"http://127.0.0.1:9299","CLOUD_TASKS_EMULATOR_HOST":"127.0.0.1:9499","FIREBASE_CONFIG":"{\"storageBucket\":\"demo-no-project.appspot.com\",\"databaseURL\":\"https://demo-no-project.firebaseio.com\",\"projectId\":\"demo-no-project\"}","GOOGLE_APPLICATION_CREDENTIALS":"/Users/patrickschmidt/.config/firebase/patrick_schmidt.mail_gmail.com_application_default_credentials.json","ADMIN_PORT":"8081"} in /Users/patrickschmidt/github-projects/fantasy-sports-assistant/functions
[debug] [2026-06-28T19:27:23.855Z] Running command with virtualenv: command=., args=["\"/Users/patrickschmidt/github-projects/fantasy-sports-assistant/functions/venv/bin/activate\"","&&","python3.14","\"/Users/patrickschmidt/github-projects/fantasy-sports-assistant/functions/venv/lib/python3.14/site-packages/firebase_functions/private/serving.py\""]
[info]  * Serving Flask app 'serving'
 * Debug mode: off

[error] WARNING: This is a development server. Do not use it in a production deployment. Use a production WSGI server instead.
 * Running on http://127.0.0.1:8081

[error] Press CTRL+C to quit

[error] 127.0.0.1 - - [28/Jun/2026 19:27:24] "GET /__/functions.yaml HTTP/1.1" 200 -

[debug] [2026-06-28T19:27:24.371Z] Got response from /__/functions.yaml endpoints:
  analyze_waivers:
    availableMemoryMb: null
    concurrency: null
    entryPoint: analyze_waivers
    httpsTrigger: {}
    ingressSettings: null
    labels: {}
    maxInstances: null
    minInstances: null
    platform: gcfv2
    secretEnvironmentVariables: []
    serviceAccountEmail: null
    timeoutSeconds: null
  get_league_rosters:
    availableMemoryMb: null
    concurrency: null
    entryPoint: get_league_rosters
    httpsTrigger: {}
    ingressSettings: null
    labels: {}
    maxInstances: null
    minInstances: null
    platform: gcfv2
    secretEnvironmentVariables: []
    serviceAccountEmail: null
    timeoutSeconds: null
  get_league_users:
    availableMemoryMb: null
    concurrency: null
    entryPoint: get_league_users
    httpsTrigger: {}
    ingressSettings: null
    labels: {}
    maxInstances: null
    minInstances: null
    platform: gcfv2
    secretEnvironmentVariables: []
    serviceAccountEmail: null
    timeoutSeconds: null
  get_user_leagues:
    availableMemoryMb: null
    concurrency: null
    entryPoint: get_user_leagues
    httpsTrigger: {}
    ingressSettings: null
    labels: {}
    maxInstances: null
    minInstances: null
    platform: gcfv2
    secretEnvironmentVariables: []
    serviceAccountEmail: null
    timeoutSeconds: null
params: []
requiredAPIs: []
specVersion: v1alpha1

[error] 127.0.0.1 - - [28/Jun/2026 19:27:24] "GET /__/quitquitquit HTTP/1.1" 200 -

[error] /bin/sh: line 1: 67534 Terminated: 15          python3.14 "/Users/patrickschmidt/github-projects/fantasy-sports-assistant/functions/venv/lib/python3.14/site-packages/firebase_functions/private/serving.py"

[info] ✔  functions: Loaded functions definitions from source: analyze_waivers, get_league_rosters, get_league_users, get_user_leagues. {"metadata":{"emulator":{"name":"functions"},"message":"Loaded functions definitions from source: analyze_waivers, get_league_rosters, get_league_users, get_user_leagues."}}
[debug] [2026-06-28T19:27:34.813Z] File /Users/patrickschmidt/github-projects/fantasy-sports-assistant/functions/main.py changed, reloading triggers {"metadata":{"emulator":{"name":"functions"},"message":"File /Users/patrickschmidt/github-projects/fantasy-sports-assistant/functions/main.py changed, reloading triggers"}}
[debug] [2026-06-28T19:27:35.814Z] Customer code is not Node
[debug] [2026-06-28T19:27:35.815Z] Validating python source
[debug] [2026-06-28T19:27:35.815Z] Building python source
[debug] [2026-06-28T19:27:35.816Z] Could not find functions.yaml. Must use http discovery
[debug] [2026-06-28T19:27:35.818Z] Running command with virtualenv: command=., args=["\"/Users/patrickschmidt/github-projects/fantasy-sports-assistant/functions/venv/bin/activate\"","&&","python3.14","-c","\"import firebase_functions; import os; print(os.path.dirname(firebase_functions.__file__))\""]
[debug] [2026-06-28T19:27:35.856Z] stdout: /Users/patrickschmidt/github-projects/fantasy-sports-assistant/functions/venv/lib/python3.14/site-packages/firebase_functions

[debug] [2026-06-28T19:27:35.859Z] Running admin server with args: ["python3.14","\"/Users/patrickschmidt/github-projects/fantasy-sports-assistant/functions/venv/lib/python3.14/site-packages/firebase_functions/private/serving.py\""] and env: {"GCLOUD_PROJECT":"demo-no-project","K_REVISION":"1","PORT":"80","GOOGLE_CLOUD_QUOTA_PROJECT":"demo-no-project","FUNCTIONS_EMULATOR":"true","TZ":"UTC","FIREBASE_DEBUG_MODE":"true","FIREBASE_DEBUG_FEATURES":"{\"skipTokenVerification\":true,\"enableCors\":true}","FIREBASE_EMULATOR_HUB":"127.0.0.1:4400","CLOUD_EVENTARC_EMULATOR_HOST":"http://127.0.0.1:9299","CLOUD_TASKS_EMULATOR_HOST":"127.0.0.1:9499","FIREBASE_CONFIG":"{\"storageBucket\":\"demo-no-project.appspot.com\",\"databaseURL\":\"https://demo-no-project.firebaseio.com\",\"projectId\":\"demo-no-project\"}","GOOGLE_APPLICATION_CREDENTIALS":"/Users/patrickschmidt/.config/firebase/patrick_schmidt.mail_gmail.com_application_default_credentials.json","ADMIN_PORT":"8081"} in /Users/patrickschmidt/github-projects/fantasy-sports-assistant/functions
[debug] [2026-06-28T19:27:35.859Z] Running command with virtualenv: command=., args=["\"/Users/patrickschmidt/github-projects/fantasy-sports-assistant/functions/venv/bin/activate\"","&&","python3.14","\"/Users/patrickschmidt/github-projects/fantasy-sports-assistant/functions/venv/lib/python3.14/site-packages/firebase_functions/private/serving.py\""]
[info]  * Serving Flask app 'serving'
 * Debug mode: off

[error] WARNING: This is a development server. Do not use it in a production deployment. Use a production WSGI server instead.
 * Running on http://127.0.0.1:8081

[error] Press CTRL+C to quit

[debug] [2026-06-28T19:27:36.376Z] File /Users/patrickschmidt/github-projects/fantasy-sports-assistant/functions/__pycache__/main.cpython-314.pyc changed, reloading triggers {"metadata":{"emulator":{"name":"functions"},"message":"File /Users/patrickschmidt/github-projects/fantasy-sports-assistant/functions/__pycache__/main.cpython-314.pyc changed, reloading triggers"}}
[error] 127.0.0.1 - - [28/Jun/2026 19:27:36] "GET /__/functions.yaml HTTP/1.1" 200 -

[debug] [2026-06-28T19:27:36.378Z] Got response from /__/functions.yaml endpoints:
  analyze_waivers:
    availableMemoryMb: null
    concurrency: null
    entryPoint: analyze_waivers
    httpsTrigger: {}
    ingressSettings: null
    labels: {}
    maxInstances: null
    minInstances: null
    platform: gcfv2
    secretEnvironmentVariables: []
    serviceAccountEmail: null
    timeoutSeconds: null
  get_league_rosters:
    availableMemoryMb: null
    concurrency: null
    entryPoint: get_league_rosters
    httpsTrigger: {}
    ingressSettings: null
    labels: {}
    maxInstances: null
    minInstances: null
    platform: gcfv2
    secretEnvironmentVariables: []
    serviceAccountEmail: null
    timeoutSeconds: null
  get_league_users:
    availableMemoryMb: null
    concurrency: null
    entryPoint: get_league_users
    httpsTrigger: {}
    ingressSettings: null
    labels: {}
    maxInstances: null
    minInstances: null
    platform: gcfv2
    secretEnvironmentVariables: []
    serviceAccountEmail: null
    timeoutSeconds: null
  get_user_leagues:
    availableMemoryMb: null
    concurrency: null
    entryPoint: get_user_leagues
    httpsTrigger: {}
    ingressSettings: null
    labels: {}
    maxInstances: null
    minInstances: null
    platform: gcfv2
    secretEnvironmentVariables: []
    serviceAccountEmail: null
    timeoutSeconds: null
  update_data:
    availableMemoryMb: null
    concurrency: null
    entryPoint: update_data
    httpsTrigger: {}
    ingressSettings: null
    labels: {}
    maxInstances: null
    minInstances: null
    platform: gcfv2
    secretEnvironmentVariables: []
    serviceAccountEmail: null
    timeoutSeconds: null
params: []
requiredAPIs: []
specVersion: v1alpha1

[error] 127.0.0.1 - - [28/Jun/2026 19:27:36] "GET /__/quitquitquit HTTP/1.1" 200 -

[error] /bin/sh: line 1: 67550 Terminated: 15          python3.14 "/Users/patrickschmidt/github-projects/fantasy-sports-assistant/functions/venv/lib/python3.14/site-packages/firebase_functions/private/serving.py"

[info] ✔  functions: Loaded functions definitions from source: analyze_waivers, get_league_rosters, get_league_users, get_user_leagues, update_data. {"metadata":{"emulator":{"name":"functions"},"message":"Loaded functions definitions from source: analyze_waivers, get_league_rosters, get_league_users, get_user_leagues, update_data."}}
[info] ✔  functions[us-central1-update_data]: http function initialized (http://127.0.0.1:5001/demo-no-project/us-central1/update_data). {"metadata":{"emulator":{"name":"functions"},"message":"http function initialized (http://127.0.0.1:5001/demo-no-project/us-central1/update_data)."}}
[debug] [2026-06-28T19:27:37.378Z] Customer code is not Node
[debug] [2026-06-28T19:27:37.379Z] Validating python source
[debug] [2026-06-28T19:27:37.379Z] Building python source
[debug] [2026-06-28T19:27:37.379Z] Could not find functions.yaml. Must use http discovery
[debug] [2026-06-28T19:27:37.382Z] Running command with virtualenv: command=., args=["\"/Users/patrickschmidt/github-projects/fantasy-sports-assistant/functions/venv/bin/activate\"","&&","python3.14","-c","\"import firebase_functions; import os; print(os.path.dirname(firebase_functions.__file__))\""]
[debug] [2026-06-28T19:27:37.417Z] stdout: /Users/patrickschmidt/github-projects/fantasy-sports-assistant/functions/venv/lib/python3.14/site-packages/firebase_functions

[debug] [2026-06-28T19:27:37.420Z] Running admin server with args: ["python3.14","\"/Users/patrickschmidt/github-projects/fantasy-sports-assistant/functions/venv/lib/python3.14/site-packages/firebase_functions/private/serving.py\""] and env: {"GCLOUD_PROJECT":"demo-no-project","K_REVISION":"1","PORT":"80","GOOGLE_CLOUD_QUOTA_PROJECT":"demo-no-project","FUNCTIONS_EMULATOR":"true","TZ":"UTC","FIREBASE_DEBUG_MODE":"true","FIREBASE_DEBUG_FEATURES":"{\"skipTokenVerification\":true,\"enableCors\":true}","FIREBASE_EMULATOR_HUB":"127.0.0.1:4400","CLOUD_EVENTARC_EMULATOR_HOST":"http://127.0.0.1:9299","CLOUD_TASKS_EMULATOR_HOST":"127.0.0.1:9499","FIREBASE_CONFIG":"{\"storageBucket\":\"demo-no-project.appspot.com\",\"databaseURL\":\"https://demo-no-project.firebaseio.com\",\"projectId\":\"demo-no-project\"}","GOOGLE_APPLICATION_CREDENTIALS":"/Users/patrickschmidt/.config/firebase/patrick_schmidt.mail_gmail.com_application_default_credentials.json","ADMIN_PORT":"8081"} in /Users/patrickschmidt/github-projects/fantasy-sports-assistant/functions
[debug] [2026-06-28T19:27:37.420Z] Running command with virtualenv: command=., args=["\"/Users/patrickschmidt/github-projects/fantasy-sports-assistant/functions/venv/bin/activate\"","&&","python3.14","\"/Users/patrickschmidt/github-projects/fantasy-sports-assistant/functions/venv/lib/python3.14/site-packages/firebase_functions/private/serving.py\""]
[info]  * Serving Flask app 'serving'
 * Debug mode: off

[error] WARNING: This is a development server. Do not use it in a production deployment. Use a production WSGI server instead.
 * Running on http://127.0.0.1:8081

[error] Press CTRL+C to quit

[error] 127.0.0.1 - - [28/Jun/2026 19:27:37] "GET /__/functions.yaml HTTP/1.1" 200 -

[debug] [2026-06-28T19:27:37.938Z] Got response from /__/functions.yaml endpoints:
  analyze_waivers:
    availableMemoryMb: null
    concurrency: null
    entryPoint: analyze_waivers
    httpsTrigger: {}
    ingressSettings: null
    labels: {}
    maxInstances: null
    minInstances: null
    platform: gcfv2
    secretEnvironmentVariables: []
    serviceAccountEmail: null
    timeoutSeconds: null
  get_league_rosters:
    availableMemoryMb: null
    concurrency: null
    entryPoint: get_league_rosters
    httpsTrigger: {}
    ingressSettings: null
    labels: {}
    maxInstances: null
    minInstances: null
    platform: gcfv2
    secretEnvironmentVariables: []
    serviceAccountEmail: null
    timeoutSeconds: null
  get_league_users:
    availableMemoryMb: null
    concurrency: null
    entryPoint: get_league_users
    httpsTrigger: {}
    ingressSettings: null
    labels: {}
    maxInstances: null
    minInstances: null
    platform: gcfv2
    secretEnvironmentVariables: []
    serviceAccountEmail: null
    timeoutSeconds: null
  get_user_leagues:
    availableMemoryMb: null
    concurrency: null
    entryPoint: get_user_leagues
    httpsTrigger: {}
    ingressSettings: null
    labels: {}
    maxInstances: null
    minInstances: null
    platform: gcfv2
    secretEnvironmentVariables: []
    serviceAccountEmail: null
    timeoutSeconds: null
  update_data:
    availableMemoryMb: null
    concurrency: null
    entryPoint: update_data
    httpsTrigger: {}
    ingressSettings: null
    labels: {}
    maxInstances: null
    minInstances: null
    platform: gcfv2
    secretEnvironmentVariables: []
    serviceAccountEmail: null
    timeoutSeconds: null
params: []
requiredAPIs: []
specVersion: v1alpha1

[error] 127.0.0.1 - - [28/Jun/2026 19:27:37] "GET /__/quitquitquit HTTP/1.1" 200 -

[error] /bin/sh: line 1: 67558 Terminated: 15          python3.14 "/Users/patrickschmidt/github-projects/fantasy-sports-assistant/functions/venv/lib/python3.14/site-packages/firebase_functions/private/serving.py"

[info] ✔  functions: Loaded functions definitions from source: analyze_waivers, get_league_rosters, get_league_users, get_user_leagues, update_data. {"metadata":{"emulator":{"name":"functions"},"message":"Loaded functions definitions from source: analyze_waivers, get_league_rosters, get_league_users, get_user_leagues, update_data."}}
[debug] [2026-06-28T19:28:01.606Z] [work-queue] {"queuedWork":["/demo-no-project/us-central1/analyze_waivers-2026-06-28T19:28:01.606Z"],"queueLength":1,"runningWork":[],"workRunningCount":0}
[debug] [2026-06-28T19:28:01.606Z] [work-queue] {"queuedWork":[],"queueLength":0,"runningWork":["/demo-no-project/us-central1/analyze_waivers-2026-06-28T19:28:01.606Z"],"workRunningCount":1}
[debug] [2026-06-28T19:28:01.606Z] Accepted request GET /demo-no-project/us-central1/analyze_waivers?username=p4t0b4ll3rs&league_id=1311997304433041408 --> us-central1-analyze_waivers
[debug] [2026-06-28T19:28:01.607Z] [functions] Runtime ready! Sending request! {"metadata":{"emulator":{"name":"functions"},"message":"[functions] Runtime ready! Sending request!"}}
[debug] [2026-06-28T19:28:01.607Z] [functions] Got req.url=/demo-no-project/us-central1/analyze_waivers?username=p4t0b4ll3rs&league_id=1311997304433041408, mapping to path=/?username=p4t0b4ll3rs&league_id=1311997304433041408 {"metadata":{"emulator":{"name":"functions"},"message":"[functions] Got req.url=/demo-no-project/us-central1/analyze_waivers?username=p4t0b4ll3rs&league_id=1311997304433041408, mapping to path=/?username=p4t0b4ll3rs&league_id=1311997304433041408"}}
[debug] [2026-06-28T19:28:01.607Z] [worker-pool] Cleaned up workers for us-central1-analyze_waivers: 1 --> 0 {"metadata":{"emulator":{"name":"functions"},"message":"[worker-pool] Cleaned up workers for us-central1-analyze_waivers: 1 --> 0"}}
[debug] [2026-06-28T19:28:01.607Z] Running command with virtualenv: command=., args=["\"/Users/patrickschmidt/github-projects/fantasy-sports-assistant/functions/venv/bin/activate\"","&&","functions-framework"]
[debug] [2026-06-28T19:28:01.608Z] [worker-pool] addWorker(us-central1-analyze_waivers) {"metadata":{"emulator":{"name":"functions"},"message":"[worker-pool] addWorker(us-central1-analyze_waivers)"}}
[debug] [2026-06-28T19:28:01.608Z] [worker-pool] Adding worker with key us-central1-analyze_waivers, total=1 {"metadata":{"emulator":{"name":"functions"},"message":"[worker-pool] Adding worker with key us-central1-analyze_waivers, total=1"}}
[debug] [2026-06-28T19:28:02.017Z] [worker-us-central1-analyze_waivers-98822805-c639-4877-946a-ddba1b290065]: IDLE {"metadata":{"emulator":{"name":"functions"},"function":{"name":"us-central1-analyze_waivers"},"extension":{},"message":"[worker-us-central1-analyze_waivers-98822805-c639-4877-946a-ddba1b290065]: IDLE"}}
[debug] [2026-06-28T19:28:02.017Z] [worker-pool] submitRequest(triggerId=us-central1-analyze_waivers) {"metadata":{"emulator":{"name":"functions"},"message":"[worker-pool] submitRequest(triggerId=us-central1-analyze_waivers)"}}
[info] i  functions: Beginning execution of "us-central1-analyze_waivers" {"metadata":{"emulator":{"name":"functions"},"function":{"name":"us-central1-analyze_waivers"},"extension":{},"message":"Beginning execution of \"us-central1-analyze_waivers\""}}
[debug] [2026-06-28T19:28:02.018Z] [worker-us-central1-analyze_waivers-98822805-c639-4877-946a-ddba1b290065]: BUSY {"metadata":{"emulator":{"name":"functions"},"function":{"name":"us-central1-analyze_waivers"},"extension":{},"message":"[worker-us-central1-analyze_waivers-98822805-c639-4877-946a-ddba1b290065]: BUSY"}}
[debug] [2026-06-28T19:28:02.481Z] Finishing up request with event=pause {"metadata":{"emulator":{"name":"functions"},"function":{"name":"us-central1-analyze_waivers"},"extension":{},"message":"Finishing up request with event=pause"}}
[info] i  functions: Finished "us-central1-analyze_waivers" in 463.53125ms {"metadata":{"emulator":{"name":"functions"},"function":{"name":"us-central1-analyze_waivers"},"extension":{},"message":"Finished \"us-central1-analyze_waivers\" in 463.53125ms"}}
[debug] [2026-06-28T19:28:02.481Z] [worker-us-central1-analyze_waivers-98822805-c639-4877-946a-ddba1b290065]: IDLE {"metadata":{"emulator":{"name":"functions"},"function":{"name":"us-central1-analyze_waivers"},"extension":{},"message":"[worker-us-central1-analyze_waivers-98822805-c639-4877-946a-ddba1b290065]: IDLE"}}
[debug] [2026-06-28T19:28:02.481Z] Finishing up request with event=finish {"metadata":{"emulator":{"name":"functions"},"function":{"name":"us-central1-analyze_waivers"},"extension":{},"message":"Finishing up request with event=finish"}}
[debug] [2026-06-28T19:28:02.481Z] Finishing up request with event=close {"metadata":{"emulator":{"name":"functions"},"function":{"name":"us-central1-analyze_waivers"},"extension":{},"message":"Finishing up request with event=close"}}
[debug] [2026-06-28T19:28:02.481Z] [work-queue] {"queuedWork":[],"queueLength":0,"runningWork":[],"workRunningCount":0}
[debug] [2026-06-28T21:28:18.624Z] File /Users/patrickschmidt/github-projects/fantasy-sports-assistant/functions/api_core.py changed, reloading triggers {"metadata":{"emulator":{"name":"functions"},"message":"File /Users/patrickschmidt/github-projects/fantasy-sports-assistant/functions/api_core.py changed, reloading triggers"}}
[debug] [2026-06-28T21:28:19.627Z] Customer code is not Node
[debug] [2026-06-28T21:28:19.627Z] Validating python source
[debug] [2026-06-28T21:28:19.627Z] Building python source
[debug] [2026-06-28T21:28:19.628Z] Could not find functions.yaml. Must use http discovery
[debug] [2026-06-28T21:28:19.629Z] Running command with virtualenv: command=., args=["\"/Users/patrickschmidt/github-projects/fantasy-sports-assistant/functions/venv/bin/activate\"","&&","python3.14","-c","\"import firebase_functions; import os; print(os.path.dirname(firebase_functions.__file__))\""]
[debug] [2026-06-28T21:28:19.697Z] stdout: /Users/patrickschmidt/github-projects/fantasy-sports-assistant/functions/venv/lib/python3.14/site-packages/firebase_functions

[debug] [2026-06-28T21:28:19.701Z] Running admin server with args: ["python3.14","\"/Users/patrickschmidt/github-projects/fantasy-sports-assistant/functions/venv/lib/python3.14/site-packages/firebase_functions/private/serving.py\""] and env: {"GCLOUD_PROJECT":"demo-no-project","K_REVISION":"1","PORT":"80","GOOGLE_CLOUD_QUOTA_PROJECT":"demo-no-project","FUNCTIONS_EMULATOR":"true","TZ":"UTC","FIREBASE_DEBUG_MODE":"true","FIREBASE_DEBUG_FEATURES":"{\"skipTokenVerification\":true,\"enableCors\":true}","FIREBASE_EMULATOR_HUB":"127.0.0.1:4400","CLOUD_EVENTARC_EMULATOR_HOST":"http://127.0.0.1:9299","CLOUD_TASKS_EMULATOR_HOST":"127.0.0.1:9499","FIREBASE_CONFIG":"{\"storageBucket\":\"demo-no-project.appspot.com\",\"databaseURL\":\"https://demo-no-project.firebaseio.com\",\"projectId\":\"demo-no-project\"}","GOOGLE_APPLICATION_CREDENTIALS":"/Users/patrickschmidt/.config/firebase/patrick_schmidt.mail_gmail.com_application_default_credentials.json","ADMIN_PORT":"8081"} in /Users/patrickschmidt/github-projects/fantasy-sports-assistant/functions
[debug] [2026-06-28T21:28:19.701Z] Running command with virtualenv: command=., args=["\"/Users/patrickschmidt/github-projects/fantasy-sports-assistant/functions/venv/bin/activate\"","&&","python3.14","\"/Users/patrickschmidt/github-projects/fantasy-sports-assistant/functions/venv/lib/python3.14/site-packages/firebase_functions/private/serving.py\""]
[info]  * Serving Flask app 'serving'
 * Debug mode: off

[error] WARNING: This is a development server. Do not use it in a production deployment. Use a production WSGI server instead.
 * Running on http://127.0.0.1:8081

[error] Press CTRL+C to quit

[error] 127.0.0.1 - - [28/Jun/2026 21:28:20] "GET /__/functions.yaml HTTP/1.1" 200 -

[debug] [2026-06-28T21:28:20.217Z] Got response from /__/functions.yaml endpoints:
  analyze_waivers:
    availableMemoryMb: null
    concurrency: null
    entryPoint: analyze_waivers
    httpsTrigger: {}
    ingressSettings: null
    labels: {}
    maxInstances: null
    minInstances: null
    platform: gcfv2
    secretEnvironmentVariables: []
    serviceAccountEmail: null
    timeoutSeconds: null
  get_league_rosters:
    availableMemoryMb: null
    concurrency: null
    entryPoint: get_league_rosters
    httpsTrigger: {}
    ingressSettings: null
    labels: {}
    maxInstances: null
    minInstances: null
    platform: gcfv2
    secretEnvironmentVariables: []
    serviceAccountEmail: null
    timeoutSeconds: null
  get_league_users:
    availableMemoryMb: null
    concurrency: null
    entryPoint: get_league_users
    httpsTrigger: {}
    ingressSettings: null
    labels: {}
    maxInstances: null
    minInstances: null
    platform: gcfv2
    secretEnvironmentVariables: []
    serviceAccountEmail: null
    timeoutSeconds: null
  get_user_leagues:
    availableMemoryMb: null
    concurrency: null
    entryPoint: get_user_leagues
    httpsTrigger: {}
    ingressSettings: null
    labels: {}
    maxInstances: null
    minInstances: null
    platform: gcfv2
    secretEnvironmentVariables: []
    serviceAccountEmail: null
    timeoutSeconds: null
  update_data:
    availableMemoryMb: null
    concurrency: null
    entryPoint: update_data
    httpsTrigger: {}
    ingressSettings: null
    labels: {}
    maxInstances: null
    minInstances: null
    platform: gcfv2
    secretEnvironmentVariables: []
    serviceAccountEmail: null
    timeoutSeconds: null
params: []
requiredAPIs: []
specVersion: v1alpha1

[error] 127.0.0.1 - - [28/Jun/2026 21:28:20] "GET /__/quitquitquit HTTP/1.1" 200 -

[error] /bin/sh: line 1: 68921 Terminated: 15          python3.14 "/Users/patrickschmidt/github-projects/fantasy-sports-assistant/functions/venv/lib/python3.14/site-packages/firebase_functions/private/serving.py"

[info] ✔  functions: Loaded functions definitions from source: analyze_waivers, get_league_rosters, get_league_users, get_user_leagues, update_data. {"metadata":{"emulator":{"name":"functions"},"message":"Loaded functions definitions from source: analyze_waivers, get_league_rosters, get_league_users, get_user_leagues, update_data."}}
[debug] [2026-06-28T21:28:20.222Z] [worker-pool] Shutting down IDLE worker (us-central1-analyze_waivers) {"metadata":{"emulator":{"name":"functions"},"message":"[worker-pool] Shutting down IDLE worker (us-central1-analyze_waivers)"}}
[debug] [2026-06-28T21:28:20.222Z] [worker-us-central1-analyze_waivers-98822805-c639-4877-946a-ddba1b290065]: FINISHING {"metadata":{"emulator":{"name":"functions"},"function":{"name":"us-central1-analyze_waivers"},"extension":{},"message":"[worker-us-central1-analyze_waivers-98822805-c639-4877-946a-ddba1b290065]: FINISHING"}}
[debug] [2026-06-28T21:28:20.223Z] [worker-us-central1-analyze_waivers-98822805-c639-4877-946a-ddba1b290065]: exited {"metadata":{"emulator":{"name":"functions"},"function":{"name":"us-central1-analyze_waivers"},"extension":{},"message":"[worker-us-central1-analyze_waivers-98822805-c639-4877-946a-ddba1b290065]: exited"}}
[debug] [2026-06-28T21:28:20.223Z] [worker-us-central1-analyze_waivers-98822805-c639-4877-946a-ddba1b290065]: FINISHED {"metadata":{"emulator":{"name":"functions"},"function":{"name":"us-central1-analyze_waivers"},"extension":{},"message":"[worker-us-central1-analyze_waivers-98822805-c639-4877-946a-ddba1b290065]: FINISHED"}}
[debug] [2026-06-28T21:28:20.326Z] File /Users/patrickschmidt/github-projects/fantasy-sports-assistant/functions/__pycache__/api_core.cpython-314.pyc changed, reloading triggers {"metadata":{"emulator":{"name":"functions"},"message":"File /Users/patrickschmidt/github-projects/fantasy-sports-assistant/functions/__pycache__/api_core.cpython-314.pyc changed, reloading triggers"}}
[debug] [2026-06-28T21:28:21.327Z] Customer code is not Node
[debug] [2026-06-28T21:28:21.327Z] Validating python source
[debug] [2026-06-28T21:28:21.327Z] Building python source
[debug] [2026-06-28T21:28:21.327Z] Could not find functions.yaml. Must use http discovery
[debug] [2026-06-28T21:28:21.328Z] Running command with virtualenv: command=., args=["\"/Users/patrickschmidt/github-projects/fantasy-sports-assistant/functions/venv/bin/activate\"","&&","python3.14","-c","\"import firebase_functions; import os; print(os.path.dirname(firebase_functions.__file__))\""]
[debug] [2026-06-28T21:28:21.382Z] stdout: /Users/patrickschmidt/github-projects/fantasy-sports-assistant/functions/venv/lib/python3.14/site-packages/firebase_functions

[debug] [2026-06-28T21:28:21.385Z] Running admin server with args: ["python3.14","\"/Users/patrickschmidt/github-projects/fantasy-sports-assistant/functions/venv/lib/python3.14/site-packages/firebase_functions/private/serving.py\""] and env: {"GCLOUD_PROJECT":"demo-no-project","K_REVISION":"1","PORT":"80","GOOGLE_CLOUD_QUOTA_PROJECT":"demo-no-project","FUNCTIONS_EMULATOR":"true","TZ":"UTC","FIREBASE_DEBUG_MODE":"true","FIREBASE_DEBUG_FEATURES":"{\"skipTokenVerification\":true,\"enableCors\":true}","FIREBASE_EMULATOR_HUB":"127.0.0.1:4400","CLOUD_EVENTARC_EMULATOR_HOST":"http://127.0.0.1:9299","CLOUD_TASKS_EMULATOR_HOST":"127.0.0.1:9499","FIREBASE_CONFIG":"{\"storageBucket\":\"demo-no-project.appspot.com\",\"databaseURL\":\"https://demo-no-project.firebaseio.com\",\"projectId\":\"demo-no-project\"}","GOOGLE_APPLICATION_CREDENTIALS":"/Users/patrickschmidt/.config/firebase/patrick_schmidt.mail_gmail.com_application_default_credentials.json","ADMIN_PORT":"8081"} in /Users/patrickschmidt/github-projects/fantasy-sports-assistant/functions
[debug] [2026-06-28T21:28:21.385Z] Running command with virtualenv: command=., args=["\"/Users/patrickschmidt/github-projects/fantasy-sports-assistant/functions/venv/bin/activate\"","&&","python3.14","\"/Users/patrickschmidt/github-projects/fantasy-sports-assistant/functions/venv/lib/python3.14/site-packages/firebase_functions/private/serving.py\""]
[info]  * Serving Flask app 'serving'
 * Debug mode: off

[error] WARNING: This is a development server. Do not use it in a production deployment. Use a production WSGI server instead.
 * Running on http://127.0.0.1:8081

[error] Press CTRL+C to quit

[error] 127.0.0.1 - - [28/Jun/2026 21:28:21] "GET /__/functions.yaml HTTP/1.1" 200 -

[debug] [2026-06-28T21:28:21.901Z] Got response from /__/functions.yaml endpoints:
  analyze_waivers:
    availableMemoryMb: null
    concurrency: null
    entryPoint: analyze_waivers
    httpsTrigger: {}
    ingressSettings: null
    labels: {}
    maxInstances: null
    minInstances: null
    platform: gcfv2
    secretEnvironmentVariables: []
    serviceAccountEmail: null
    timeoutSeconds: null
  get_league_rosters:
    availableMemoryMb: null
    concurrency: null
    entryPoint: get_league_rosters
    httpsTrigger: {}
    ingressSettings: null
    labels: {}
    maxInstances: null
    minInstances: null
    platform: gcfv2
    secretEnvironmentVariables: []
    serviceAccountEmail: null
    timeoutSeconds: null
  get_league_users:
    availableMemoryMb: null
    concurrency: null
    entryPoint: get_league_users
    httpsTrigger: {}
    ingressSettings: null
    labels: {}
    maxInstances: null
    minInstances: null
    platform: gcfv2
    secretEnvironmentVariables: []
    serviceAccountEmail: null
    timeoutSeconds: null
  get_user_leagues:
    availableMemoryMb: null
    concurrency: null
    entryPoint: get_user_leagues
    httpsTrigger: {}
    ingressSettings: null
    labels: {}
    maxInstances: null
    minInstances: null
    platform: gcfv2
    secretEnvironmentVariables: []
    serviceAccountEmail: null
    timeoutSeconds: null
  update_data:
    availableMemoryMb: null
    concurrency: null
    entryPoint: update_data
    httpsTrigger: {}
    ingressSettings: null
    labels: {}
    maxInstances: null
    minInstances: null
    platform: gcfv2
    secretEnvironmentVariables: []
    serviceAccountEmail: null
    timeoutSeconds: null
params: []
requiredAPIs: []
specVersion: v1alpha1

[error] 127.0.0.1 - - [28/Jun/2026 21:28:21] "GET /__/quitquitquit HTTP/1.1" 200 -

[error] /bin/sh: line 1: 68930 Terminated: 15          python3.14 "/Users/patrickschmidt/github-projects/fantasy-sports-assistant/functions/venv/lib/python3.14/site-packages/firebase_functions/private/serving.py"

[info] ✔  functions: Loaded functions definitions from source: analyze_waivers, get_league_rosters, get_league_users, get_user_leagues, update_data. {"metadata":{"emulator":{"name":"functions"},"message":"Loaded functions definitions from source: analyze_waivers, get_league_rosters, get_league_users, get_user_leagues, update_data."}}
[debug] [2026-06-28T21:28:29.205Z] File /Users/patrickschmidt/github-projects/fantasy-sports-assistant/functions/main.py changed, reloading triggers {"metadata":{"emulator":{"name":"functions"},"message":"File /Users/patrickschmidt/github-projects/fantasy-sports-assistant/functions/main.py changed, reloading triggers"}}
[debug] [2026-06-28T21:28:30.207Z] Customer code is not Node
[debug] [2026-06-28T21:28:30.207Z] Validating python source
[debug] [2026-06-28T21:28:30.208Z] Building python source
[debug] [2026-06-28T21:28:30.209Z] Could not find functions.yaml. Must use http discovery
[debug] [2026-06-28T21:28:30.213Z] Running command with virtualenv: command=., args=["\"/Users/patrickschmidt/github-projects/fantasy-sports-assistant/functions/venv/bin/activate\"","&&","python3.14","-c","\"import firebase_functions; import os; print(os.path.dirname(firebase_functions.__file__))\""]
[debug] [2026-06-28T21:28:30.259Z] stdout: /Users/patrickschmidt/github-projects/fantasy-sports-assistant/functions/venv/lib/python3.14/site-packages/firebase_functions

[debug] [2026-06-28T21:28:30.262Z] Running admin server with args: ["python3.14","\"/Users/patrickschmidt/github-projects/fantasy-sports-assistant/functions/venv/lib/python3.14/site-packages/firebase_functions/private/serving.py\""] and env: {"GCLOUD_PROJECT":"demo-no-project","K_REVISION":"1","PORT":"80","GOOGLE_CLOUD_QUOTA_PROJECT":"demo-no-project","FUNCTIONS_EMULATOR":"true","TZ":"UTC","FIREBASE_DEBUG_MODE":"true","FIREBASE_DEBUG_FEATURES":"{\"skipTokenVerification\":true,\"enableCors\":true}","FIREBASE_EMULATOR_HUB":"127.0.0.1:4400","CLOUD_EVENTARC_EMULATOR_HOST":"http://127.0.0.1:9299","CLOUD_TASKS_EMULATOR_HOST":"127.0.0.1:9499","FIREBASE_CONFIG":"{\"storageBucket\":\"demo-no-project.appspot.com\",\"databaseURL\":\"https://demo-no-project.firebaseio.com\",\"projectId\":\"demo-no-project\"}","GOOGLE_APPLICATION_CREDENTIALS":"/Users/patrickschmidt/.config/firebase/patrick_schmidt.mail_gmail.com_application_default_credentials.json","ADMIN_PORT":"8081"} in /Users/patrickschmidt/github-projects/fantasy-sports-assistant/functions
[debug] [2026-06-28T21:28:30.262Z] Running command with virtualenv: command=., args=["\"/Users/patrickschmidt/github-projects/fantasy-sports-assistant/functions/venv/bin/activate\"","&&","python3.14","\"/Users/patrickschmidt/github-projects/fantasy-sports-assistant/functions/venv/lib/python3.14/site-packages/firebase_functions/private/serving.py\""]
[info]  * Serving Flask app 'serving'
 * Debug mode: off

[error] WARNING: This is a development server. Do not use it in a production deployment. Use a production WSGI server instead.
 * Running on http://127.0.0.1:8081

[error] Press CTRL+C to quit

[error] 127.0.0.1 - - [28/Jun/2026 21:28:30] "GET /__/functions.yaml HTTP/1.1" 200 -

[debug] [2026-06-28T21:28:30.793Z] Got response from /__/functions.yaml endpoints:
  analyze_draft:
    availableMemoryMb: null
    concurrency: null
    entryPoint: analyze_draft
    httpsTrigger: {}
    ingressSettings: null
    labels: {}
    maxInstances: null
    minInstances: null
    platform: gcfv2
    secretEnvironmentVariables: []
    serviceAccountEmail: null
    timeoutSeconds: null
  analyze_waivers:
    availableMemoryMb: null
    concurrency: null
    entryPoint: analyze_waivers
    httpsTrigger: {}
    ingressSettings: null
    labels: {}
    maxInstances: null
    minInstances: null
    platform: gcfv2
    secretEnvironmentVariables: []
    serviceAccountEmail: null
    timeoutSeconds: null
  get_league_rosters:
    availableMemoryMb: null
    concurrency: null
    entryPoint: get_league_rosters
    httpsTrigger: {}
    ingressSettings: null
    labels: {}
    maxInstances: null
    minInstances: null
    platform: gcfv2
    secretEnvironmentVariables: []
    serviceAccountEmail: null
    timeoutSeconds: null
  get_league_users:
    availableMemoryMb: null
    concurrency: null
    entryPoint: get_league_users
    httpsTrigger: {}
    ingressSettings: null
    labels: {}
    maxInstances: null
    minInstances: null
    platform: gcfv2
    secretEnvironmentVariables: []
    serviceAccountEmail: null
    timeoutSeconds: null
  get_user_drafts:
    availableMemoryMb: null
    concurrency: null
    entryPoint: get_user_drafts
    httpsTrigger: {}
    ingressSettings: null
    labels: {}
    maxInstances: null
    minInstances: null
    platform: gcfv2
    secretEnvironmentVariables: []
    serviceAccountEmail: null
    timeoutSeconds: null
  get_user_leagues:
    availableMemoryMb: null
    concurrency: null
    entryPoint: get_user_leagues
    httpsTrigger: {}
    ingressSettings: null
    labels: {}
    maxInstances: null
    minInstances: null
    platform: gcfv2
    secretEnvironmentVariables: []
    serviceAccountEmail: null
    timeoutSeconds: null
  update_data:
    availableMemoryMb: null
    concurrency: null
    entryPoint: update_data
    httpsTrigger: {}
    ingressSettings: null
    labels: {}
    maxInstances: null
    minInstances: null
    platform: gcfv2
    secretEnvironmentVariables: []
    serviceAccountEmail: null
    timeoutSeconds: null
params: []
requiredAPIs: []
specVersion: v1alpha1

[error] 127.0.0.1 - - [28/Jun/2026 21:28:30] "GET /__/quitquitquit HTTP/1.1" 200 -

[error] /bin/sh: line 1: 68942 Terminated: 15          python3.14 "/Users/patrickschmidt/github-projects/fantasy-sports-assistant/functions/venv/lib/python3.14/site-packages/firebase_functions/private/serving.py"

[info] ✔  functions: Loaded functions definitions from source: analyze_draft, analyze_waivers, get_league_rosters, get_league_users, get_user_drafts, get_user_leagues, update_data. {"metadata":{"emulator":{"name":"functions"},"message":"Loaded functions definitions from source: analyze_draft, analyze_waivers, get_league_rosters, get_league_users, get_user_drafts, get_user_leagues, update_data."}}
[info] ✔  functions[us-central1-analyze_draft]: http function initialized (http://127.0.0.1:5001/demo-no-project/us-central1/analyze_draft). {"metadata":{"emulator":{"name":"functions"},"message":"http function initialized (http://127.0.0.1:5001/demo-no-project/us-central1/analyze_draft)."}}
[info] ✔  functions[us-central1-get_user_drafts]: http function initialized (http://127.0.0.1:5001/demo-no-project/us-central1/get_user_drafts). {"metadata":{"emulator":{"name":"functions"},"message":"http function initialized (http://127.0.0.1:5001/demo-no-project/us-central1/get_user_drafts)."}}
[debug] [2026-06-28T21:28:30.825Z] File /Users/patrickschmidt/github-projects/fantasy-sports-assistant/functions/__pycache__/main.cpython-314.pyc changed, reloading triggers {"metadata":{"emulator":{"name":"functions"},"message":"File /Users/patrickschmidt/github-projects/fantasy-sports-assistant/functions/__pycache__/main.cpython-314.pyc changed, reloading triggers"}}
[debug] [2026-06-28T21:28:31.827Z] Customer code is not Node
[debug] [2026-06-28T21:28:31.827Z] Validating python source
[debug] [2026-06-28T21:28:31.827Z] Building python source
[debug] [2026-06-28T21:28:31.828Z] Could not find functions.yaml. Must use http discovery
[debug] [2026-06-28T21:28:31.832Z] Running command with virtualenv: command=., args=["\"/Users/patrickschmidt/github-projects/fantasy-sports-assistant/functions/venv/bin/activate\"","&&","python3.14","-c","\"import firebase_functions; import os; print(os.path.dirname(firebase_functions.__file__))\""]
[debug] [2026-06-28T21:28:31.877Z] stdout: /Users/patrickschmidt/github-projects/fantasy-sports-assistant/functions/venv/lib/python3.14/site-packages/firebase_functions

[debug] [2026-06-28T21:28:31.880Z] Running admin server with args: ["python3.14","\"/Users/patrickschmidt/github-projects/fantasy-sports-assistant/functions/venv/lib/python3.14/site-packages/firebase_functions/private/serving.py\""] and env: {"GCLOUD_PROJECT":"demo-no-project","K_REVISION":"1","PORT":"80","GOOGLE_CLOUD_QUOTA_PROJECT":"demo-no-project","FUNCTIONS_EMULATOR":"true","TZ":"UTC","FIREBASE_DEBUG_MODE":"true","FIREBASE_DEBUG_FEATURES":"{\"skipTokenVerification\":true,\"enableCors\":true}","FIREBASE_EMULATOR_HUB":"127.0.0.1:4400","CLOUD_EVENTARC_EMULATOR_HOST":"http://127.0.0.1:9299","CLOUD_TASKS_EMULATOR_HOST":"127.0.0.1:9499","FIREBASE_CONFIG":"{\"storageBucket\":\"demo-no-project.appspot.com\",\"databaseURL\":\"https://demo-no-project.firebaseio.com\",\"projectId\":\"demo-no-project\"}","GOOGLE_APPLICATION_CREDENTIALS":"/Users/patrickschmidt/.config/firebase/patrick_schmidt.mail_gmail.com_application_default_credentials.json","ADMIN_PORT":"8081"} in /Users/patrickschmidt/github-projects/fantasy-sports-assistant/functions
[debug] [2026-06-28T21:28:31.880Z] Running command with virtualenv: command=., args=["\"/Users/patrickschmidt/github-projects/fantasy-sports-assistant/functions/venv/bin/activate\"","&&","python3.14","\"/Users/patrickschmidt/github-projects/fantasy-sports-assistant/functions/venv/lib/python3.14/site-packages/firebase_functions/private/serving.py\""]
[info]  * Serving Flask app 'serving'
 * Debug mode: off

[error] WARNING: This is a development server. Do not use it in a production deployment. Use a production WSGI server instead.
 * Running on http://127.0.0.1:8081

[error] Press CTRL+C to quit

[error] 127.0.0.1 - - [28/Jun/2026 21:28:32] "GET /__/functions.yaml HTTP/1.1" 200 -

[debug] [2026-06-28T21:28:32.407Z] Got response from /__/functions.yaml endpoints:
  analyze_draft:
    availableMemoryMb: null
    concurrency: null
    entryPoint: analyze_draft
    httpsTrigger: {}
    ingressSettings: null
    labels: {}
    maxInstances: null
    minInstances: null
    platform: gcfv2
    secretEnvironmentVariables: []
    serviceAccountEmail: null
    timeoutSeconds: null
  analyze_waivers:
    availableMemoryMb: null
    concurrency: null
    entryPoint: analyze_waivers
    httpsTrigger: {}
    ingressSettings: null
    labels: {}
    maxInstances: null
    minInstances: null
    platform: gcfv2
    secretEnvironmentVariables: []
    serviceAccountEmail: null
    timeoutSeconds: null
  get_league_rosters:
    availableMemoryMb: null
    concurrency: null
    entryPoint: get_league_rosters
    httpsTrigger: {}
    ingressSettings: null
    labels: {}
    maxInstances: null
    minInstances: null
    platform: gcfv2
    secretEnvironmentVariables: []
    serviceAccountEmail: null
    timeoutSeconds: null
  get_league_users:
    availableMemoryMb: null
    concurrency: null
    entryPoint: get_league_users
    httpsTrigger: {}
    ingressSettings: null
    labels: {}
    maxInstances: null
    minInstances: null
    platform: gcfv2
    secretEnvironmentVariables: []
    serviceAccountEmail: null
    timeoutSeconds: null
  get_user_drafts:
    availableMemoryMb: null
    concurrency: null
    entryPoint: get_user_drafts
    httpsTrigger: {}
    ingressSettings: null
    labels: {}
    maxInstances: null
    minInstances: null
    platform: gcfv2
    secretEnvironmentVariables: []
    serviceAccountEmail: null
    timeoutSeconds: null
  get_user_leagues:
    availableMemoryMb: null
    concurrency: null
    entryPoint: get_user_leagues
    httpsTrigger: {}
    ingressSettings: null
    labels: {}
    maxInstances: null
    minInstances: null
    platform: gcfv2
    secretEnvironmentVariables: []
    serviceAccountEmail: null
    timeoutSeconds: null
  update_data:
    availableMemoryMb: null
    concurrency: null
    entryPoint: update_data
    httpsTrigger: {}
    ingressSettings: null
    labels: {}
    maxInstances: null
    minInstances: null
    platform: gcfv2
    secretEnvironmentVariables: []
    serviceAccountEmail: null
    timeoutSeconds: null
params: []
requiredAPIs: []
specVersion: v1alpha1

[error] 127.0.0.1 - - [28/Jun/2026 21:28:32] "GET /__/quitquitquit HTTP/1.1" 200 -

[error] /bin/sh: line 1: 68954 Terminated: 15          python3.14 "/Users/patrickschmidt/github-projects/fantasy-sports-assistant/functions/venv/lib/python3.14/site-packages/firebase_functions/private/serving.py"

[info] ✔  functions: Loaded functions definitions from source: analyze_draft, analyze_waivers, get_league_rosters, get_league_users, get_user_drafts, get_user_leagues, update_data. {"metadata":{"emulator":{"name":"functions"},"message":"Loaded functions definitions from source: analyze_draft, analyze_waivers, get_league_rosters, get_league_users, get_user_drafts, get_user_leagues, update_data."}}
[debug] [2026-07-03T21:10:51.921Z] File /Users/patrickschmidt/github-projects/fantasy-sports-assistant/functions/api_core.py changed, reloading triggers {"metadata":{"emulator":{"name":"functions"},"message":"File /Users/patrickschmidt/github-projects/fantasy-sports-assistant/functions/api_core.py changed, reloading triggers"}}
[debug] [2026-07-03T21:10:52.934Z] Customer code is not Node
[debug] [2026-07-03T21:10:52.935Z] Validating python source
[debug] [2026-07-03T21:10:52.935Z] Building python source
[debug] [2026-07-03T21:10:52.936Z] Could not find functions.yaml. Must use http discovery
[debug] [2026-07-03T21:10:52.939Z] Running command with virtualenv: command=., args=["\"/Users/patrickschmidt/github-projects/fantasy-sports-assistant/functions/venv/bin/activate\"","&&","python3.14","-c","\"import firebase_functions; import os; print(os.path.dirname(firebase_functions.__file__))\""]
[debug] [2026-07-03T21:10:52.990Z] stdout: /Users/patrickschmidt/github-projects/fantasy-sports-assistant/functions/venv/lib/python3.14/site-packages/firebase_functions

[debug] [2026-07-03T21:10:52.993Z] Running admin server with args: ["python3.14","\"/Users/patrickschmidt/github-projects/fantasy-sports-assistant/functions/venv/lib/python3.14/site-packages/firebase_functions/private/serving.py\""] and env: {"GCLOUD_PROJECT":"demo-no-project","K_REVISION":"1","PORT":"80","GOOGLE_CLOUD_QUOTA_PROJECT":"demo-no-project","FUNCTIONS_EMULATOR":"true","TZ":"UTC","FIREBASE_DEBUG_MODE":"true","FIREBASE_DEBUG_FEATURES":"{\"skipTokenVerification\":true,\"enableCors\":true}","FIREBASE_EMULATOR_HUB":"127.0.0.1:4400","CLOUD_EVENTARC_EMULATOR_HOST":"http://127.0.0.1:9299","CLOUD_TASKS_EMULATOR_HOST":"127.0.0.1:9499","FIREBASE_CONFIG":"{\"storageBucket\":\"demo-no-project.appspot.com\",\"databaseURL\":\"https://demo-no-project.firebaseio.com\",\"projectId\":\"demo-no-project\"}","GOOGLE_APPLICATION_CREDENTIALS":"/Users/patrickschmidt/.config/firebase/patrick_schmidt.mail_gmail.com_application_default_credentials.json","ADMIN_PORT":"8081"} in /Users/patrickschmidt/github-projects/fantasy-sports-assistant/functions
[debug] [2026-07-03T21:10:52.993Z] Running command with virtualenv: command=., args=["\"/Users/patrickschmidt/github-projects/fantasy-sports-assistant/functions/venv/bin/activate\"","&&","python3.14","\"/Users/patrickschmidt/github-projects/fantasy-sports-assistant/functions/venv/lib/python3.14/site-packages/firebase_functions/private/serving.py\""]
[info]  * Serving Flask app 'serving'
 * Debug mode: off

[error] WARNING: This is a development server. Do not use it in a production deployment. Use a production WSGI server instead.
 * Running on http://127.0.0.1:8081

[error] Press CTRL+C to quit

[error] 127.0.0.1 - - [03/Jul/2026 21:10:53] "GET /__/functions.yaml HTTP/1.1" 200 -

[debug] [2026-07-03T21:10:53.517Z] Got response from /__/functions.yaml endpoints:
  analyze_draft:
    availableMemoryMb: null
    concurrency: null
    entryPoint: analyze_draft
    httpsTrigger: {}
    ingressSettings: null
    labels: {}
    maxInstances: null
    minInstances: null
    platform: gcfv2
    secretEnvironmentVariables: []
    serviceAccountEmail: null
    timeoutSeconds: null
  analyze_waivers:
    availableMemoryMb: null
    concurrency: null
    entryPoint: analyze_waivers
    httpsTrigger: {}
    ingressSettings: null
    labels: {}
    maxInstances: null
    minInstances: null
    platform: gcfv2
    secretEnvironmentVariables: []
    serviceAccountEmail: null
    timeoutSeconds: null
  get_league_rosters:
    availableMemoryMb: null
    concurrency: null
    entryPoint: get_league_rosters
    httpsTrigger: {}
    ingressSettings: null
    labels: {}
    maxInstances: null
    minInstances: null
    platform: gcfv2
    secretEnvironmentVariables: []
    serviceAccountEmail: null
    timeoutSeconds: null
  get_league_users:
    availableMemoryMb: null
    concurrency: null
    entryPoint: get_league_users
    httpsTrigger: {}
    ingressSettings: null
    labels: {}
    maxInstances: null
    minInstances: null
    platform: gcfv2
    secretEnvironmentVariables: []
    serviceAccountEmail: null
    timeoutSeconds: null
  get_user_drafts:
    availableMemoryMb: null
    concurrency: null
    entryPoint: get_user_drafts
    httpsTrigger: {}
    ingressSettings: null
    labels: {}
    maxInstances: null
    minInstances: null
    platform: gcfv2
    secretEnvironmentVariables: []
    serviceAccountEmail: null
    timeoutSeconds: null
  get_user_leagues:
    availableMemoryMb: null
    concurrency: null
    entryPoint: get_user_leagues
    httpsTrigger: {}
    ingressSettings: null
    labels: {}
    maxInstances: null
    minInstances: null
    platform: gcfv2
    secretEnvironmentVariables: []
    serviceAccountEmail: null
    timeoutSeconds: null
  update_data:
    availableMemoryMb: null
    concurrency: null
    entryPoint: update_data
    httpsTrigger: {}
    ingressSettings: null
    labels: {}
    maxInstances: null
    minInstances: null
    platform: gcfv2
    secretEnvironmentVariables: []
    serviceAccountEmail: null
    timeoutSeconds: null
params: []
requiredAPIs: []
specVersion: v1alpha1

[error] 127.0.0.1 - - [03/Jul/2026 21:10:53] "GET /__/quitquitquit HTTP/1.1" 200 -

[error] /bin/sh: line 1: 92760 Terminated: 15          python3.14 "/Users/patrickschmidt/github-projects/fantasy-sports-assistant/functions/venv/lib/python3.14/site-packages/firebase_functions/private/serving.py"

[info] ✔  functions: Loaded functions definitions from source: analyze_draft, analyze_waivers, get_league_rosters, get_league_users, get_user_drafts, get_user_leagues, update_data. {"metadata":{"emulator":{"name":"functions"},"message":"Loaded functions definitions from source: analyze_draft, analyze_waivers, get_league_rosters, get_league_users, get_user_drafts, get_user_leagues, update_data."}}
[debug] [2026-07-03T21:10:53.526Z] File /Users/patrickschmidt/github-projects/fantasy-sports-assistant/functions/__pycache__/api_core.cpython-314.pyc changed, reloading triggers {"metadata":{"emulator":{"name":"functions"},"message":"File /Users/patrickschmidt/github-projects/fantasy-sports-assistant/functions/__pycache__/api_core.cpython-314.pyc changed, reloading triggers"}}
[debug] [2026-07-03T21:10:54.528Z] Customer code is not Node
[debug] [2026-07-03T21:10:54.529Z] Validating python source
[debug] [2026-07-03T21:10:54.531Z] Building python source
[debug] [2026-07-03T21:10:54.532Z] Could not find functions.yaml. Must use http discovery
[debug] [2026-07-03T21:10:54.535Z] Running command with virtualenv: command=., args=["\"/Users/patrickschmidt/github-projects/fantasy-sports-assistant/functions/venv/bin/activate\"","&&","python3.14","-c","\"import firebase_functions; import os; print(os.path.dirname(firebase_functions.__file__))\""]
[debug] [2026-07-03T21:10:54.586Z] stdout: /Users/patrickschmidt/github-projects/fantasy-sports-assistant/functions/venv/lib/python3.14/site-packages/firebase_functions

[debug] [2026-07-03T21:10:54.589Z] Running admin server with args: ["python3.14","\"/Users/patrickschmidt/github-projects/fantasy-sports-assistant/functions/venv/lib/python3.14/site-packages/firebase_functions/private/serving.py\""] and env: {"GCLOUD_PROJECT":"demo-no-project","K_REVISION":"1","PORT":"80","GOOGLE_CLOUD_QUOTA_PROJECT":"demo-no-project","FUNCTIONS_EMULATOR":"true","TZ":"UTC","FIREBASE_DEBUG_MODE":"true","FIREBASE_DEBUG_FEATURES":"{\"skipTokenVerification\":true,\"enableCors\":true}","FIREBASE_EMULATOR_HUB":"127.0.0.1:4400","CLOUD_EVENTARC_EMULATOR_HOST":"http://127.0.0.1:9299","CLOUD_TASKS_EMULATOR_HOST":"127.0.0.1:9499","FIREBASE_CONFIG":"{\"storageBucket\":\"demo-no-project.appspot.com\",\"databaseURL\":\"https://demo-no-project.firebaseio.com\",\"projectId\":\"demo-no-project\"}","GOOGLE_APPLICATION_CREDENTIALS":"/Users/patrickschmidt/.config/firebase/patrick_schmidt.mail_gmail.com_application_default_credentials.json","ADMIN_PORT":"8081"} in /Users/patrickschmidt/github-projects/fantasy-sports-assistant/functions
[debug] [2026-07-03T21:10:54.589Z] Running command with virtualenv: command=., args=["\"/Users/patrickschmidt/github-projects/fantasy-sports-assistant/functions/venv/bin/activate\"","&&","python3.14","\"/Users/patrickschmidt/github-projects/fantasy-sports-assistant/functions/venv/lib/python3.14/site-packages/firebase_functions/private/serving.py\""]
[info]  * Serving Flask app 'serving'
 * Debug mode: off

[error] WARNING: This is a development server. Do not use it in a production deployment. Use a production WSGI server instead.
 * Running on http://127.0.0.1:8081

[error] Press CTRL+C to quit

[error] 127.0.0.1 - - [03/Jul/2026 21:10:55] "GET /__/functions.yaml HTTP/1.1" 200 -

[debug] [2026-07-03T21:10:55.110Z] Got response from /__/functions.yaml endpoints:
  analyze_draft:
    availableMemoryMb: null
    concurrency: null
    entryPoint: analyze_draft
    httpsTrigger: {}
    ingressSettings: null
    labels: {}
    maxInstances: null
    minInstances: null
    platform: gcfv2
    secretEnvironmentVariables: []
    serviceAccountEmail: null
    timeoutSeconds: null
  analyze_waivers:
    availableMemoryMb: null
    concurrency: null
    entryPoint: analyze_waivers
    httpsTrigger: {}
    ingressSettings: null
    labels: {}
    maxInstances: null
    minInstances: null
    platform: gcfv2
    secretEnvironmentVariables: []
    serviceAccountEmail: null
    timeoutSeconds: null
  get_league_rosters:
    availableMemoryMb: null
    concurrency: null
    entryPoint: get_league_rosters
    httpsTrigger: {}
    ingressSettings: null
    labels: {}
    maxInstances: null
    minInstances: null
    platform: gcfv2
    secretEnvironmentVariables: []
    serviceAccountEmail: null
    timeoutSeconds: null
  get_league_users:
    availableMemoryMb: null
    concurrency: null
    entryPoint: get_league_users
    httpsTrigger: {}
    ingressSettings: null
    labels: {}
    maxInstances: null
    minInstances: null
    platform: gcfv2
    secretEnvironmentVariables: []
    serviceAccountEmail: null
    timeoutSeconds: null
  get_user_drafts:
    availableMemoryMb: null
    concurrency: null
    entryPoint: get_user_drafts
    httpsTrigger: {}
    ingressSettings: null
    labels: {}
    maxInstances: null
    minInstances: null
    platform: gcfv2
    secretEnvironmentVariables: []
    serviceAccountEmail: null
    timeoutSeconds: null
  get_user_leagues:
    availableMemoryMb: null
    concurrency: null
    entryPoint: get_user_leagues
    httpsTrigger: {}
    ingressSettings: null
    labels: {}
    maxInstances: null
    minInstances: null
    platform: gcfv2
    secretEnvironmentVariables: []
    serviceAccountEmail: null
    timeoutSeconds: null
  update_data:
    availableMemoryMb: null
    concurrency: null
    entryPoint: update_data
    httpsTrigger: {}
    ingressSettings: null
    labels: {}
    maxInstances: null
    minInstances: null
    platform: gcfv2
    secretEnvironmentVariables: []
    serviceAccountEmail: null
    timeoutSeconds: null
params: []
requiredAPIs: []
specVersion: v1alpha1

[error] 127.0.0.1 - - [03/Jul/2026 21:10:55] "GET /__/quitquitquit HTTP/1.1" 200 -

[error] /bin/sh: line 1: 92769 Terminated: 15          python3.14 "/Users/patrickschmidt/github-projects/fantasy-sports-assistant/functions/venv/lib/python3.14/site-packages/firebase_functions/private/serving.py"

[info] ✔  functions: Loaded functions definitions from source: analyze_draft, analyze_waivers, get_league_rosters, get_league_users, get_user_drafts, get_user_leagues, update_data. {"metadata":{"emulator":{"name":"functions"},"message":"Loaded functions definitions from source: analyze_draft, analyze_waivers, get_league_rosters, get_league_users, get_user_drafts, get_user_leagues, update_data."}}
[debug] [2026-07-03T21:16:18.758Z] [work-queue] {"queuedWork":["/demo-no-project/us-central1/get_user_leagues-2026-07-03T21:16:18.758Z"],"queueLength":1,"runningWork":[],"workRunningCount":0}
[debug] [2026-07-03T21:16:18.759Z] [work-queue] {"queuedWork":[],"queueLength":0,"runningWork":["/demo-no-project/us-central1/get_user_leagues-2026-07-03T21:16:18.758Z"],"workRunningCount":1}
[debug] [2026-07-03T21:16:18.759Z] Accepted request GET /demo-no-project/us-central1/get_user_leagues?username=p4t0b4ll3rs --> us-central1-get_user_leagues
[debug] [2026-07-03T21:16:18.760Z] [functions] Runtime ready! Sending request! {"metadata":{"emulator":{"name":"functions"},"message":"[functions] Runtime ready! Sending request!"}}
[debug] [2026-07-03T21:16:18.761Z] [functions] Got req.url=/demo-no-project/us-central1/get_user_leagues?username=p4t0b4ll3rs, mapping to path=/?username=p4t0b4ll3rs {"metadata":{"emulator":{"name":"functions"},"message":"[functions] Got req.url=/demo-no-project/us-central1/get_user_leagues?username=p4t0b4ll3rs, mapping to path=/?username=p4t0b4ll3rs"}}
[debug] [2026-07-03T21:16:18.761Z] [worker-pool] Cleaned up workers for us-central1-analyze_waivers: 1 --> 0 {"metadata":{"emulator":{"name":"functions"},"message":"[worker-pool] Cleaned up workers for us-central1-analyze_waivers: 1 --> 0"}}
[debug] [2026-07-03T21:16:18.763Z] Running command with virtualenv: command=., args=["\"/Users/patrickschmidt/github-projects/fantasy-sports-assistant/functions/venv/bin/activate\"","&&","functions-framework"]
[debug] [2026-07-03T21:16:18.764Z] [worker-pool] addWorker(us-central1-get_user_leagues) {"metadata":{"emulator":{"name":"functions"},"message":"[worker-pool] addWorker(us-central1-get_user_leagues)"}}
[debug] [2026-07-03T21:16:18.764Z] [worker-pool] Adding worker with key us-central1-get_user_leagues, total=1 {"metadata":{"emulator":{"name":"functions"},"message":"[worker-pool] Adding worker with key us-central1-get_user_leagues, total=1"}}
[debug] [2026-07-03T21:16:19.174Z] [worker-us-central1-get_user_leagues-f1def6c5-2643-482d-8b88-ca7672aa43a3]: IDLE {"metadata":{"emulator":{"name":"functions"},"function":{"name":"us-central1-get_user_leagues"},"extension":{},"message":"[worker-us-central1-get_user_leagues-f1def6c5-2643-482d-8b88-ca7672aa43a3]: IDLE"}}
[debug] [2026-07-03T21:16:19.174Z] [worker-pool] submitRequest(triggerId=us-central1-get_user_leagues) {"metadata":{"emulator":{"name":"functions"},"message":"[worker-pool] submitRequest(triggerId=us-central1-get_user_leagues)"}}
[info] i  functions: Beginning execution of "us-central1-get_user_leagues" {"metadata":{"emulator":{"name":"functions"},"function":{"name":"us-central1-get_user_leagues"},"extension":{},"message":"Beginning execution of \"us-central1-get_user_leagues\""}}
[debug] [2026-07-03T21:16:19.174Z] [worker-us-central1-get_user_leagues-f1def6c5-2643-482d-8b88-ca7672aa43a3]: BUSY {"metadata":{"emulator":{"name":"functions"},"function":{"name":"us-central1-get_user_leagues"},"extension":{},"message":"[worker-us-central1-get_user_leagues-f1def6c5-2643-482d-8b88-ca7672aa43a3]: BUSY"}}
[debug] [2026-07-03T21:16:19.821Z] Finishing up request with event=pause {"metadata":{"emulator":{"name":"functions"},"function":{"name":"us-central1-get_user_leagues"},"extension":{},"message":"Finishing up request with event=pause"}}
[info] i  functions: Finished "us-central1-get_user_leagues" in 647.396709ms {"metadata":{"emulator":{"name":"functions"},"function":{"name":"us-central1-get_user_leagues"},"extension":{},"message":"Finished \"us-central1-get_user_leagues\" in 647.396709ms"}}
[debug] [2026-07-03T21:16:19.823Z] [worker-us-central1-get_user_leagues-f1def6c5-2643-482d-8b88-ca7672aa43a3]: IDLE {"metadata":{"emulator":{"name":"functions"},"function":{"name":"us-central1-get_user_leagues"},"extension":{},"message":"[worker-us-central1-get_user_leagues-f1def6c5-2643-482d-8b88-ca7672aa43a3]: IDLE"}}
[debug] [2026-07-03T21:16:19.823Z] Finishing up request with event=finish {"metadata":{"emulator":{"name":"functions"},"function":{"name":"us-central1-get_user_leagues"},"extension":{},"message":"Finishing up request with event=finish"}}
[debug] [2026-07-03T21:16:19.824Z] Finishing up request with event=close {"metadata":{"emulator":{"name":"functions"},"function":{"name":"us-central1-get_user_leagues"},"extension":{},"message":"Finishing up request with event=close"}}
[debug] [2026-07-03T21:16:19.824Z] [work-queue] {"queuedWork":[],"queueLength":0,"runningWork":[],"workRunningCount":0}
[debug] [2026-07-03T21:16:19.826Z] [work-queue] {"queuedWork":["/demo-no-project/us-central1/get_user_drafts-2026-07-03T21:16:19.826Z"],"queueLength":1,"runningWork":[],"workRunningCount":0}
[debug] [2026-07-03T21:16:19.826Z] [work-queue] {"queuedWork":[],"queueLength":0,"runningWork":["/demo-no-project/us-central1/get_user_drafts-2026-07-03T21:16:19.826Z"],"workRunningCount":1}
[debug] [2026-07-03T21:16:19.826Z] Accepted request GET /demo-no-project/us-central1/get_user_drafts?username=p4t0b4ll3rs --> us-central1-get_user_drafts
[debug] [2026-07-03T21:16:19.827Z] [functions] Runtime ready! Sending request! {"metadata":{"emulator":{"name":"functions"},"message":"[functions] Runtime ready! Sending request!"}}
[debug] [2026-07-03T21:16:19.827Z] [functions] Got req.url=/demo-no-project/us-central1/get_user_drafts?username=p4t0b4ll3rs, mapping to path=/?username=p4t0b4ll3rs {"metadata":{"emulator":{"name":"functions"},"message":"[functions] Got req.url=/demo-no-project/us-central1/get_user_drafts?username=p4t0b4ll3rs, mapping to path=/?username=p4t0b4ll3rs"}}
[debug] [2026-07-03T21:16:19.828Z] Running command with virtualenv: command=., args=["\"/Users/patrickschmidt/github-projects/fantasy-sports-assistant/functions/venv/bin/activate\"","&&","functions-framework"]
[debug] [2026-07-03T21:16:19.829Z] [worker-pool] addWorker(us-central1-get_user_drafts) {"metadata":{"emulator":{"name":"functions"},"message":"[worker-pool] addWorker(us-central1-get_user_drafts)"}}
[debug] [2026-07-03T21:16:19.829Z] [worker-pool] Adding worker with key us-central1-get_user_drafts, total=1 {"metadata":{"emulator":{"name":"functions"},"message":"[worker-pool] Adding worker with key us-central1-get_user_drafts, total=1"}}
[debug] [2026-07-03T21:16:20.138Z] [worker-us-central1-get_user_drafts-3868c87c-e671-4bdf-9c7a-a45b332caacd]: IDLE {"metadata":{"emulator":{"name":"functions"},"function":{"name":"us-central1-get_user_drafts"},"extension":{},"message":"[worker-us-central1-get_user_drafts-3868c87c-e671-4bdf-9c7a-a45b332caacd]: IDLE"}}
[debug] [2026-07-03T21:16:20.138Z] [worker-pool] submitRequest(triggerId=us-central1-get_user_drafts) {"metadata":{"emulator":{"name":"functions"},"message":"[worker-pool] submitRequest(triggerId=us-central1-get_user_drafts)"}}
[info] i  functions: Beginning execution of "us-central1-get_user_drafts" {"metadata":{"emulator":{"name":"functions"},"function":{"name":"us-central1-get_user_drafts"},"extension":{},"message":"Beginning execution of \"us-central1-get_user_drafts\""}}
[debug] [2026-07-03T21:16:20.138Z] [worker-us-central1-get_user_drafts-3868c87c-e671-4bdf-9c7a-a45b332caacd]: BUSY {"metadata":{"emulator":{"name":"functions"},"function":{"name":"us-central1-get_user_drafts"},"extension":{},"message":"[worker-us-central1-get_user_drafts-3868c87c-e671-4bdf-9c7a-a45b332caacd]: BUSY"}}
[debug] [2026-07-03T21:16:20.584Z] Finishing up request with event=pause {"metadata":{"emulator":{"name":"functions"},"function":{"name":"us-central1-get_user_drafts"},"extension":{},"message":"Finishing up request with event=pause"}}
[info] i  functions: Finished "us-central1-get_user_drafts" in 445.395042ms {"metadata":{"emulator":{"name":"functions"},"function":{"name":"us-central1-get_user_drafts"},"extension":{},"message":"Finished \"us-central1-get_user_drafts\" in 445.395042ms"}}
[debug] [2026-07-03T21:16:20.584Z] [worker-us-central1-get_user_drafts-3868c87c-e671-4bdf-9c7a-a45b332caacd]: IDLE {"metadata":{"emulator":{"name":"functions"},"function":{"name":"us-central1-get_user_drafts"},"extension":{},"message":"[worker-us-central1-get_user_drafts-3868c87c-e671-4bdf-9c7a-a45b332caacd]: IDLE"}}
[debug] [2026-07-03T21:16:20.584Z] Finishing up request with event=finish {"metadata":{"emulator":{"name":"functions"},"function":{"name":"us-central1-get_user_drafts"},"extension":{},"message":"Finishing up request with event=finish"}}
[debug] [2026-07-03T21:16:20.584Z] Finishing up request with event=close {"metadata":{"emulator":{"name":"functions"},"function":{"name":"us-central1-get_user_drafts"},"extension":{},"message":"Finishing up request with event=close"}}
[debug] [2026-07-03T21:16:20.584Z] [work-queue] {"queuedWork":[],"queueLength":0,"runningWork":[],"workRunningCount":0}
[debug] [2026-07-03T21:16:35.159Z] [work-queue] {"queuedWork":["/demo-no-project/us-central1/get_user_leagues-2026-07-03T21:16:35.159Z"],"queueLength":1,"runningWork":[],"workRunningCount":0}
[debug] [2026-07-03T21:16:35.159Z] [work-queue] {"queuedWork":[],"queueLength":0,"runningWork":["/demo-no-project/us-central1/get_user_leagues-2026-07-03T21:16:35.159Z"],"workRunningCount":1}
[debug] [2026-07-03T21:16:35.159Z] Accepted request GET /demo-no-project/us-central1/get_user_leagues?username=p4t0b4ll3rs --> us-central1-get_user_leagues
[debug] [2026-07-03T21:16:35.159Z] [functions] Runtime ready! Sending request! {"metadata":{"emulator":{"name":"functions"},"message":"[functions] Runtime ready! Sending request!"}}
[debug] [2026-07-03T21:16:35.160Z] [functions] Got req.url=/demo-no-project/us-central1/get_user_leagues?username=p4t0b4ll3rs, mapping to path=/?username=p4t0b4ll3rs {"metadata":{"emulator":{"name":"functions"},"message":"[functions] Got req.url=/demo-no-project/us-central1/get_user_leagues?username=p4t0b4ll3rs, mapping to path=/?username=p4t0b4ll3rs"}}
[debug] [2026-07-03T21:16:35.160Z] [worker-pool] submitRequest(triggerId=us-central1-get_user_leagues) {"metadata":{"emulator":{"name":"functions"},"message":"[worker-pool] submitRequest(triggerId=us-central1-get_user_leagues)"}}
[info] i  functions: Beginning execution of "us-central1-get_user_leagues" {"metadata":{"emulator":{"name":"functions"},"function":{"name":"us-central1-get_user_leagues"},"extension":{},"message":"Beginning execution of \"us-central1-get_user_leagues\""}}
[debug] [2026-07-03T21:16:35.160Z] [worker-us-central1-get_user_leagues-f1def6c5-2643-482d-8b88-ca7672aa43a3]: BUSY {"metadata":{"emulator":{"name":"functions"},"function":{"name":"us-central1-get_user_leagues"},"extension":{},"message":"[worker-us-central1-get_user_leagues-f1def6c5-2643-482d-8b88-ca7672aa43a3]: BUSY"}}
[debug] [2026-07-03T21:16:35.352Z] Finishing up request with event=pause {"metadata":{"emulator":{"name":"functions"},"function":{"name":"us-central1-get_user_leagues"},"extension":{},"message":"Finishing up request with event=pause"}}
[info] i  functions: Finished "us-central1-get_user_leagues" in 192.67325ms {"metadata":{"emulator":{"name":"functions"},"function":{"name":"us-central1-get_user_leagues"},"extension":{},"message":"Finished \"us-central1-get_user_leagues\" in 192.67325ms"}}
[debug] [2026-07-03T21:16:35.354Z] [worker-us-central1-get_user_leagues-f1def6c5-2643-482d-8b88-ca7672aa43a3]: IDLE {"metadata":{"emulator":{"name":"functions"},"function":{"name":"us-central1-get_user_leagues"},"extension":{},"message":"[worker-us-central1-get_user_leagues-f1def6c5-2643-482d-8b88-ca7672aa43a3]: IDLE"}}
[debug] [2026-07-03T21:16:35.354Z] Finishing up request with event=finish {"metadata":{"emulator":{"name":"functions"},"function":{"name":"us-central1-get_user_leagues"},"extension":{},"message":"Finishing up request with event=finish"}}
[debug] [2026-07-03T21:16:35.354Z] Finishing up request with event=close {"metadata":{"emulator":{"name":"functions"},"function":{"name":"us-central1-get_user_leagues"},"extension":{},"message":"Finishing up request with event=close"}}
[debug] [2026-07-03T21:16:35.355Z] [work-queue] {"queuedWork":[],"queueLength":0,"runningWork":[],"workRunningCount":0}
[debug] [2026-07-03T21:16:35.358Z] [work-queue] {"queuedWork":["/demo-no-project/us-central1/get_user_drafts-2026-07-03T21:16:35.358Z"],"queueLength":1,"runningWork":[],"workRunningCount":0}
[debug] [2026-07-03T21:16:35.358Z] [work-queue] {"queuedWork":[],"queueLength":0,"runningWork":["/demo-no-project/us-central1/get_user_drafts-2026-07-03T21:16:35.358Z"],"workRunningCount":1}
[debug] [2026-07-03T21:16:35.360Z] Accepted request GET /demo-no-project/us-central1/get_user_drafts?username=p4t0b4ll3rs --> us-central1-get_user_drafts
[debug] [2026-07-03T21:16:35.360Z] [functions] Runtime ready! Sending request! {"metadata":{"emulator":{"name":"functions"},"message":"[functions] Runtime ready! Sending request!"}}
[debug] [2026-07-03T21:16:35.361Z] [functions] Got req.url=/demo-no-project/us-central1/get_user_drafts?username=p4t0b4ll3rs, mapping to path=/?username=p4t0b4ll3rs {"metadata":{"emulator":{"name":"functions"},"message":"[functions] Got req.url=/demo-no-project/us-central1/get_user_drafts?username=p4t0b4ll3rs, mapping to path=/?username=p4t0b4ll3rs"}}
[debug] [2026-07-03T21:16:35.361Z] [worker-pool] submitRequest(triggerId=us-central1-get_user_drafts) {"metadata":{"emulator":{"name":"functions"},"message":"[worker-pool] submitRequest(triggerId=us-central1-get_user_drafts)"}}
[info] i  functions: Beginning execution of "us-central1-get_user_drafts" {"metadata":{"emulator":{"name":"functions"},"function":{"name":"us-central1-get_user_drafts"},"extension":{},"message":"Beginning execution of \"us-central1-get_user_drafts\""}}
[debug] [2026-07-03T21:16:35.361Z] [worker-us-central1-get_user_drafts-3868c87c-e671-4bdf-9c7a-a45b332caacd]: BUSY {"metadata":{"emulator":{"name":"functions"},"function":{"name":"us-central1-get_user_drafts"},"extension":{},"message":"[worker-us-central1-get_user_drafts-3868c87c-e671-4bdf-9c7a-a45b332caacd]: BUSY"}}
[debug] [2026-07-03T21:16:35.623Z] Finishing up request with event=pause {"metadata":{"emulator":{"name":"functions"},"function":{"name":"us-central1-get_user_drafts"},"extension":{},"message":"Finishing up request with event=pause"}}
[info] i  functions: Finished "us-central1-get_user_drafts" in 262.264083ms {"metadata":{"emulator":{"name":"functions"},"function":{"name":"us-central1-get_user_drafts"},"extension":{},"message":"Finished \"us-central1-get_user_drafts\" in 262.264083ms"}}
[debug] [2026-07-03T21:16:35.624Z] [worker-us-central1-get_user_drafts-3868c87c-e671-4bdf-9c7a-a45b332caacd]: IDLE {"metadata":{"emulator":{"name":"functions"},"function":{"name":"us-central1-get_user_drafts"},"extension":{},"message":"[worker-us-central1-get_user_drafts-3868c87c-e671-4bdf-9c7a-a45b332caacd]: IDLE"}}
[debug] [2026-07-03T21:16:35.624Z] Finishing up request with event=finish {"metadata":{"emulator":{"name":"functions"},"function":{"name":"us-central1-get_user_drafts"},"extension":{},"message":"Finishing up request with event=finish"}}
[debug] [2026-07-03T21:16:35.624Z] Finishing up request with event=close {"metadata":{"emulator":{"name":"functions"},"function":{"name":"us-central1-get_user_drafts"},"extension":{},"message":"Finishing up request with event=close"}}
[debug] [2026-07-03T21:16:35.624Z] [work-queue] {"queuedWork":[],"queueLength":0,"runningWork":[],"workRunningCount":0}
[debug] [2026-07-03T21:18:15.752Z] [work-queue] {"queuedWork":["/demo-no-project/us-central1/get_user_leagues-2026-07-03T21:18:15.752Z"],"queueLength":1,"runningWork":[],"workRunningCount":0}
[debug] [2026-07-03T21:18:15.753Z] [work-queue] {"queuedWork":[],"queueLength":0,"runningWork":["/demo-no-project/us-central1/get_user_leagues-2026-07-03T21:18:15.752Z"],"workRunningCount":1}
[debug] [2026-07-03T21:18:15.753Z] Accepted request GET /demo-no-project/us-central1/get_user_leagues?username=p4t0b4ll3rs --> us-central1-get_user_leagues
[debug] [2026-07-03T21:18:15.753Z] [functions] Runtime ready! Sending request! {"metadata":{"emulator":{"name":"functions"},"message":"[functions] Runtime ready! Sending request!"}}
[debug] [2026-07-03T21:18:15.754Z] [functions] Got req.url=/demo-no-project/us-central1/get_user_leagues?username=p4t0b4ll3rs, mapping to path=/?username=p4t0b4ll3rs {"metadata":{"emulator":{"name":"functions"},"message":"[functions] Got req.url=/demo-no-project/us-central1/get_user_leagues?username=p4t0b4ll3rs, mapping to path=/?username=p4t0b4ll3rs"}}
[debug] [2026-07-03T21:18:15.754Z] [worker-pool] submitRequest(triggerId=us-central1-get_user_leagues) {"metadata":{"emulator":{"name":"functions"},"message":"[worker-pool] submitRequest(triggerId=us-central1-get_user_leagues)"}}
[info] i  functions: Beginning execution of "us-central1-get_user_leagues" {"metadata":{"emulator":{"name":"functions"},"function":{"name":"us-central1-get_user_leagues"},"extension":{},"message":"Beginning execution of \"us-central1-get_user_leagues\""}}
[debug] [2026-07-03T21:18:15.754Z] [worker-us-central1-get_user_leagues-f1def6c5-2643-482d-8b88-ca7672aa43a3]: BUSY {"metadata":{"emulator":{"name":"functions"},"function":{"name":"us-central1-get_user_leagues"},"extension":{},"message":"[worker-us-central1-get_user_leagues-f1def6c5-2643-482d-8b88-ca7672aa43a3]: BUSY"}}
[debug] [2026-07-03T21:18:15.943Z] Finishing up request with event=pause {"metadata":{"emulator":{"name":"functions"},"function":{"name":"us-central1-get_user_leagues"},"extension":{},"message":"Finishing up request with event=pause"}}
[info] i  functions: Finished "us-central1-get_user_leagues" in 189.463625ms {"metadata":{"emulator":{"name":"functions"},"function":{"name":"us-central1-get_user_leagues"},"extension":{},"message":"Finished \"us-central1-get_user_leagues\" in 189.463625ms"}}
[debug] [2026-07-03T21:18:15.944Z] [worker-us-central1-get_user_leagues-f1def6c5-2643-482d-8b88-ca7672aa43a3]: IDLE {"metadata":{"emulator":{"name":"functions"},"function":{"name":"us-central1-get_user_leagues"},"extension":{},"message":"[worker-us-central1-get_user_leagues-f1def6c5-2643-482d-8b88-ca7672aa43a3]: IDLE"}}
[debug] [2026-07-03T21:18:15.944Z] Finishing up request with event=finish {"metadata":{"emulator":{"name":"functions"},"function":{"name":"us-central1-get_user_leagues"},"extension":{},"message":"Finishing up request with event=finish"}}
[debug] [2026-07-03T21:18:15.944Z] Finishing up request with event=close {"metadata":{"emulator":{"name":"functions"},"function":{"name":"us-central1-get_user_leagues"},"extension":{},"message":"Finishing up request with event=close"}}
[debug] [2026-07-03T21:18:15.944Z] [work-queue] {"queuedWork":[],"queueLength":0,"runningWork":[],"workRunningCount":0}
[debug] [2026-07-03T21:18:15.950Z] [work-queue] {"queuedWork":["/demo-no-project/us-central1/get_user_drafts-2026-07-03T21:18:15.950Z"],"queueLength":1,"runningWork":[],"workRunningCount":0}
[debug] [2026-07-03T21:18:15.950Z] [work-queue] {"queuedWork":[],"queueLength":0,"runningWork":["/demo-no-project/us-central1/get_user_drafts-2026-07-03T21:18:15.950Z"],"workRunningCount":1}
[debug] [2026-07-03T21:18:15.950Z] Accepted request GET /demo-no-project/us-central1/get_user_drafts?username=p4t0b4ll3rs --> us-central1-get_user_drafts
[debug] [2026-07-03T21:18:15.951Z] [functions] Runtime ready! Sending request! {"metadata":{"emulator":{"name":"functions"},"message":"[functions] Runtime ready! Sending request!"}}
[debug] [2026-07-03T21:18:15.951Z] [functions] Got req.url=/demo-no-project/us-central1/get_user_drafts?username=p4t0b4ll3rs, mapping to path=/?username=p4t0b4ll3rs {"metadata":{"emulator":{"name":"functions"},"message":"[functions] Got req.url=/demo-no-project/us-central1/get_user_drafts?username=p4t0b4ll3rs, mapping to path=/?username=p4t0b4ll3rs"}}
[debug] [2026-07-03T21:18:15.951Z] [worker-pool] submitRequest(triggerId=us-central1-get_user_drafts) {"metadata":{"emulator":{"name":"functions"},"message":"[worker-pool] submitRequest(triggerId=us-central1-get_user_drafts)"}}
[info] i  functions: Beginning execution of "us-central1-get_user_drafts" {"metadata":{"emulator":{"name":"functions"},"function":{"name":"us-central1-get_user_drafts"},"extension":{},"message":"Beginning execution of \"us-central1-get_user_drafts\""}}
[debug] [2026-07-03T21:18:15.951Z] [worker-us-central1-get_user_drafts-3868c87c-e671-4bdf-9c7a-a45b332caacd]: BUSY {"metadata":{"emulator":{"name":"functions"},"function":{"name":"us-central1-get_user_drafts"},"extension":{},"message":"[worker-us-central1-get_user_drafts-3868c87c-e671-4bdf-9c7a-a45b332caacd]: BUSY"}}
[debug] [2026-07-03T21:18:16.218Z] Finishing up request with event=pause {"metadata":{"emulator":{"name":"functions"},"function":{"name":"us-central1-get_user_drafts"},"extension":{},"message":"Finishing up request with event=pause"}}
[info] i  functions: Finished "us-central1-get_user_drafts" in 267.465208ms {"metadata":{"emulator":{"name":"functions"},"function":{"name":"us-central1-get_user_drafts"},"extension":{},"message":"Finished \"us-central1-get_user_drafts\" in 267.465208ms"}}
[debug] [2026-07-03T21:18:16.220Z] [worker-us-central1-get_user_drafts-3868c87c-e671-4bdf-9c7a-a45b332caacd]: IDLE {"metadata":{"emulator":{"name":"functions"},"function":{"name":"us-central1-get_user_drafts"},"extension":{},"message":"[worker-us-central1-get_user_drafts-3868c87c-e671-4bdf-9c7a-a45b332caacd]: IDLE"}}
[debug] [2026-07-03T21:18:16.220Z] Finishing up request with event=finish {"metadata":{"emulator":{"name":"functions"},"function":{"name":"us-central1-get_user_drafts"},"extension":{},"message":"Finishing up request with event=finish"}}
[debug] [2026-07-03T21:18:16.220Z] Finishing up request with event=close {"metadata":{"emulator":{"name":"functions"},"function":{"name":"us-central1-get_user_drafts"},"extension":{},"message":"Finishing up request with event=close"}}
[debug] [2026-07-03T21:18:16.220Z] [work-queue] {"queuedWork":[],"queueLength":0,"runningWork":[],"workRunningCount":0}
[debug] [2026-07-03T21:18:41.110Z] [work-queue] {"queuedWork":["/demo-no-project/us-central1/analyze_draft-2026-07-03T21:18:41.110Z"],"queueLength":1,"runningWork":[],"workRunningCount":0}
[debug] [2026-07-03T21:18:41.110Z] [work-queue] {"queuedWork":[],"queueLength":0,"runningWork":["/demo-no-project/us-central1/analyze_draft-2026-07-03T21:18:41.110Z"],"workRunningCount":1}
[debug] [2026-07-03T21:18:41.110Z] Accepted request GET /demo-no-project/us-central1/analyze_draft?username=p4t0b4ll3rs&draft_id=1315762971158286336 --> us-central1-analyze_draft
[debug] [2026-07-03T21:18:41.111Z] [functions] Runtime ready! Sending request! {"metadata":{"emulator":{"name":"functions"},"message":"[functions] Runtime ready! Sending request!"}}
[debug] [2026-07-03T21:18:41.111Z] [functions] Got req.url=/demo-no-project/us-central1/analyze_draft?username=p4t0b4ll3rs&draft_id=1315762971158286336, mapping to path=/?username=p4t0b4ll3rs&draft_id=1315762971158286336 {"metadata":{"emulator":{"name":"functions"},"message":"[functions] Got req.url=/demo-no-project/us-central1/analyze_draft?username=p4t0b4ll3rs&draft_id=1315762971158286336, mapping to path=/?username=p4t0b4ll3rs&draft_id=1315762971158286336"}}
[debug] [2026-07-03T21:18:41.112Z] Running command with virtualenv: command=., args=["\"/Users/patrickschmidt/github-projects/fantasy-sports-assistant/functions/venv/bin/activate\"","&&","functions-framework"]
[debug] [2026-07-03T21:18:41.113Z] [worker-pool] addWorker(us-central1-analyze_draft) {"metadata":{"emulator":{"name":"functions"},"message":"[worker-pool] addWorker(us-central1-analyze_draft)"}}
[debug] [2026-07-03T21:18:41.113Z] [worker-pool] Adding worker with key us-central1-analyze_draft, total=1 {"metadata":{"emulator":{"name":"functions"},"message":"[worker-pool] Adding worker with key us-central1-analyze_draft, total=1"}}
[debug] [2026-07-03T21:18:41.114Z] [work-queue] {"queuedWork":["/demo-no-project/us-central1/analyze_draft-2026-07-03T21:18:41.114Z"],"queueLength":1,"runningWork":["/demo-no-project/us-central1/analyze_draft-2026-07-03T21:18:41.110Z"],"workRunningCount":1}
[debug] [2026-07-03T21:18:41.114Z] [work-queue] {"queuedWork":[],"queueLength":0,"runningWork":["/demo-no-project/us-central1/analyze_draft-2026-07-03T21:18:41.110Z","/demo-no-project/us-central1/analyze_draft-2026-07-03T21:18:41.114Z"],"workRunningCount":2}
[debug] [2026-07-03T21:18:41.114Z] Accepted request GET /demo-no-project/us-central1/analyze_draft?username=p4t0b4ll3rs&draft_id=1315762971158286336 --> us-central1-analyze_draft
[debug] [2026-07-03T21:18:41.114Z] [functions] Runtime ready! Sending request! {"metadata":{"emulator":{"name":"functions"},"message":"[functions] Runtime ready! Sending request!"}}
[debug] [2026-07-03T21:18:41.114Z] [functions] Got req.url=/demo-no-project/us-central1/analyze_draft?username=p4t0b4ll3rs&draft_id=1315762971158286336, mapping to path=/?username=p4t0b4ll3rs&draft_id=1315762971158286336 {"metadata":{"emulator":{"name":"functions"},"message":"[functions] Got req.url=/demo-no-project/us-central1/analyze_draft?username=p4t0b4ll3rs&draft_id=1315762971158286336, mapping to path=/?username=p4t0b4ll3rs&draft_id=1315762971158286336"}}
[debug] [2026-07-03T21:18:41.115Z] Running command with virtualenv: command=., args=["\"/Users/patrickschmidt/github-projects/fantasy-sports-assistant/functions/venv/bin/activate\"","&&","functions-framework"]
[debug] [2026-07-03T21:18:41.115Z] [worker-pool] addWorker(us-central1-analyze_draft) {"metadata":{"emulator":{"name":"functions"},"message":"[worker-pool] addWorker(us-central1-analyze_draft)"}}
[debug] [2026-07-03T21:18:41.115Z] [worker-pool] Adding worker with key us-central1-analyze_draft, total=2 {"metadata":{"emulator":{"name":"functions"},"message":"[worker-pool] Adding worker with key us-central1-analyze_draft, total=2"}}
[debug] [2026-07-03T21:18:41.424Z] [worker-us-central1-analyze_draft-b9852af3-da13-4130-86c9-7302d7586c1b]: IDLE {"metadata":{"emulator":{"name":"functions"},"function":{"name":"us-central1-analyze_draft"},"extension":{},"message":"[worker-us-central1-analyze_draft-b9852af3-da13-4130-86c9-7302d7586c1b]: IDLE"}}
[debug] [2026-07-03T21:18:41.424Z] [worker-pool] submitRequest(triggerId=us-central1-analyze_draft) {"metadata":{"emulator":{"name":"functions"},"message":"[worker-pool] submitRequest(triggerId=us-central1-analyze_draft)"}}
[info] i  functions: Beginning execution of "us-central1-analyze_draft" {"metadata":{"emulator":{"name":"functions"},"function":{"name":"us-central1-analyze_draft"},"extension":{},"message":"Beginning execution of \"us-central1-analyze_draft\""}}
[debug] [2026-07-03T21:18:41.424Z] [worker-us-central1-analyze_draft-b9852af3-da13-4130-86c9-7302d7586c1b]: BUSY {"metadata":{"emulator":{"name":"functions"},"function":{"name":"us-central1-analyze_draft"},"extension":{},"message":"[worker-us-central1-analyze_draft-b9852af3-da13-4130-86c9-7302d7586c1b]: BUSY"}}
[debug] [2026-07-03T21:18:41.425Z] [worker-us-central1-analyze_draft-44c6087e-be85-401e-a6ec-f68c035ec3d5]: IDLE {"metadata":{"emulator":{"name":"functions"},"function":{"name":"us-central1-analyze_draft"},"extension":{},"message":"[worker-us-central1-analyze_draft-44c6087e-be85-401e-a6ec-f68c035ec3d5]: IDLE"}}
[debug] [2026-07-03T21:18:41.425Z] [worker-pool] submitRequest(triggerId=us-central1-analyze_draft) {"metadata":{"emulator":{"name":"functions"},"message":"[worker-pool] submitRequest(triggerId=us-central1-analyze_draft)"}}
[info] i  functions: Beginning execution of "us-central1-analyze_draft" {"metadata":{"emulator":{"name":"functions"},"function":{"name":"us-central1-analyze_draft"},"extension":{},"message":"Beginning execution of \"us-central1-analyze_draft\""}}
[debug] [2026-07-03T21:18:41.425Z] [worker-us-central1-analyze_draft-44c6087e-be85-401e-a6ec-f68c035ec3d5]: BUSY {"metadata":{"emulator":{"name":"functions"},"function":{"name":"us-central1-analyze_draft"},"extension":{},"message":"[worker-us-central1-analyze_draft-44c6087e-be85-401e-a6ec-f68c035ec3d5]: BUSY"}}
[info] >  [2026-07-03 21:18:42,821] ERROR in app: Exception on / [GET] {"user":"[2026-07-03 21:18:42,821] ERROR in app: Exception on / [GET]","metadata":{"emulator":{"name":"functions"},"function":{"name":"us-central1-analyze_draft"},"extension":{},"message":">  [2026-07-03 21:18:42,821] ERROR in app: Exception on / [GET]"}}
[info] >  Traceback (most recent call last): {"user":"Traceback (most recent call last):","metadata":{"emulator":{"name":"functions"},"function":{"name":"us-central1-analyze_draft"},"extension":{},"message":">  Traceback (most recent call last):"}}
[info] >    File "/Users/patrickschmidt/github-projects/fantasy-sports-assistant/functions/venv/lib/python3.14/site-packages/flask/app.py", line 1511, in wsgi_app {"user":"  File \"/Users/patrickschmidt/github-projects/fantasy-sports-assistant/functions/venv/lib/python3.14/site-packages/flask/app.py\", line 1511, in wsgi_app","metadata":{"emulator":{"name":"functions"},"function":{"name":"us-central1-analyze_draft"},"extension":{},"message":">    File \"/Users/patrickschmidt/github-projects/fantasy-sports-assistant/functions/venv/lib/python3.14/site-packages/flask/app.py\", line 1511, in wsgi_app"}}
[info] >      response = self.full_dispatch_request() {"user":"    response = self.full_dispatch_request()","metadata":{"emulator":{"name":"functions"},"function":{"name":"us-central1-analyze_draft"},"extension":{},"message":">      response = self.full_dispatch_request()"}}
[info] >    File "/Users/patrickschmidt/github-projects/fantasy-sports-assistant/functions/venv/lib/python3.14/site-packages/flask/app.py", line 919, in full_dispatch_request {"user":"  File \"/Users/patrickschmidt/github-projects/fantasy-sports-assistant/functions/venv/lib/python3.14/site-packages/flask/app.py\", line 919, in full_dispatch_request","metadata":{"emulator":{"name":"functions"},"function":{"name":"us-central1-analyze_draft"},"extension":{},"message":">    File \"/Users/patrickschmidt/github-projects/fantasy-sports-assistant/functions/venv/lib/python3.14/site-packages/flask/app.py\", line 919, in full_dispatch_request"}}
[info] >      rv = self.handle_user_exception(e) {"user":"    rv = self.handle_user_exception(e)","metadata":{"emulator":{"name":"functions"},"function":{"name":"us-central1-analyze_draft"},"extension":{},"message":">      rv = self.handle_user_exception(e)"}}
[info] >    File "/Users/patrickschmidt/github-projects/fantasy-sports-assistant/functions/venv/lib/python3.14/site-packages/flask/app.py", line 917, in full_dispatch_request {"user":"  File \"/Users/patrickschmidt/github-projects/fantasy-sports-assistant/functions/venv/lib/python3.14/site-packages/flask/app.py\", line 917, in full_dispatch_request","metadata":{"emulator":{"name":"functions"},"function":{"name":"us-central1-analyze_draft"},"extension":{},"message":">    File \"/Users/patrickschmidt/github-projects/fantasy-sports-assistant/functions/venv/lib/python3.14/site-packages/flask/app.py\", line 917, in full_dispatch_request"}}
[info] >      rv = self.dispatch_request() {"user":"    rv = self.dispatch_request()","metadata":{"emulator":{"name":"functions"},"function":{"name":"us-central1-analyze_draft"},"extension":{},"message":">      rv = self.dispatch_request()"}}
[info] >    File "/Users/patrickschmidt/github-projects/fantasy-sports-assistant/functions/venv/lib/python3.14/site-packages/flask/app.py", line 902, in dispatch_request {"user":"  File \"/Users/patrickschmidt/github-projects/fantasy-sports-assistant/functions/venv/lib/python3.14/site-packages/flask/app.py\", line 902, in dispatch_request","metadata":{"emulator":{"name":"functions"},"function":{"name":"us-central1-analyze_draft"},"extension":{},"message":">    File \"/Users/patrickschmidt/github-projects/fantasy-sports-assistant/functions/venv/lib/python3.14/site-packages/flask/app.py\", line 902, in dispatch_request"}}
[info] >      return self.ensure_sync(self.view_functions[rule.endpoint])(**view_args)  # type: ignore[no-any-return] {"user":"    return self.ensure_sync(self.view_functions[rule.endpoint])(**view_args)  # type: ignore[no-any-return]","metadata":{"emulator":{"name":"functions"},"function":{"name":"us-central1-analyze_draft"},"extension":{},"message":">      return self.ensure_sync(self.view_functions[rule.endpoint])(**view_args)  # type: ignore[no-any-return]"}}
[info] >             ~~~~~~~~~~~~~~~~~~~~~~~~~~~~~~~~~~~~~~~~~~~~~~~~~~~~^^^^^^^^^^^^^ {"user":"           ~~~~~~~~~~~~~~~~~~~~~~~~~~~~~~~~~~~~~~~~~~~~~~~~~~~~^^^^^^^^^^^^^","metadata":{"emulator":{"name":"functions"},"function":{"name":"us-central1-analyze_draft"},"extension":{},"message":">             ~~~~~~~~~~~~~~~~~~~~~~~~~~~~~~~~~~~~~~~~~~~~~~~~~~~~^^^^^^^^^^^^^"}}
[info] >    File "/Users/patrickschmidt/github-projects/fantasy-sports-assistant/functions/venv/lib/python3.14/site-packages/functions_framework/execution_id.py", line 157, in wrapper {"user":"  File \"/Users/patrickschmidt/github-projects/fantasy-sports-assistant/functions/venv/lib/python3.14/site-packages/functions_framework/execution_id.py\", line 157, in wrapper","metadata":{"emulator":{"name":"functions"},"function":{"name":"us-central1-analyze_draft"},"extension":{},"message":">    File \"/Users/patrickschmidt/github-projects/fantasy-sports-assistant/functions/venv/lib/python3.14/site-packages/functions_framework/execution_id.py\", line 157, in wrapper"}}
[info] >      result = view_function(*args, **kwargs) {"user":"    result = view_function(*args, **kwargs)","metadata":{"emulator":{"name":"functions"},"function":{"name":"us-central1-analyze_draft"},"extension":{},"message":">      result = view_function(*args, **kwargs)"}}
[info] >    File "/Users/patrickschmidt/github-projects/fantasy-sports-assistant/functions/venv/lib/python3.14/site-packages/functions_framework/__init__.py", line 142, in view_func {"user":"  File \"/Users/patrickschmidt/github-projects/fantasy-sports-assistant/functions/venv/lib/python3.14/site-packages/functions_framework/__init__.py\", line 142, in view_func","metadata":{"emulator":{"name":"functions"},"function":{"name":"us-central1-analyze_draft"},"extension":{},"message":">    File \"/Users/patrickschmidt/github-projects/fantasy-sports-assistant/functions/venv/lib/python3.14/site-packages/functions_framework/__init__.py\", line 142, in view_func"}}
[info] >      return function(request._get_current_object()) {"user":"    return function(request._get_current_object())","metadata":{"emulator":{"name":"functions"},"function":{"name":"us-central1-analyze_draft"},"extension":{},"message":">      return function(request._get_current_object())"}}
[info] >    File "/Users/patrickschmidt/github-projects/fantasy-sports-assistant/functions/venv/lib/python3.14/site-packages/firebase_functions/https_fn.py", line 447, in on_request_wrapped {"user":"  File \"/Users/patrickschmidt/github-projects/fantasy-sports-assistant/functions/venv/lib/python3.14/site-packages/firebase_functions/https_fn.py\", line 447, in on_request_wrapped","metadata":{"emulator":{"name":"functions"},"function":{"name":"us-central1-analyze_draft"},"extension":{},"message":">    File \"/Users/patrickschmidt/github-projects/fantasy-sports-assistant/functions/venv/lib/python3.14/site-packages/firebase_functions/https_fn.py\", line 447, in on_request_wrapped"}}
[info] >      return wrapped_function(request) {"user":"    return wrapped_function(request)","metadata":{"emulator":{"name":"functions"},"function":{"name":"us-central1-analyze_draft"},"extension":{},"message":">      return wrapped_function(request)"}}
[info] >    File "/Users/patrickschmidt/github-projects/fantasy-sports-assistant/functions/venv/lib/python3.14/site-packages/firebase_functions/core.py", line 124, in wrapper {"user":"  File \"/Users/patrickschmidt/github-projects/fantasy-sports-assistant/functions/venv/lib/python3.14/site-packages/firebase_functions/core.py\", line 124, in wrapper","metadata":{"emulator":{"name":"functions"},"function":{"name":"us-central1-analyze_draft"},"extension":{},"message":">    File \"/Users/patrickschmidt/github-projects/fantasy-sports-assistant/functions/venv/lib/python3.14/site-packages/firebase_functions/core.py\", line 124, in wrapper"}}
[info] >      return fn(*args, **kwargs) {"user":"    return fn(*args, **kwargs)","metadata":{"emulator":{"name":"functions"},"function":{"name":"us-central1-analyze_draft"},"extension":{},"message":">      return fn(*args, **kwargs)"}}
[info] >    File "/Users/patrickschmidt/github-projects/fantasy-sports-assistant/functions/main.py", line 111, in analyze_draft {"user":"  File \"/Users/patrickschmidt/github-projects/fantasy-sports-assistant/functions/main.py\", line 111, in analyze_draft","metadata":{"emulator":{"name":"functions"},"function":{"name":"us-central1-analyze_draft"},"extension":{},"message":">    File \"/Users/patrickschmidt/github-projects/fantasy-sports-assistant/functions/main.py\", line 111, in analyze_draft"}}
[info] >      result = api_core.analyze_draft_api(username, draft_id) {"user":"    result = api_core.analyze_draft_api(username, draft_id)","metadata":{"emulator":{"name":"functions"},"function":{"name":"us-central1-analyze_draft"},"extension":{},"message":">      result = api_core.analyze_draft_api(username, draft_id)"}}
[info] >    File "/Users/patrickschmidt/github-projects/fantasy-sports-assistant/functions/api_core.py", line 470, in analyze_draft_api {"user":"  File \"/Users/patrickschmidt/github-projects/fantasy-sports-assistant/functions/api_core.py\", line 470, in analyze_draft_api","metadata":{"emulator":{"name":"functions"},"function":{"name":"us-central1-analyze_draft"},"extension":{},"message":">    File \"/Users/patrickschmidt/github-projects/fantasy-sports-assistant/functions/api_core.py\", line 470, in analyze_draft_api"}}
[info] >      if pos == "WR" and age <= 23: {"user":"    if pos == \"WR\" and age <= 23:","metadata":{"emulator":{"name":"functions"},"function":{"name":"us-central1-analyze_draft"},"extension":{},"message":">      if pos == \"WR\" and age <= 23:"}}
[info] >                         ^^^^^^^^^ {"user":"                       ^^^^^^^^^","metadata":{"emulator":{"name":"functions"},"function":{"name":"us-central1-analyze_draft"},"extension":{},"message":">                         ^^^^^^^^^"}}
[info] >  TypeError: '<=' not supported between instances of 'NoneType' and 'int' {"user":"TypeError: '<=' not supported between instances of 'NoneType' and 'int'","metadata":{"emulator":{"name":"functions"},"function":{"name":"us-central1-analyze_draft"},"extension":{},"message":">  TypeError: '<=' not supported between instances of 'NoneType' and 'int'"}}
[info] >  [2026-07-03 21:18:42,820] ERROR in app: Exception on / [GET] {"user":"[2026-07-03 21:18:42,820] ERROR in app: Exception on / [GET]","metadata":{"emulator":{"name":"functions"},"function":{"name":"us-central1-analyze_draft"},"extension":{},"message":">  [2026-07-03 21:18:42,820] ERROR in app: Exception on / [GET]"}}
[info] >  Traceback (most recent call last): {"user":"Traceback (most recent call last):","metadata":{"emulator":{"name":"functions"},"function":{"name":"us-central1-analyze_draft"},"extension":{},"message":">  Traceback (most recent call last):"}}
[info] >    File "/Users/patrickschmidt/github-projects/fantasy-sports-assistant/functions/venv/lib/python3.14/site-packages/flask/app.py", line 1511, in wsgi_app {"user":"  File \"/Users/patrickschmidt/github-projects/fantasy-sports-assistant/functions/venv/lib/python3.14/site-packages/flask/app.py\", line 1511, in wsgi_app","metadata":{"emulator":{"name":"functions"},"function":{"name":"us-central1-analyze_draft"},"extension":{},"message":">    File \"/Users/patrickschmidt/github-projects/fantasy-sports-assistant/functions/venv/lib/python3.14/site-packages/flask/app.py\", line 1511, in wsgi_app"}}
[info] >      response = self.full_dispatch_request() {"user":"    response = self.full_dispatch_request()","metadata":{"emulator":{"name":"functions"},"function":{"name":"us-central1-analyze_draft"},"extension":{},"message":">      response = self.full_dispatch_request()"}}
[info] >    File "/Users/patrickschmidt/github-projects/fantasy-sports-assistant/functions/venv/lib/python3.14/site-packages/flask/app.py", line 919, in full_dispatch_request {"user":"  File \"/Users/patrickschmidt/github-projects/fantasy-sports-assistant/functions/venv/lib/python3.14/site-packages/flask/app.py\", line 919, in full_dispatch_request","metadata":{"emulator":{"name":"functions"},"function":{"name":"us-central1-analyze_draft"},"extension":{},"message":">    File \"/Users/patrickschmidt/github-projects/fantasy-sports-assistant/functions/venv/lib/python3.14/site-packages/flask/app.py\", line 919, in full_dispatch_request"}}
[info] >      rv = self.handle_user_exception(e) {"user":"    rv = self.handle_user_exception(e)","metadata":{"emulator":{"name":"functions"},"function":{"name":"us-central1-analyze_draft"},"extension":{},"message":">      rv = self.handle_user_exception(e)"}}
[info] >    File "/Users/patrickschmidt/github-projects/fantasy-sports-assistant/functions/venv/lib/python3.14/site-packages/flask/app.py", line 917, in full_dispatch_request {"user":"  File \"/Users/patrickschmidt/github-projects/fantasy-sports-assistant/functions/venv/lib/python3.14/site-packages/flask/app.py\", line 917, in full_dispatch_request","metadata":{"emulator":{"name":"functions"},"function":{"name":"us-central1-analyze_draft"},"extension":{},"message":">    File \"/Users/patrickschmidt/github-projects/fantasy-sports-assistant/functions/venv/lib/python3.14/site-packages/flask/app.py\", line 917, in full_dispatch_request"}}
[info] >      rv = self.dispatch_request() {"user":"    rv = self.dispatch_request()","metadata":{"emulator":{"name":"functions"},"function":{"name":"us-central1-analyze_draft"},"extension":{},"message":">      rv = self.dispatch_request()"}}
[info] >    File "/Users/patrickschmidt/github-projects/fantasy-sports-assistant/functions/venv/lib/python3.14/site-packages/flask/app.py", line 902, in dispatch_request {"user":"  File \"/Users/patrickschmidt/github-projects/fantasy-sports-assistant/functions/venv/lib/python3.14/site-packages/flask/app.py\", line 902, in dispatch_request","metadata":{"emulator":{"name":"functions"},"function":{"name":"us-central1-analyze_draft"},"extension":{},"message":">    File \"/Users/patrickschmidt/github-projects/fantasy-sports-assistant/functions/venv/lib/python3.14/site-packages/flask/app.py\", line 902, in dispatch_request"}}
[info] >      return self.ensure_sync(self.view_functions[rule.endpoint])(**view_args)  # type: ignore[no-any-return] {"user":"    return self.ensure_sync(self.view_functions[rule.endpoint])(**view_args)  # type: ignore[no-any-return]","metadata":{"emulator":{"name":"functions"},"function":{"name":"us-central1-analyze_draft"},"extension":{},"message":">      return self.ensure_sync(self.view_functions[rule.endpoint])(**view_args)  # type: ignore[no-any-return]"}}
[info] >             ~~~~~~~~~~~~~~~~~~~~~~~~~~~~~~~~~~~~~~~~~~~~~~~~~~~~^^^^^^^^^^^^^ {"user":"           ~~~~~~~~~~~~~~~~~~~~~~~~~~~~~~~~~~~~~~~~~~~~~~~~~~~~^^^^^^^^^^^^^","metadata":{"emulator":{"name":"functions"},"function":{"name":"us-central1-analyze_draft"},"extension":{},"message":">             ~~~~~~~~~~~~~~~~~~~~~~~~~~~~~~~~~~~~~~~~~~~~~~~~~~~~^^^^^^^^^^^^^"}}
[info] >    File "/Users/patrickschmidt/github-projects/fantasy-sports-assistant/functions/venv/lib/python3.14/site-packages/functions_framework/execution_id.py", line 157, in wrapper {"user":"  File \"/Users/patrickschmidt/github-projects/fantasy-sports-assistant/functions/venv/lib/python3.14/site-packages/functions_framework/execution_id.py\", line 157, in wrapper","metadata":{"emulator":{"name":"functions"},"function":{"name":"us-central1-analyze_draft"},"extension":{},"message":">    File \"/Users/patrickschmidt/github-projects/fantasy-sports-assistant/functions/venv/lib/python3.14/site-packages/functions_framework/execution_id.py\", line 157, in wrapper"}}
[info] >      result = view_function(*args, **kwargs) {"user":"    result = view_function(*args, **kwargs)","metadata":{"emulator":{"name":"functions"},"function":{"name":"us-central1-analyze_draft"},"extension":{},"message":">      result = view_function(*args, **kwargs)"}}
[info] >    File "/Users/patrickschmidt/github-projects/fantasy-sports-assistant/functions/venv/lib/python3.14/site-packages/functions_framework/__init__.py", line 142, in view_func {"user":"  File \"/Users/patrickschmidt/github-projects/fantasy-sports-assistant/functions/venv/lib/python3.14/site-packages/functions_framework/__init__.py\", line 142, in view_func","metadata":{"emulator":{"name":"functions"},"function":{"name":"us-central1-analyze_draft"},"extension":{},"message":">    File \"/Users/patrickschmidt/github-projects/fantasy-sports-assistant/functions/venv/lib/python3.14/site-packages/functions_framework/__init__.py\", line 142, in view_func"}}
[info] >      return function(request._get_current_object()) {"user":"    return function(request._get_current_object())","metadata":{"emulator":{"name":"functions"},"function":{"name":"us-central1-analyze_draft"},"extension":{},"message":">      return function(request._get_current_object())"}}
[info] >    File "/Users/patrickschmidt/github-projects/fantasy-sports-assistant/functions/venv/lib/python3.14/site-packages/firebase_functions/https_fn.py", line 447, in on_request_wrapped {"user":"  File \"/Users/patrickschmidt/github-projects/fantasy-sports-assistant/functions/venv/lib/python3.14/site-packages/firebase_functions/https_fn.py\", line 447, in on_request_wrapped","metadata":{"emulator":{"name":"functions"},"function":{"name":"us-central1-analyze_draft"},"extension":{},"message":">    File \"/Users/patrickschmidt/github-projects/fantasy-sports-assistant/functions/venv/lib/python3.14/site-packages/firebase_functions/https_fn.py\", line 447, in on_request_wrapped"}}
[info] >      return wrapped_function(request) {"user":"    return wrapped_function(request)","metadata":{"emulator":{"name":"functions"},"function":{"name":"us-central1-analyze_draft"},"extension":{},"message":">      return wrapped_function(request)"}}
[info] >    File "/Users/patrickschmidt/github-projects/fantasy-sports-assistant/functions/venv/lib/python3.14/site-packages/firebase_functions/core.py", line 124, in wrapper {"user":"  File \"/Users/patrickschmidt/github-projects/fantasy-sports-assistant/functions/venv/lib/python3.14/site-packages/firebase_functions/core.py\", line 124, in wrapper","metadata":{"emulator":{"name":"functions"},"function":{"name":"us-central1-analyze_draft"},"extension":{},"message":">    File \"/Users/patrickschmidt/github-projects/fantasy-sports-assistant/functions/venv/lib/python3.14/site-packages/firebase_functions/core.py\", line 124, in wrapper"}}
[info] >      return fn(*args, **kwargs) {"user":"    return fn(*args, **kwargs)","metadata":{"emulator":{"name":"functions"},"function":{"name":"us-central1-analyze_draft"},"extension":{},"message":">      return fn(*args, **kwargs)"}}
[info] >    File "/Users/patrickschmidt/github-projects/fantasy-sports-assistant/functions/main.py", line 111, in analyze_draft {"user":"  File \"/Users/patrickschmidt/github-projects/fantasy-sports-assistant/functions/main.py\", line 111, in analyze_draft","metadata":{"emulator":{"name":"functions"},"function":{"name":"us-central1-analyze_draft"},"extension":{},"message":">    File \"/Users/patrickschmidt/github-projects/fantasy-sports-assistant/functions/main.py\", line 111, in analyze_draft"}}
[info] >      result = api_core.analyze_draft_api(username, draft_id) {"user":"    result = api_core.analyze_draft_api(username, draft_id)","metadata":{"emulator":{"name":"functions"},"function":{"name":"us-central1-analyze_draft"},"extension":{},"message":">      result = api_core.analyze_draft_api(username, draft_id)"}}
[info] >    File "/Users/patrickschmidt/github-projects/fantasy-sports-assistant/functions/api_core.py", line 470, in analyze_draft_api {"user":"  File \"/Users/patrickschmidt/github-projects/fantasy-sports-assistant/functions/api_core.py\", line 470, in analyze_draft_api","metadata":{"emulator":{"name":"functions"},"function":{"name":"us-central1-analyze_draft"},"extension":{},"message":">    File \"/Users/patrickschmidt/github-projects/fantasy-sports-assistant/functions/api_core.py\", line 470, in analyze_draft_api"}}
[info] >      if pos == "WR" and age <= 23: {"user":"    if pos == \"WR\" and age <= 23:","metadata":{"emulator":{"name":"functions"},"function":{"name":"us-central1-analyze_draft"},"extension":{},"message":">      if pos == \"WR\" and age <= 23:"}}
[info] >                         ^^^^^^^^^ {"user":"                       ^^^^^^^^^","metadata":{"emulator":{"name":"functions"},"function":{"name":"us-central1-analyze_draft"},"extension":{},"message":">                         ^^^^^^^^^"}}
[info] >  TypeError: '<=' not supported between instances of 'NoneType' and 'int' {"user":"TypeError: '<=' not supported between instances of 'NoneType' and 'int'","metadata":{"emulator":{"name":"functions"},"function":{"name":"us-central1-analyze_draft"},"extension":{},"message":">  TypeError: '<=' not supported between instances of 'NoneType' and 'int'"}}
[debug] [2026-07-03T21:18:42.827Z] Finishing up request with event=pause {"metadata":{"emulator":{"name":"functions"},"function":{"name":"us-central1-analyze_draft"},"extension":{},"message":"Finishing up request with event=pause"}}
[info] i  functions: Finished "us-central1-analyze_draft" in 1401.952125ms {"metadata":{"emulator":{"name":"functions"},"function":{"name":"us-central1-analyze_draft"},"extension":{},"message":"Finished \"us-central1-analyze_draft\" in 1401.952125ms"}}
[debug] [2026-07-03T21:18:42.827Z] [worker-us-central1-analyze_draft-44c6087e-be85-401e-a6ec-f68c035ec3d5]: IDLE {"metadata":{"emulator":{"name":"functions"},"function":{"name":"us-central1-analyze_draft"},"extension":{},"message":"[worker-us-central1-analyze_draft-44c6087e-be85-401e-a6ec-f68c035ec3d5]: IDLE"}}
[debug] [2026-07-03T21:18:42.827Z] Finishing up request with event=finish {"metadata":{"emulator":{"name":"functions"},"function":{"name":"us-central1-analyze_draft"},"extension":{},"message":"Finishing up request with event=finish"}}
[debug] [2026-07-03T21:18:42.827Z] Finishing up request with event=close {"metadata":{"emulator":{"name":"functions"},"function":{"name":"us-central1-analyze_draft"},"extension":{},"message":"Finishing up request with event=close"}}
[debug] [2026-07-03T21:18:42.827Z] [work-queue] {"queuedWork":[],"queueLength":0,"runningWork":["/demo-no-project/us-central1/analyze_draft-2026-07-03T21:18:41.110Z"],"workRunningCount":1}
[debug] [2026-07-03T21:18:42.827Z] Finishing up request with event=pause {"metadata":{"emulator":{"name":"functions"},"function":{"name":"us-central1-analyze_draft"},"extension":{},"message":"Finishing up request with event=pause"}}
[info] i  functions: Finished "us-central1-analyze_draft" in 1402.635542ms {"metadata":{"emulator":{"name":"functions"},"function":{"name":"us-central1-analyze_draft"},"extension":{},"message":"Finished \"us-central1-analyze_draft\" in 1402.635542ms"}}
[debug] [2026-07-03T21:18:42.827Z] [worker-us-central1-analyze_draft-b9852af3-da13-4130-86c9-7302d7586c1b]: IDLE {"metadata":{"emulator":{"name":"functions"},"function":{"name":"us-central1-analyze_draft"},"extension":{},"message":"[worker-us-central1-analyze_draft-b9852af3-da13-4130-86c9-7302d7586c1b]: IDLE"}}
[debug] [2026-07-03T21:18:42.827Z] Finishing up request with event=finish {"metadata":{"emulator":{"name":"functions"},"function":{"name":"us-central1-analyze_draft"},"extension":{},"message":"Finishing up request with event=finish"}}
[debug] [2026-07-03T21:18:42.827Z] Finishing up request with event=close {"metadata":{"emulator":{"name":"functions"},"function":{"name":"us-central1-analyze_draft"},"extension":{},"message":"Finishing up request with event=close"}}
[debug] [2026-07-03T21:18:42.827Z] [work-queue] {"queuedWork":[],"queueLength":0,"runningWork":[],"workRunningCount":0}
[debug] [2026-07-03T21:20:24.791Z] [work-queue] {"queuedWork":["/demo-no-project/us-central1/get_user_drafts-2026-07-03T21:20:24.791Z"],"queueLength":1,"runningWork":[],"workRunningCount":0}
[debug] [2026-07-03T21:20:24.791Z] [work-queue] {"queuedWork":[],"queueLength":0,"runningWork":["/demo-no-project/us-central1/get_user_drafts-2026-07-03T21:20:24.791Z"],"workRunningCount":1}
[debug] [2026-07-03T21:20:24.791Z] Accepted request GET /demo-no-project/us-central1/get_user_drafts?username=p4t0b4ll3rs --> us-central1-get_user_drafts
[debug] [2026-07-03T21:20:24.791Z] [functions] Runtime ready! Sending request! {"metadata":{"emulator":{"name":"functions"},"message":"[functions] Runtime ready! Sending request!"}}
[debug] [2026-07-03T21:20:24.791Z] [functions] Got req.url=/demo-no-project/us-central1/get_user_drafts?username=p4t0b4ll3rs, mapping to path=/?username=p4t0b4ll3rs {"metadata":{"emulator":{"name":"functions"},"message":"[functions] Got req.url=/demo-no-project/us-central1/get_user_drafts?username=p4t0b4ll3rs, mapping to path=/?username=p4t0b4ll3rs"}}
[debug] [2026-07-03T21:20:24.791Z] [worker-pool] submitRequest(triggerId=us-central1-get_user_drafts) {"metadata":{"emulator":{"name":"functions"},"message":"[worker-pool] submitRequest(triggerId=us-central1-get_user_drafts)"}}
[info] i  functions: Beginning execution of "us-central1-get_user_drafts" {"metadata":{"emulator":{"name":"functions"},"function":{"name":"us-central1-get_user_drafts"},"extension":{},"message":"Beginning execution of \"us-central1-get_user_drafts\""}}
[debug] [2026-07-03T21:20:24.791Z] [worker-us-central1-get_user_drafts-3868c87c-e671-4bdf-9c7a-a45b332caacd]: BUSY {"metadata":{"emulator":{"name":"functions"},"function":{"name":"us-central1-get_user_drafts"},"extension":{},"message":"[worker-us-central1-get_user_drafts-3868c87c-e671-4bdf-9c7a-a45b332caacd]: BUSY"}}
[debug] [2026-07-03T21:20:24.942Z] Finishing up request with event=pause {"metadata":{"emulator":{"name":"functions"},"function":{"name":"us-central1-get_user_drafts"},"extension":{},"message":"Finishing up request with event=pause"}}
[info] i  functions: Finished "us-central1-get_user_drafts" in 151.006833ms {"metadata":{"emulator":{"name":"functions"},"function":{"name":"us-central1-get_user_drafts"},"extension":{},"message":"Finished \"us-central1-get_user_drafts\" in 151.006833ms"}}
[debug] [2026-07-03T21:20:24.942Z] [worker-us-central1-get_user_drafts-3868c87c-e671-4bdf-9c7a-a45b332caacd]: IDLE {"metadata":{"emulator":{"name":"functions"},"function":{"name":"us-central1-get_user_drafts"},"extension":{},"message":"[worker-us-central1-get_user_drafts-3868c87c-e671-4bdf-9c7a-a45b332caacd]: IDLE"}}
[debug] [2026-07-03T21:20:24.942Z] Finishing up request with event=finish {"metadata":{"emulator":{"name":"functions"},"function":{"name":"us-central1-get_user_drafts"},"extension":{},"message":"Finishing up request with event=finish"}}
[debug] [2026-07-03T21:20:24.942Z] Finishing up request with event=close {"metadata":{"emulator":{"name":"functions"},"function":{"name":"us-central1-get_user_drafts"},"extension":{},"message":"Finishing up request with event=close"}}
[debug] [2026-07-03T21:20:24.943Z] [work-queue] {"queuedWork":[],"queueLength":0,"runningWork":[],"workRunningCount":0}
[debug] [2026-07-03T21:20:40.121Z] [work-queue] {"queuedWork":["/demo-no-project/us-central1/analyze_draft-2026-07-03T21:20:40.121Z"],"queueLength":1,"runningWork":[],"workRunningCount":0}
[debug] [2026-07-03T21:20:40.121Z] [work-queue] {"queuedWork":[],"queueLength":0,"runningWork":["/demo-no-project/us-central1/analyze_draft-2026-07-03T21:20:40.121Z"],"workRunningCount":1}
[debug] [2026-07-03T21:20:40.121Z] Accepted request GET /demo-no-project/us-central1/analyze_draft?username=p4t0b4ll3rs&draft_id=1355677697916817408 --> us-central1-analyze_draft
[debug] [2026-07-03T21:20:40.122Z] [functions] Runtime ready! Sending request! {"metadata":{"emulator":{"name":"functions"},"message":"[functions] Runtime ready! Sending request!"}}
[debug] [2026-07-03T21:20:40.122Z] [functions] Got req.url=/demo-no-project/us-central1/analyze_draft?username=p4t0b4ll3rs&draft_id=1355677697916817408, mapping to path=/?username=p4t0b4ll3rs&draft_id=1355677697916817408 {"metadata":{"emulator":{"name":"functions"},"message":"[functions] Got req.url=/demo-no-project/us-central1/analyze_draft?username=p4t0b4ll3rs&draft_id=1355677697916817408, mapping to path=/?username=p4t0b4ll3rs&draft_id=1355677697916817408"}}
[debug] [2026-07-03T21:20:40.122Z] [worker-pool] submitRequest(triggerId=us-central1-analyze_draft) {"metadata":{"emulator":{"name":"functions"},"message":"[worker-pool] submitRequest(triggerId=us-central1-analyze_draft)"}}
[info] i  functions: Beginning execution of "us-central1-analyze_draft" {"metadata":{"emulator":{"name":"functions"},"function":{"name":"us-central1-analyze_draft"},"extension":{},"message":"Beginning execution of \"us-central1-analyze_draft\""}}
[debug] [2026-07-03T21:20:40.122Z] [worker-us-central1-analyze_draft-b9852af3-da13-4130-86c9-7302d7586c1b]: BUSY {"metadata":{"emulator":{"name":"functions"},"function":{"name":"us-central1-analyze_draft"},"extension":{},"message":"[worker-us-central1-analyze_draft-b9852af3-da13-4130-86c9-7302d7586c1b]: BUSY"}}
[info] >  [2026-07-03 21:20:41,329] ERROR in app: Exception on / [GET] {"user":"[2026-07-03 21:20:41,329] ERROR in app: Exception on / [GET]","metadata":{"emulator":{"name":"functions"},"function":{"name":"us-central1-analyze_draft"},"extension":{},"message":">  [2026-07-03 21:20:41,329] ERROR in app: Exception on / [GET]"}}
[info] >  Traceback (most recent call last): {"user":"Traceback (most recent call last):","metadata":{"emulator":{"name":"functions"},"function":{"name":"us-central1-analyze_draft"},"extension":{},"message":">  Traceback (most recent call last):"}}
[info] >    File "/Users/patrickschmidt/github-projects/fantasy-sports-assistant/functions/venv/lib/python3.14/site-packages/flask/app.py", line 1511, in wsgi_app {"user":"  File \"/Users/patrickschmidt/github-projects/fantasy-sports-assistant/functions/venv/lib/python3.14/site-packages/flask/app.py\", line 1511, in wsgi_app","metadata":{"emulator":{"name":"functions"},"function":{"name":"us-central1-analyze_draft"},"extension":{},"message":">    File \"/Users/patrickschmidt/github-projects/fantasy-sports-assistant/functions/venv/lib/python3.14/site-packages/flask/app.py\", line 1511, in wsgi_app"}}
[info] >      response = self.full_dispatch_request() {"user":"    response = self.full_dispatch_request()","metadata":{"emulator":{"name":"functions"},"function":{"name":"us-central1-analyze_draft"},"extension":{},"message":">      response = self.full_dispatch_request()"}}
[info] >    File "/Users/patrickschmidt/github-projects/fantasy-sports-assistant/functions/venv/lib/python3.14/site-packages/flask/app.py", line 919, in full_dispatch_request {"user":"  File \"/Users/patrickschmidt/github-projects/fantasy-sports-assistant/functions/venv/lib/python3.14/site-packages/flask/app.py\", line 919, in full_dispatch_request","metadata":{"emulator":{"name":"functions"},"function":{"name":"us-central1-analyze_draft"},"extension":{},"message":">    File \"/Users/patrickschmidt/github-projects/fantasy-sports-assistant/functions/venv/lib/python3.14/site-packages/flask/app.py\", line 919, in full_dispatch_request"}}
[info] >      rv = self.handle_user_exception(e) {"user":"    rv = self.handle_user_exception(e)","metadata":{"emulator":{"name":"functions"},"function":{"name":"us-central1-analyze_draft"},"extension":{},"message":">      rv = self.handle_user_exception(e)"}}
[info] >    File "/Users/patrickschmidt/github-projects/fantasy-sports-assistant/functions/venv/lib/python3.14/site-packages/flask/app.py", line 917, in full_dispatch_request {"user":"  File \"/Users/patrickschmidt/github-projects/fantasy-sports-assistant/functions/venv/lib/python3.14/site-packages/flask/app.py\", line 917, in full_dispatch_request","metadata":{"emulator":{"name":"functions"},"function":{"name":"us-central1-analyze_draft"},"extension":{},"message":">    File \"/Users/patrickschmidt/github-projects/fantasy-sports-assistant/functions/venv/lib/python3.14/site-packages/flask/app.py\", line 917, in full_dispatch_request"}}
[info] >      rv = self.dispatch_request() {"user":"    rv = self.dispatch_request()","metadata":{"emulator":{"name":"functions"},"function":{"name":"us-central1-analyze_draft"},"extension":{},"message":">      rv = self.dispatch_request()"}}
[info] >    File "/Users/patrickschmidt/github-projects/fantasy-sports-assistant/functions/venv/lib/python3.14/site-packages/flask/app.py", line 902, in dispatch_request {"user":"  File \"/Users/patrickschmidt/github-projects/fantasy-sports-assistant/functions/venv/lib/python3.14/site-packages/flask/app.py\", line 902, in dispatch_request","metadata":{"emulator":{"name":"functions"},"function":{"name":"us-central1-analyze_draft"},"extension":{},"message":">    File \"/Users/patrickschmidt/github-projects/fantasy-sports-assistant/functions/venv/lib/python3.14/site-packages/flask/app.py\", line 902, in dispatch_request"}}
[info] >      return self.ensure_sync(self.view_functions[rule.endpoint])(**view_args)  # type: ignore[no-any-return] {"user":"    return self.ensure_sync(self.view_functions[rule.endpoint])(**view_args)  # type: ignore[no-any-return]","metadata":{"emulator":{"name":"functions"},"function":{"name":"us-central1-analyze_draft"},"extension":{},"message":">      return self.ensure_sync(self.view_functions[rule.endpoint])(**view_args)  # type: ignore[no-any-return]"}}
[info] >             ~~~~~~~~~~~~~~~~~~~~~~~~~~~~~~~~~~~~~~~~~~~~~~~~~~~~^^^^^^^^^^^^^ {"user":"           ~~~~~~~~~~~~~~~~~~~~~~~~~~~~~~~~~~~~~~~~~~~~~~~~~~~~^^^^^^^^^^^^^","metadata":{"emulator":{"name":"functions"},"function":{"name":"us-central1-analyze_draft"},"extension":{},"message":">             ~~~~~~~~~~~~~~~~~~~~~~~~~~~~~~~~~~~~~~~~~~~~~~~~~~~~^^^^^^^^^^^^^"}}
[info] >    File "/Users/patrickschmidt/github-projects/fantasy-sports-assistant/functions/venv/lib/python3.14/site-packages/functions_framework/execution_id.py", line 157, in wrapper {"user":"  File \"/Users/patrickschmidt/github-projects/fantasy-sports-assistant/functions/venv/lib/python3.14/site-packages/functions_framework/execution_id.py\", line 157, in wrapper","metadata":{"emulator":{"name":"functions"},"function":{"name":"us-central1-analyze_draft"},"extension":{},"message":">    File \"/Users/patrickschmidt/github-projects/fantasy-sports-assistant/functions/venv/lib/python3.14/site-packages/functions_framework/execution_id.py\", line 157, in wrapper"}}
[info] >      result = view_function(*args, **kwargs) {"user":"    result = view_function(*args, **kwargs)","metadata":{"emulator":{"name":"functions"},"function":{"name":"us-central1-analyze_draft"},"extension":{},"message":">      result = view_function(*args, **kwargs)"}}
[info] >    File "/Users/patrickschmidt/github-projects/fantasy-sports-assistant/functions/venv/lib/python3.14/site-packages/functions_framework/__init__.py", line 142, in view_func {"user":"  File \"/Users/patrickschmidt/github-projects/fantasy-sports-assistant/functions/venv/lib/python3.14/site-packages/functions_framework/__init__.py\", line 142, in view_func","metadata":{"emulator":{"name":"functions"},"function":{"name":"us-central1-analyze_draft"},"extension":{},"message":">    File \"/Users/patrickschmidt/github-projects/fantasy-sports-assistant/functions/venv/lib/python3.14/site-packages/functions_framework/__init__.py\", line 142, in view_func"}}
[info] >      return function(request._get_current_object()) {"user":"    return function(request._get_current_object())","metadata":{"emulator":{"name":"functions"},"function":{"name":"us-central1-analyze_draft"},"extension":{},"message":">      return function(request._get_current_object())"}}
[info] >    File "/Users/patrickschmidt/github-projects/fantasy-sports-assistant/functions/venv/lib/python3.14/site-packages/firebase_functions/https_fn.py", line 447, in on_request_wrapped {"user":"  File \"/Users/patrickschmidt/github-projects/fantasy-sports-assistant/functions/venv/lib/python3.14/site-packages/firebase_functions/https_fn.py\", line 447, in on_request_wrapped","metadata":{"emulator":{"name":"functions"},"function":{"name":"us-central1-analyze_draft"},"extension":{},"message":">    File \"/Users/patrickschmidt/github-projects/fantasy-sports-assistant/functions/venv/lib/python3.14/site-packages/firebase_functions/https_fn.py\", line 447, in on_request_wrapped"}}
[info] >      return wrapped_function(request) {"user":"    return wrapped_function(request)","metadata":{"emulator":{"name":"functions"},"function":{"name":"us-central1-analyze_draft"},"extension":{},"message":">      return wrapped_function(request)"}}
[info] >    File "/Users/patrickschmidt/github-projects/fantasy-sports-assistant/functions/venv/lib/python3.14/site-packages/firebase_functions/core.py", line 124, in wrapper {"user":"  File \"/Users/patrickschmidt/github-projects/fantasy-sports-assistant/functions/venv/lib/python3.14/site-packages/firebase_functions/core.py\", line 124, in wrapper","metadata":{"emulator":{"name":"functions"},"function":{"name":"us-central1-analyze_draft"},"extension":{},"message":">    File \"/Users/patrickschmidt/github-projects/fantasy-sports-assistant/functions/venv/lib/python3.14/site-packages/firebase_functions/core.py\", line 124, in wrapper"}}
[info] >      return fn(*args, **kwargs) {"user":"    return fn(*args, **kwargs)","metadata":{"emulator":{"name":"functions"},"function":{"name":"us-central1-analyze_draft"},"extension":{},"message":">      return fn(*args, **kwargs)"}}
[info] >    File "/Users/patrickschmidt/github-projects/fantasy-sports-assistant/functions/main.py", line 111, in analyze_draft {"user":"  File \"/Users/patrickschmidt/github-projects/fantasy-sports-assistant/functions/main.py\", line 111, in analyze_draft","metadata":{"emulator":{"name":"functions"},"function":{"name":"us-central1-analyze_draft"},"extension":{},"message":">    File \"/Users/patrickschmidt/github-projects/fantasy-sports-assistant/functions/main.py\", line 111, in analyze_draft"}}
[info] >      result = api_core.analyze_draft_api(username, draft_id) {"user":"    result = api_core.analyze_draft_api(username, draft_id)","metadata":{"emulator":{"name":"functions"},"function":{"name":"us-central1-analyze_draft"},"extension":{},"message":">      result = api_core.analyze_draft_api(username, draft_id)"}}
[info] >    File "/Users/patrickschmidt/github-projects/fantasy-sports-assistant/functions/api_core.py", line 470, in analyze_draft_api {"user":"  File \"/Users/patrickschmidt/github-projects/fantasy-sports-assistant/functions/api_core.py\", line 470, in analyze_draft_api","metadata":{"emulator":{"name":"functions"},"function":{"name":"us-central1-analyze_draft"},"extension":{},"message":">    File \"/Users/patrickschmidt/github-projects/fantasy-sports-assistant/functions/api_core.py\", line 470, in analyze_draft_api"}}
[info] >      if pos == "WR" and age <= 23: {"user":"    if pos == \"WR\" and age <= 23:","metadata":{"emulator":{"name":"functions"},"function":{"name":"us-central1-analyze_draft"},"extension":{},"message":">      if pos == \"WR\" and age <= 23:"}}
[info] >                         ^^^^^^^^^ {"user":"                       ^^^^^^^^^","metadata":{"emulator":{"name":"functions"},"function":{"name":"us-central1-analyze_draft"},"extension":{},"message":">                         ^^^^^^^^^"}}
[info] >  TypeError: '<=' not supported between instances of 'NoneType' and 'int' {"user":"TypeError: '<=' not supported between instances of 'NoneType' and 'int'","metadata":{"emulator":{"name":"functions"},"function":{"name":"us-central1-analyze_draft"},"extension":{},"message":">  TypeError: '<=' not supported between instances of 'NoneType' and 'int'"}}
[debug] [2026-07-03T21:20:41.332Z] Finishing up request with event=pause {"metadata":{"emulator":{"name":"functions"},"function":{"name":"us-central1-analyze_draft"},"extension":{},"message":"Finishing up request with event=pause"}}
[info] i  functions: Finished "us-central1-analyze_draft" in 1209.92275ms {"metadata":{"emulator":{"name":"functions"},"function":{"name":"us-central1-analyze_draft"},"extension":{},"message":"Finished \"us-central1-analyze_draft\" in 1209.92275ms"}}
[debug] [2026-07-03T21:20:41.332Z] [worker-us-central1-analyze_draft-b9852af3-da13-4130-86c9-7302d7586c1b]: IDLE {"metadata":{"emulator":{"name":"functions"},"function":{"name":"us-central1-analyze_draft"},"extension":{},"message":"[worker-us-central1-analyze_draft-b9852af3-da13-4130-86c9-7302d7586c1b]: IDLE"}}
[debug] [2026-07-03T21:20:41.332Z] Finishing up request with event=finish {"metadata":{"emulator":{"name":"functions"},"function":{"name":"us-central1-analyze_draft"},"extension":{},"message":"Finishing up request with event=finish"}}
[debug] [2026-07-03T21:20:41.332Z] Finishing up request with event=close {"metadata":{"emulator":{"name":"functions"},"function":{"name":"us-central1-analyze_draft"},"extension":{},"message":"Finishing up request with event=close"}}
[debug] [2026-07-03T21:20:41.332Z] [work-queue] {"queuedWork":[],"queueLength":0,"runningWork":[],"workRunningCount":0}
[debug] [2026-07-03T21:21:12.664Z] File /Users/patrickschmidt/github-projects/fantasy-sports-assistant/functions/api_core.py changed, reloading triggers {"metadata":{"emulator":{"name":"functions"},"message":"File /Users/patrickschmidt/github-projects/fantasy-sports-assistant/functions/api_core.py changed, reloading triggers"}}
[debug] [2026-07-03T21:21:13.666Z] Customer code is not Node
[debug] [2026-07-03T21:21:13.666Z] Validating python source
[debug] [2026-07-03T21:21:13.666Z] Building python source
[debug] [2026-07-03T21:21:13.666Z] Could not find functions.yaml. Must use http discovery
[debug] [2026-07-03T21:21:13.667Z] Running command with virtualenv: command=., args=["\"/Users/patrickschmidt/github-projects/fantasy-sports-assistant/functions/venv/bin/activate\"","&&","python3.14","-c","\"import firebase_functions; import os; print(os.path.dirname(firebase_functions.__file__))\""]
[debug] [2026-07-03T21:21:13.715Z] stdout: /Users/patrickschmidt/github-projects/fantasy-sports-assistant/functions/venv/lib/python3.14/site-packages/firebase_functions

[debug] [2026-07-03T21:21:13.719Z] Running admin server with args: ["python3.14","\"/Users/patrickschmidt/github-projects/fantasy-sports-assistant/functions/venv/lib/python3.14/site-packages/firebase_functions/private/serving.py\""] and env: {"GCLOUD_PROJECT":"demo-no-project","K_REVISION":"1","PORT":"80","GOOGLE_CLOUD_QUOTA_PROJECT":"demo-no-project","FUNCTIONS_EMULATOR":"true","TZ":"UTC","FIREBASE_DEBUG_MODE":"true","FIREBASE_DEBUG_FEATURES":"{\"skipTokenVerification\":true,\"enableCors\":true}","FIREBASE_EMULATOR_HUB":"127.0.0.1:4400","CLOUD_EVENTARC_EMULATOR_HOST":"http://127.0.0.1:9299","CLOUD_TASKS_EMULATOR_HOST":"127.0.0.1:9499","FIREBASE_CONFIG":"{\"storageBucket\":\"demo-no-project.appspot.com\",\"databaseURL\":\"https://demo-no-project.firebaseio.com\",\"projectId\":\"demo-no-project\"}","GOOGLE_APPLICATION_CREDENTIALS":"/Users/patrickschmidt/.config/firebase/patrick_schmidt.mail_gmail.com_application_default_credentials.json","ADMIN_PORT":"8081"} in /Users/patrickschmidt/github-projects/fantasy-sports-assistant/functions
[debug] [2026-07-03T21:21:13.720Z] Running command with virtualenv: command=., args=["\"/Users/patrickschmidt/github-projects/fantasy-sports-assistant/functions/venv/bin/activate\"","&&","python3.14","\"/Users/patrickschmidt/github-projects/fantasy-sports-assistant/functions/venv/lib/python3.14/site-packages/firebase_functions/private/serving.py\""]
[info]  * Serving Flask app 'serving'
 * Debug mode: off

[error] WARNING: This is a development server. Do not use it in a production deployment. Use a production WSGI server instead.
 * Running on http://127.0.0.1:8081

[error] Press CTRL+C to quit

[error] 127.0.0.1 - - [03/Jul/2026 21:21:14] "GET /__/functions.yaml HTTP/1.1" 200 -

[debug] [2026-07-03T21:21:14.243Z] Got response from /__/functions.yaml endpoints:
  analyze_draft:
    availableMemoryMb: null
    concurrency: null
    entryPoint: analyze_draft
    httpsTrigger: {}
    ingressSettings: null
    labels: {}
    maxInstances: null
    minInstances: null
    platform: gcfv2
    secretEnvironmentVariables: []
    serviceAccountEmail: null
    timeoutSeconds: null
  analyze_waivers:
    availableMemoryMb: null
    concurrency: null
    entryPoint: analyze_waivers
    httpsTrigger: {}
    ingressSettings: null
    labels: {}
    maxInstances: null
    minInstances: null
    platform: gcfv2
    secretEnvironmentVariables: []
    serviceAccountEmail: null
    timeoutSeconds: null
  get_league_rosters:
    availableMemoryMb: null
    concurrency: null
    entryPoint: get_league_rosters
    httpsTrigger: {}
    ingressSettings: null
    labels: {}
    maxInstances: null
    minInstances: null
    platform: gcfv2
    secretEnvironmentVariables: []
    serviceAccountEmail: null
    timeoutSeconds: null
  get_league_users:
    availableMemoryMb: null
    concurrency: null
    entryPoint: get_league_users
    httpsTrigger: {}
    ingressSettings: null
    labels: {}
    maxInstances: null
    minInstances: null
    platform: gcfv2
    secretEnvironmentVariables: []
    serviceAccountEmail: null
    timeoutSeconds: null
  get_user_drafts:
    availableMemoryMb: null
    concurrency: null
    entryPoint: get_user_drafts
    httpsTrigger: {}
    ingressSettings: null
    labels: {}
    maxInstances: null
    minInstances: null
    platform: gcfv2
    secretEnvironmentVariables: []
    serviceAccountEmail: null
    timeoutSeconds: null
  get_user_leagues:
    availableMemoryMb: null
    concurrency: null
    entryPoint: get_user_leagues
    httpsTrigger: {}
    ingressSettings: null
    labels: {}
    maxInstances: null
    minInstances: null
    platform: gcfv2
    secretEnvironmentVariables: []
    serviceAccountEmail: null
    timeoutSeconds: null
  update_data:
    availableMemoryMb: null
    concurrency: null
    entryPoint: update_data
    httpsTrigger: {}
    ingressSettings: null
    labels: {}
    maxInstances: null
    minInstances: null
    platform: gcfv2
    secretEnvironmentVariables: []
    serviceAccountEmail: null
    timeoutSeconds: null
params: []
requiredAPIs: []
specVersion: v1alpha1

[error] 127.0.0.1 - - [03/Jul/2026 21:21:14] "GET /__/quitquitquit HTTP/1.1" 200 -

[error] /bin/sh: line 1: 92957 Terminated: 15          python3.14 "/Users/patrickschmidt/github-projects/fantasy-sports-assistant/functions/venv/lib/python3.14/site-packages/firebase_functions/private/serving.py"

[info] ✔  functions: Loaded functions definitions from source: analyze_draft, analyze_waivers, get_league_rosters, get_league_users, get_user_drafts, get_user_leagues, update_data. {"metadata":{"emulator":{"name":"functions"},"message":"Loaded functions definitions from source: analyze_draft, analyze_waivers, get_league_rosters, get_league_users, get_user_drafts, get_user_leagues, update_data."}}
[debug] [2026-07-03T21:21:14.249Z] [worker-pool] Shutting down IDLE worker (us-central1-get_user_leagues) {"metadata":{"emulator":{"name":"functions"},"message":"[worker-pool] Shutting down IDLE worker (us-central1-get_user_leagues)"}}
[debug] [2026-07-03T21:21:14.249Z] [worker-us-central1-get_user_leagues-f1def6c5-2643-482d-8b88-ca7672aa43a3]: FINISHING {"metadata":{"emulator":{"name":"functions"},"function":{"name":"us-central1-get_user_leagues"},"extension":{},"message":"[worker-us-central1-get_user_leagues-f1def6c5-2643-482d-8b88-ca7672aa43a3]: FINISHING"}}
[debug] [2026-07-03T21:21:14.249Z] [worker-pool] Shutting down IDLE worker (us-central1-get_user_drafts) {"metadata":{"emulator":{"name":"functions"},"message":"[worker-pool] Shutting down IDLE worker (us-central1-get_user_drafts)"}}
[debug] [2026-07-03T21:21:14.249Z] [worker-us-central1-get_user_drafts-3868c87c-e671-4bdf-9c7a-a45b332caacd]: FINISHING {"metadata":{"emulator":{"name":"functions"},"function":{"name":"us-central1-get_user_drafts"},"extension":{},"message":"[worker-us-central1-get_user_drafts-3868c87c-e671-4bdf-9c7a-a45b332caacd]: FINISHING"}}
[debug] [2026-07-03T21:21:14.249Z] [worker-pool] Shutting down IDLE worker (us-central1-analyze_draft) {"metadata":{"emulator":{"name":"functions"},"message":"[worker-pool] Shutting down IDLE worker (us-central1-analyze_draft)"}}
[debug] [2026-07-03T21:21:14.249Z] [worker-us-central1-analyze_draft-b9852af3-da13-4130-86c9-7302d7586c1b]: FINISHING {"metadata":{"emulator":{"name":"functions"},"function":{"name":"us-central1-analyze_draft"},"extension":{},"message":"[worker-us-central1-analyze_draft-b9852af3-da13-4130-86c9-7302d7586c1b]: FINISHING"}}
[debug] [2026-07-03T21:21:14.249Z] [worker-pool] Shutting down IDLE worker (us-central1-analyze_draft) {"metadata":{"emulator":{"name":"functions"},"message":"[worker-pool] Shutting down IDLE worker (us-central1-analyze_draft)"}}
[debug] [2026-07-03T21:21:14.249Z] [worker-us-central1-analyze_draft-44c6087e-be85-401e-a6ec-f68c035ec3d5]: FINISHING {"metadata":{"emulator":{"name":"functions"},"function":{"name":"us-central1-analyze_draft"},"extension":{},"message":"[worker-us-central1-analyze_draft-44c6087e-be85-401e-a6ec-f68c035ec3d5]: FINISHING"}}
[debug] [2026-07-03T21:21:14.250Z] [worker-us-central1-get_user_drafts-3868c87c-e671-4bdf-9c7a-a45b332caacd]: exited {"metadata":{"emulator":{"name":"functions"},"function":{"name":"us-central1-get_user_drafts"},"extension":{},"message":"[worker-us-central1-get_user_drafts-3868c87c-e671-4bdf-9c7a-a45b332caacd]: exited"}}
[debug] [2026-07-03T21:21:14.250Z] [worker-us-central1-get_user_drafts-3868c87c-e671-4bdf-9c7a-a45b332caacd]: FINISHED {"metadata":{"emulator":{"name":"functions"},"function":{"name":"us-central1-get_user_drafts"},"extension":{},"message":"[worker-us-central1-get_user_drafts-3868c87c-e671-4bdf-9c7a-a45b332caacd]: FINISHED"}}
[debug] [2026-07-03T21:21:14.250Z] [worker-us-central1-get_user_leagues-f1def6c5-2643-482d-8b88-ca7672aa43a3]: exited {"metadata":{"emulator":{"name":"functions"},"function":{"name":"us-central1-get_user_leagues"},"extension":{},"message":"[worker-us-central1-get_user_leagues-f1def6c5-2643-482d-8b88-ca7672aa43a3]: exited"}}
[debug] [2026-07-03T21:21:14.250Z] [worker-us-central1-get_user_leagues-f1def6c5-2643-482d-8b88-ca7672aa43a3]: FINISHED {"metadata":{"emulator":{"name":"functions"},"function":{"name":"us-central1-get_user_leagues"},"extension":{},"message":"[worker-us-central1-get_user_leagues-f1def6c5-2643-482d-8b88-ca7672aa43a3]: FINISHED"}}
[debug] [2026-07-03T21:21:14.250Z] [worker-us-central1-analyze_draft-b9852af3-da13-4130-86c9-7302d7586c1b]: exited {"metadata":{"emulator":{"name":"functions"},"function":{"name":"us-central1-analyze_draft"},"extension":{},"message":"[worker-us-central1-analyze_draft-b9852af3-da13-4130-86c9-7302d7586c1b]: exited"}}
[debug] [2026-07-03T21:21:14.250Z] [worker-us-central1-analyze_draft-b9852af3-da13-4130-86c9-7302d7586c1b]: FINISHED {"metadata":{"emulator":{"name":"functions"},"function":{"name":"us-central1-analyze_draft"},"extension":{},"message":"[worker-us-central1-analyze_draft-b9852af3-da13-4130-86c9-7302d7586c1b]: FINISHED"}}
[debug] [2026-07-03T21:21:14.250Z] [worker-us-central1-analyze_draft-44c6087e-be85-401e-a6ec-f68c035ec3d5]: exited {"metadata":{"emulator":{"name":"functions"},"function":{"name":"us-central1-analyze_draft"},"extension":{},"message":"[worker-us-central1-analyze_draft-44c6087e-be85-401e-a6ec-f68c035ec3d5]: exited"}}
[debug] [2026-07-03T21:21:14.250Z] [worker-us-central1-analyze_draft-44c6087e-be85-401e-a6ec-f68c035ec3d5]: FINISHED {"metadata":{"emulator":{"name":"functions"},"function":{"name":"us-central1-analyze_draft"},"extension":{},"message":"[worker-us-central1-analyze_draft-44c6087e-be85-401e-a6ec-f68c035ec3d5]: FINISHED"}}
[debug] [2026-07-03T21:21:14.254Z] File /Users/patrickschmidt/github-projects/fantasy-sports-assistant/functions/__pycache__/api_core.cpython-314.pyc changed, reloading triggers {"metadata":{"emulator":{"name":"functions"},"message":"File /Users/patrickschmidt/github-projects/fantasy-sports-assistant/functions/__pycache__/api_core.cpython-314.pyc changed, reloading triggers"}}
[debug] [2026-07-03T21:21:15.257Z] Customer code is not Node
[debug] [2026-07-03T21:21:15.257Z] Validating python source
[debug] [2026-07-03T21:21:15.258Z] Building python source
[debug] [2026-07-03T21:21:15.258Z] Could not find functions.yaml. Must use http discovery
[debug] [2026-07-03T21:21:15.261Z] Running command with virtualenv: command=., args=["\"/Users/patrickschmidt/github-projects/fantasy-sports-assistant/functions/venv/bin/activate\"","&&","python3.14","-c","\"import firebase_functions; import os; print(os.path.dirname(firebase_functions.__file__))\""]
[debug] [2026-07-03T21:21:15.313Z] stdout: /Users/patrickschmidt/github-projects/fantasy-sports-assistant/functions/venv/lib/python3.14/site-packages/firebase_functions

[debug] [2026-07-03T21:21:15.316Z] Running admin server with args: ["python3.14","\"/Users/patrickschmidt/github-projects/fantasy-sports-assistant/functions/venv/lib/python3.14/site-packages/firebase_functions/private/serving.py\""] and env: {"GCLOUD_PROJECT":"demo-no-project","K_REVISION":"1","PORT":"80","GOOGLE_CLOUD_QUOTA_PROJECT":"demo-no-project","FUNCTIONS_EMULATOR":"true","TZ":"UTC","FIREBASE_DEBUG_MODE":"true","FIREBASE_DEBUG_FEATURES":"{\"skipTokenVerification\":true,\"enableCors\":true}","FIREBASE_EMULATOR_HUB":"127.0.0.1:4400","CLOUD_EVENTARC_EMULATOR_HOST":"http://127.0.0.1:9299","CLOUD_TASKS_EMULATOR_HOST":"127.0.0.1:9499","FIREBASE_CONFIG":"{\"storageBucket\":\"demo-no-project.appspot.com\",\"databaseURL\":\"https://demo-no-project.firebaseio.com\",\"projectId\":\"demo-no-project\"}","GOOGLE_APPLICATION_CREDENTIALS":"/Users/patrickschmidt/.config/firebase/patrick_schmidt.mail_gmail.com_application_default_credentials.json","ADMIN_PORT":"8081"} in /Users/patrickschmidt/github-projects/fantasy-sports-assistant/functions
[debug] [2026-07-03T21:21:15.316Z] Running command with virtualenv: command=., args=["\"/Users/patrickschmidt/github-projects/fantasy-sports-assistant/functions/venv/bin/activate\"","&&","python3.14","\"/Users/patrickschmidt/github-projects/fantasy-sports-assistant/functions/venv/lib/python3.14/site-packages/firebase_functions/private/serving.py\""]
[info]  * Serving Flask app 'serving'
 * Debug mode: off

[error] WARNING: This is a development server. Do not use it in a production deployment. Use a production WSGI server instead.
 * Running on http://127.0.0.1:8081

[error] Press CTRL+C to quit

[error] 127.0.0.1 - - [03/Jul/2026 21:21:15] "GET /__/functions.yaml HTTP/1.1" 200 -

[debug] [2026-07-03T21:21:15.841Z] Got response from /__/functions.yaml endpoints:
  analyze_draft:
    availableMemoryMb: null
    concurrency: null
    entryPoint: analyze_draft
    httpsTrigger: {}
    ingressSettings: null
    labels: {}
    maxInstances: null
    minInstances: null
    platform: gcfv2
    secretEnvironmentVariables: []
    serviceAccountEmail: null
    timeoutSeconds: null
  analyze_waivers:
    availableMemoryMb: null
    concurrency: null
    entryPoint: analyze_waivers
    httpsTrigger: {}
    ingressSettings: null
    labels: {}
    maxInstances: null
    minInstances: null
    platform: gcfv2
    secretEnvironmentVariables: []
    serviceAccountEmail: null
    timeoutSeconds: null
  get_league_rosters:
    availableMemoryMb: null
    concurrency: null
    entryPoint: get_league_rosters
    httpsTrigger: {}
    ingressSettings: null
    labels: {}
    maxInstances: null
    minInstances: null
    platform: gcfv2
    secretEnvironmentVariables: []
    serviceAccountEmail: null
    timeoutSeconds: null
  get_league_users:
    availableMemoryMb: null
    concurrency: null
    entryPoint: get_league_users
    httpsTrigger: {}
    ingressSettings: null
    labels: {}
    maxInstances: null
    minInstances: null
    platform: gcfv2
    secretEnvironmentVariables: []
    serviceAccountEmail: null
    timeoutSeconds: null
  get_user_drafts:
    availableMemoryMb: null
    concurrency: null
    entryPoint: get_user_drafts
    httpsTrigger: {}
    ingressSettings: null
    labels: {}
    maxInstances: null
    minInstances: null
    platform: gcfv2
    secretEnvironmentVariables: []
    serviceAccountEmail: null
    timeoutSeconds: null
  get_user_leagues:
    availableMemoryMb: null
    concurrency: null
    entryPoint: get_user_leagues
    httpsTrigger: {}
    ingressSettings: null
    labels: {}
    maxInstances: null
    minInstances: null
    platform: gcfv2
    secretEnvironmentVariables: []
    serviceAccountEmail: null
    timeoutSeconds: null
  update_data:
    availableMemoryMb: null
    concurrency: null
    entryPoint: update_data
    httpsTrigger: {}
    ingressSettings: null
    labels: {}
    maxInstances: null
    minInstances: null
    platform: gcfv2
    secretEnvironmentVariables: []
    serviceAccountEmail: null
    timeoutSeconds: null
params: []
requiredAPIs: []
specVersion: v1alpha1

[error] 127.0.0.1 - - [03/Jul/2026 21:21:15] "GET /__/quitquitquit HTTP/1.1" 200 -

[error] /bin/sh: line 1: 92965 Terminated: 15          python3.14 "/Users/patrickschmidt/github-projects/fantasy-sports-assistant/functions/venv/lib/python3.14/site-packages/firebase_functions/private/serving.py"

[info] ✔  functions: Loaded functions definitions from source: analyze_draft, analyze_waivers, get_league_rosters, get_league_users, get_user_drafts, get_user_leagues, update_data. {"metadata":{"emulator":{"name":"functions"},"message":"Loaded functions definitions from source: analyze_draft, analyze_waivers, get_league_rosters, get_league_users, get_user_drafts, get_user_leagues, update_data."}}
[debug] [2026-07-03T21:24:57.468Z] [work-queue] {"queuedWork":["/demo-no-project/us-central1/analyze_draft-2026-07-03T21:24:57.468Z"],"queueLength":1,"runningWork":[],"workRunningCount":0}
[debug] [2026-07-03T21:24:57.468Z] [work-queue] {"queuedWork":[],"queueLength":0,"runningWork":["/demo-no-project/us-central1/analyze_draft-2026-07-03T21:24:57.468Z"],"workRunningCount":1}
[debug] [2026-07-03T21:24:57.468Z] Accepted request GET /demo-no-project/us-central1/analyze_draft?username=p4t0b4ll3rs&draft_id=1315762971158286336 --> us-central1-analyze_draft
[debug] [2026-07-03T21:24:57.469Z] [functions] Runtime ready! Sending request! {"metadata":{"emulator":{"name":"functions"},"message":"[functions] Runtime ready! Sending request!"}}
[debug] [2026-07-03T21:24:57.469Z] [functions] Got req.url=/demo-no-project/us-central1/analyze_draft?username=p4t0b4ll3rs&draft_id=1315762971158286336, mapping to path=/?username=p4t0b4ll3rs&draft_id=1315762971158286336 {"metadata":{"emulator":{"name":"functions"},"message":"[functions] Got req.url=/demo-no-project/us-central1/analyze_draft?username=p4t0b4ll3rs&draft_id=1315762971158286336, mapping to path=/?username=p4t0b4ll3rs&draft_id=1315762971158286336"}}
[debug] [2026-07-03T21:24:57.469Z] [worker-pool] Cleaned up workers for us-central1-get_user_leagues: 1 --> 0 {"metadata":{"emulator":{"name":"functions"},"message":"[worker-pool] Cleaned up workers for us-central1-get_user_leagues: 1 --> 0"}}
[debug] [2026-07-03T21:24:57.469Z] [worker-pool] Cleaned up workers for us-central1-get_user_drafts: 1 --> 0 {"metadata":{"emulator":{"name":"functions"},"message":"[worker-pool] Cleaned up workers for us-central1-get_user_drafts: 1 --> 0"}}
[debug] [2026-07-03T21:24:57.469Z] [worker-pool] Cleaned up workers for us-central1-analyze_draft: 2 --> 0 {"metadata":{"emulator":{"name":"functions"},"message":"[worker-pool] Cleaned up workers for us-central1-analyze_draft: 2 --> 0"}}
[debug] [2026-07-03T21:24:57.470Z] Running command with virtualenv: command=., args=["\"/Users/patrickschmidt/github-projects/fantasy-sports-assistant/functions/venv/bin/activate\"","&&","functions-framework"]
[debug] [2026-07-03T21:24:57.471Z] [worker-pool] addWorker(us-central1-analyze_draft) {"metadata":{"emulator":{"name":"functions"},"message":"[worker-pool] addWorker(us-central1-analyze_draft)"}}
[debug] [2026-07-03T21:24:57.471Z] [worker-pool] Adding worker with key us-central1-analyze_draft, total=1 {"metadata":{"emulator":{"name":"functions"},"message":"[worker-pool] Adding worker with key us-central1-analyze_draft, total=1"}}
[debug] [2026-07-03T21:24:57.780Z] [worker-us-central1-analyze_draft-2c7e01ed-dcb4-47fb-b9df-e9651f79bd4a]: IDLE {"metadata":{"emulator":{"name":"functions"},"function":{"name":"us-central1-analyze_draft"},"extension":{},"message":"[worker-us-central1-analyze_draft-2c7e01ed-dcb4-47fb-b9df-e9651f79bd4a]: IDLE"}}
[debug] [2026-07-03T21:24:57.780Z] [worker-pool] submitRequest(triggerId=us-central1-analyze_draft) {"metadata":{"emulator":{"name":"functions"},"message":"[worker-pool] submitRequest(triggerId=us-central1-analyze_draft)"}}
[info] i  functions: Beginning execution of "us-central1-analyze_draft" {"metadata":{"emulator":{"name":"functions"},"function":{"name":"us-central1-analyze_draft"},"extension":{},"message":"Beginning execution of \"us-central1-analyze_draft\""}}
[debug] [2026-07-03T21:24:57.780Z] [worker-us-central1-analyze_draft-2c7e01ed-dcb4-47fb-b9df-e9651f79bd4a]: BUSY {"metadata":{"emulator":{"name":"functions"},"function":{"name":"us-central1-analyze_draft"},"extension":{},"message":"[worker-us-central1-analyze_draft-2c7e01ed-dcb4-47fb-b9df-e9651f79bd4a]: BUSY"}}
[debug] [2026-07-03T21:24:58.856Z] Finishing up request with event=pause {"metadata":{"emulator":{"name":"functions"},"function":{"name":"us-central1-analyze_draft"},"extension":{},"message":"Finishing up request with event=pause"}}
[info] i  functions: Finished "us-central1-analyze_draft" in 1075.76125ms {"metadata":{"emulator":{"name":"functions"},"function":{"name":"us-central1-analyze_draft"},"extension":{},"message":"Finished \"us-central1-analyze_draft\" in 1075.76125ms"}}
[debug] [2026-07-03T21:24:58.856Z] [worker-us-central1-analyze_draft-2c7e01ed-dcb4-47fb-b9df-e9651f79bd4a]: IDLE {"metadata":{"emulator":{"name":"functions"},"function":{"name":"us-central1-analyze_draft"},"extension":{},"message":"[worker-us-central1-analyze_draft-2c7e01ed-dcb4-47fb-b9df-e9651f79bd4a]: IDLE"}}
[debug] [2026-07-03T21:24:58.856Z] Finishing up request with event=finish {"metadata":{"emulator":{"name":"functions"},"function":{"name":"us-central1-analyze_draft"},"extension":{},"message":"Finishing up request with event=finish"}}
[debug] [2026-07-03T21:24:58.856Z] Finishing up request with event=close {"metadata":{"emulator":{"name":"functions"},"function":{"name":"us-central1-analyze_draft"},"extension":{},"message":"Finishing up request with event=close"}}
[debug] [2026-07-03T21:24:58.856Z] [work-queue] {"queuedWork":[],"queueLength":0,"runningWork":[],"workRunningCount":0}
[debug] [2026-07-03T21:26:59.350Z] File /Users/patrickschmidt/github-projects/fantasy-sports-assistant/functions/api_core.py changed, reloading triggers {"metadata":{"emulator":{"name":"functions"},"message":"File /Users/patrickschmidt/github-projects/fantasy-sports-assistant/functions/api_core.py changed, reloading triggers"}}
[debug] [2026-07-03T21:27:00.352Z] Customer code is not Node
[debug] [2026-07-03T21:27:00.352Z] Validating python source
[debug] [2026-07-03T21:27:00.352Z] Building python source
[debug] [2026-07-03T21:27:00.352Z] Could not find functions.yaml. Must use http discovery
[debug] [2026-07-03T21:27:00.353Z] Running command with virtualenv: command=., args=["\"/Users/patrickschmidt/github-projects/fantasy-sports-assistant/functions/venv/bin/activate\"","&&","python3.14","-c","\"import firebase_functions; import os; print(os.path.dirname(firebase_functions.__file__))\""]
[debug] [2026-07-03T21:27:00.406Z] stdout: /Users/patrickschmidt/github-projects/fantasy-sports-assistant/functions/venv/lib/python3.14/site-packages/firebase_functions

[debug] [2026-07-03T21:27:00.409Z] Running admin server with args: ["python3.14","\"/Users/patrickschmidt/github-projects/fantasy-sports-assistant/functions/venv/lib/python3.14/site-packages/firebase_functions/private/serving.py\""] and env: {"GCLOUD_PROJECT":"demo-no-project","K_REVISION":"1","PORT":"80","GOOGLE_CLOUD_QUOTA_PROJECT":"demo-no-project","FUNCTIONS_EMULATOR":"true","TZ":"UTC","FIREBASE_DEBUG_MODE":"true","FIREBASE_DEBUG_FEATURES":"{\"skipTokenVerification\":true,\"enableCors\":true}","FIREBASE_EMULATOR_HUB":"127.0.0.1:4400","CLOUD_EVENTARC_EMULATOR_HOST":"http://127.0.0.1:9299","CLOUD_TASKS_EMULATOR_HOST":"127.0.0.1:9499","FIREBASE_CONFIG":"{\"storageBucket\":\"demo-no-project.appspot.com\",\"databaseURL\":\"https://demo-no-project.firebaseio.com\",\"projectId\":\"demo-no-project\"}","GOOGLE_APPLICATION_CREDENTIALS":"/Users/patrickschmidt/.config/firebase/patrick_schmidt.mail_gmail.com_application_default_credentials.json","ADMIN_PORT":"8081"} in /Users/patrickschmidt/github-projects/fantasy-sports-assistant/functions
[debug] [2026-07-03T21:27:00.410Z] Running command with virtualenv: command=., args=["\"/Users/patrickschmidt/github-projects/fantasy-sports-assistant/functions/venv/bin/activate\"","&&","python3.14","\"/Users/patrickschmidt/github-projects/fantasy-sports-assistant/functions/venv/lib/python3.14/site-packages/firebase_functions/private/serving.py\""]
[info]  * Serving Flask app 'serving'
 * Debug mode: off

[error] WARNING: This is a development server. Do not use it in a production deployment. Use a production WSGI server instead.
 * Running on http://127.0.0.1:8081

[error] Press CTRL+C to quit

[error] 127.0.0.1 - - [03/Jul/2026 21:27:00] "GET /__/functions.yaml HTTP/1.1" 200 -

[debug] [2026-07-03T21:27:00.928Z] Got response from /__/functions.yaml endpoints:
  analyze_draft:
    availableMemoryMb: null
    concurrency: null
    entryPoint: analyze_draft
    httpsTrigger: {}
    ingressSettings: null
    labels: {}
    maxInstances: null
    minInstances: null
    platform: gcfv2
    secretEnvironmentVariables: []
    serviceAccountEmail: null
    timeoutSeconds: null
  analyze_waivers:
    availableMemoryMb: null
    concurrency: null
    entryPoint: analyze_waivers
    httpsTrigger: {}
    ingressSettings: null
    labels: {}
    maxInstances: null
    minInstances: null
    platform: gcfv2
    secretEnvironmentVariables: []
    serviceAccountEmail: null
    timeoutSeconds: null
  get_league_rosters:
    availableMemoryMb: null
    concurrency: null
    entryPoint: get_league_rosters
    httpsTrigger: {}
    ingressSettings: null
    labels: {}
    maxInstances: null
    minInstances: null
    platform: gcfv2
    secretEnvironmentVariables: []
    serviceAccountEmail: null
    timeoutSeconds: null
  get_league_users:
    availableMemoryMb: null
    concurrency: null
    entryPoint: get_league_users
    httpsTrigger: {}
    ingressSettings: null
    labels: {}
    maxInstances: null
    minInstances: null
    platform: gcfv2
    secretEnvironmentVariables: []
    serviceAccountEmail: null
    timeoutSeconds: null
  get_user_drafts:
    availableMemoryMb: null
    concurrency: null
    entryPoint: get_user_drafts
    httpsTrigger: {}
    ingressSettings: null
    labels: {}
    maxInstances: null
    minInstances: null
    platform: gcfv2
    secretEnvironmentVariables: []
    serviceAccountEmail: null
    timeoutSeconds: null
  get_user_leagues:
    availableMemoryMb: null
    concurrency: null
    entryPoint: get_user_leagues
    httpsTrigger: {}
    ingressSettings: null
    labels: {}
    maxInstances: null
    minInstances: null
    platform: gcfv2
    secretEnvironmentVariables: []
    serviceAccountEmail: null
    timeoutSeconds: null
  update_data:
    availableMemoryMb: null
    concurrency: null
    entryPoint: update_data
    httpsTrigger: {}
    ingressSettings: null
    labels: {}
    maxInstances: null
    minInstances: null
    platform: gcfv2
    secretEnvironmentVariables: []
    serviceAccountEmail: null
    timeoutSeconds: null
params: []
requiredAPIs: []
specVersion: v1alpha1

[error] 127.0.0.1 - - [03/Jul/2026 21:27:00] "GET /__/quitquitquit HTTP/1.1" 200 -

[error] /bin/sh: line 1: 93045 Terminated: 15          python3.14 "/Users/patrickschmidt/github-projects/fantasy-sports-assistant/functions/venv/lib/python3.14/site-packages/firebase_functions/private/serving.py"

[info] ✔  functions: Loaded functions definitions from source: analyze_draft, analyze_waivers, get_league_rosters, get_league_users, get_user_drafts, get_user_leagues, update_data. {"metadata":{"emulator":{"name":"functions"},"message":"Loaded functions definitions from source: analyze_draft, analyze_waivers, get_league_rosters, get_league_users, get_user_drafts, get_user_leagues, update_data."}}
[debug] [2026-07-03T21:27:00.937Z] [worker-pool] Shutting down IDLE worker (us-central1-analyze_draft) {"metadata":{"emulator":{"name":"functions"},"message":"[worker-pool] Shutting down IDLE worker (us-central1-analyze_draft)"}}
[debug] [2026-07-03T21:27:00.937Z] [worker-us-central1-analyze_draft-2c7e01ed-dcb4-47fb-b9df-e9651f79bd4a]: FINISHING {"metadata":{"emulator":{"name":"functions"},"function":{"name":"us-central1-analyze_draft"},"extension":{},"message":"[worker-us-central1-analyze_draft-2c7e01ed-dcb4-47fb-b9df-e9651f79bd4a]: FINISHING"}}
[debug] [2026-07-03T21:27:00.938Z] [worker-us-central1-analyze_draft-2c7e01ed-dcb4-47fb-b9df-e9651f79bd4a]: exited {"metadata":{"emulator":{"name":"functions"},"function":{"name":"us-central1-analyze_draft"},"extension":{},"message":"[worker-us-central1-analyze_draft-2c7e01ed-dcb4-47fb-b9df-e9651f79bd4a]: exited"}}
[debug] [2026-07-03T21:27:00.938Z] [worker-us-central1-analyze_draft-2c7e01ed-dcb4-47fb-b9df-e9651f79bd4a]: FINISHED {"metadata":{"emulator":{"name":"functions"},"function":{"name":"us-central1-analyze_draft"},"extension":{},"message":"[worker-us-central1-analyze_draft-2c7e01ed-dcb4-47fb-b9df-e9651f79bd4a]: FINISHED"}}
[debug] [2026-07-03T21:27:00.967Z] File /Users/patrickschmidt/github-projects/fantasy-sports-assistant/functions/__pycache__/api_core.cpython-314.pyc changed, reloading triggers {"metadata":{"emulator":{"name":"functions"},"message":"File /Users/patrickschmidt/github-projects/fantasy-sports-assistant/functions/__pycache__/api_core.cpython-314.pyc changed, reloading triggers"}}
[debug] [2026-07-03T21:27:01.973Z] Customer code is not Node
[debug] [2026-07-03T21:27:01.974Z] Validating python source
[debug] [2026-07-03T21:27:01.974Z] Building python source
[debug] [2026-07-03T21:27:01.974Z] Could not find functions.yaml. Must use http discovery
[debug] [2026-07-03T21:27:01.978Z] Running command with virtualenv: command=., args=["\"/Users/patrickschmidt/github-projects/fantasy-sports-assistant/functions/venv/bin/activate\"","&&","python3.14","-c","\"import firebase_functions; import os; print(os.path.dirname(firebase_functions.__file__))\""]
[debug] [2026-07-03T21:27:02.030Z] stdout: /Users/patrickschmidt/github-projects/fantasy-sports-assistant/functions/venv/lib/python3.14/site-packages/firebase_functions

[debug] [2026-07-03T21:27:02.033Z] Running admin server with args: ["python3.14","\"/Users/patrickschmidt/github-projects/fantasy-sports-assistant/functions/venv/lib/python3.14/site-packages/firebase_functions/private/serving.py\""] and env: {"GCLOUD_PROJECT":"demo-no-project","K_REVISION":"1","PORT":"80","GOOGLE_CLOUD_QUOTA_PROJECT":"demo-no-project","FUNCTIONS_EMULATOR":"true","TZ":"UTC","FIREBASE_DEBUG_MODE":"true","FIREBASE_DEBUG_FEATURES":"{\"skipTokenVerification\":true,\"enableCors\":true}","FIREBASE_EMULATOR_HUB":"127.0.0.1:4400","CLOUD_EVENTARC_EMULATOR_HOST":"http://127.0.0.1:9299","CLOUD_TASKS_EMULATOR_HOST":"127.0.0.1:9499","FIREBASE_CONFIG":"{\"storageBucket\":\"demo-no-project.appspot.com\",\"databaseURL\":\"https://demo-no-project.firebaseio.com\",\"projectId\":\"demo-no-project\"}","GOOGLE_APPLICATION_CREDENTIALS":"/Users/patrickschmidt/.config/firebase/patrick_schmidt.mail_gmail.com_application_default_credentials.json","ADMIN_PORT":"8081"} in /Users/patrickschmidt/github-projects/fantasy-sports-assistant/functions
[debug] [2026-07-03T21:27:02.033Z] Running command with virtualenv: command=., args=["\"/Users/patrickschmidt/github-projects/fantasy-sports-assistant/functions/venv/bin/activate\"","&&","python3.14","\"/Users/patrickschmidt/github-projects/fantasy-sports-assistant/functions/venv/lib/python3.14/site-packages/firebase_functions/private/serving.py\""]
[info]  * Serving Flask app 'serving'
 * Debug mode: off

[error] WARNING: This is a development server. Do not use it in a production deployment. Use a production WSGI server instead.
 * Running on http://127.0.0.1:8081

[error] Press CTRL+C to quit

[error] 127.0.0.1 - - [03/Jul/2026 21:27:02] "GET /__/functions.yaml HTTP/1.1" 200 -

[debug] [2026-07-03T21:27:02.564Z] Got response from /__/functions.yaml endpoints:
  analyze_draft:
    availableMemoryMb: null
    concurrency: null
    entryPoint: analyze_draft
    httpsTrigger: {}
    ingressSettings: null
    labels: {}
    maxInstances: null
    minInstances: null
    platform: gcfv2
    secretEnvironmentVariables: []
    serviceAccountEmail: null
    timeoutSeconds: null
  analyze_waivers:
    availableMemoryMb: null
    concurrency: null
    entryPoint: analyze_waivers
    httpsTrigger: {}
    ingressSettings: null
    labels: {}
    maxInstances: null
    minInstances: null
    platform: gcfv2
    secretEnvironmentVariables: []
    serviceAccountEmail: null
    timeoutSeconds: null
  get_league_rosters:
    availableMemoryMb: null
    concurrency: null
    entryPoint: get_league_rosters
    httpsTrigger: {}
    ingressSettings: null
    labels: {}
    maxInstances: null
    minInstances: null
    platform: gcfv2
    secretEnvironmentVariables: []
    serviceAccountEmail: null
    timeoutSeconds: null
  get_league_users:
    availableMemoryMb: null
    concurrency: null
    entryPoint: get_league_users
    httpsTrigger: {}
    ingressSettings: null
    labels: {}
    maxInstances: null
    minInstances: null
    platform: gcfv2
    secretEnvironmentVariables: []
    serviceAccountEmail: null
    timeoutSeconds: null
  get_user_drafts:
    availableMemoryMb: null
    concurrency: null
    entryPoint: get_user_drafts
    httpsTrigger: {}
    ingressSettings: null
    labels: {}
    maxInstances: null
    minInstances: null
    platform: gcfv2
    secretEnvironmentVariables: []
    serviceAccountEmail: null
    timeoutSeconds: null
  get_user_leagues:
    availableMemoryMb: null
    concurrency: null
    entryPoint: get_user_leagues
    httpsTrigger: {}
    ingressSettings: null
    labels: {}
    maxInstances: null
    minInstances: null
    platform: gcfv2
    secretEnvironmentVariables: []
    serviceAccountEmail: null
    timeoutSeconds: null
  update_data:
    availableMemoryMb: null
    concurrency: null
    entryPoint: update_data
    httpsTrigger: {}
    ingressSettings: null
    labels: {}
    maxInstances: null
    minInstances: null
    platform: gcfv2
    secretEnvironmentVariables: []
    serviceAccountEmail: null
    timeoutSeconds: null
params: []
requiredAPIs: []
specVersion: v1alpha1

[error] 127.0.0.1 - - [03/Jul/2026 21:27:02] "GET /__/quitquitquit HTTP/1.1" 200 -

[error] /bin/sh: line 1: 93054 Terminated: 15          python3.14 "/Users/patrickschmidt/github-projects/fantasy-sports-assistant/functions/venv/lib/python3.14/site-packages/firebase_functions/private/serving.py"

[info] ✔  functions: Loaded functions definitions from source: analyze_draft, analyze_waivers, get_league_rosters, get_league_users, get_user_drafts, get_user_leagues, update_data. {"metadata":{"emulator":{"name":"functions"},"message":"Loaded functions definitions from source: analyze_draft, analyze_waivers, get_league_rosters, get_league_users, get_user_drafts, get_user_leagues, update_data."}}
[debug] [2026-07-03T21:28:14.459Z] [work-queue] {"queuedWork":["/demo-no-project/us-central1/analyze_draft-2026-07-03T21:28:14.459Z"],"queueLength":1,"runningWork":[],"workRunningCount":0}
[debug] [2026-07-03T21:28:14.459Z] [work-queue] {"queuedWork":[],"queueLength":0,"runningWork":["/demo-no-project/us-central1/analyze_draft-2026-07-03T21:28:14.459Z"],"workRunningCount":1}
[debug] [2026-07-03T21:28:14.459Z] Accepted request GET /demo-no-project/us-central1/analyze_draft?username=p4t0b4ll3rs&draft_id=1315762971158286336 --> us-central1-analyze_draft
[debug] [2026-07-03T21:28:14.460Z] [functions] Runtime ready! Sending request! {"metadata":{"emulator":{"name":"functions"},"message":"[functions] Runtime ready! Sending request!"}}
[debug] [2026-07-03T21:28:14.460Z] [functions] Got req.url=/demo-no-project/us-central1/analyze_draft?username=p4t0b4ll3rs&draft_id=1315762971158286336, mapping to path=/?username=p4t0b4ll3rs&draft_id=1315762971158286336 {"metadata":{"emulator":{"name":"functions"},"message":"[functions] Got req.url=/demo-no-project/us-central1/analyze_draft?username=p4t0b4ll3rs&draft_id=1315762971158286336, mapping to path=/?username=p4t0b4ll3rs&draft_id=1315762971158286336"}}
[debug] [2026-07-03T21:28:14.460Z] [worker-pool] Cleaned up workers for us-central1-analyze_draft: 1 --> 0 {"metadata":{"emulator":{"name":"functions"},"message":"[worker-pool] Cleaned up workers for us-central1-analyze_draft: 1 --> 0"}}
[debug] [2026-07-03T21:28:14.461Z] Running command with virtualenv: command=., args=["\"/Users/patrickschmidt/github-projects/fantasy-sports-assistant/functions/venv/bin/activate\"","&&","functions-framework"]
[debug] [2026-07-03T21:28:14.461Z] [worker-pool] addWorker(us-central1-analyze_draft) {"metadata":{"emulator":{"name":"functions"},"message":"[worker-pool] addWorker(us-central1-analyze_draft)"}}
[debug] [2026-07-03T21:28:14.461Z] [worker-pool] Adding worker with key us-central1-analyze_draft, total=1 {"metadata":{"emulator":{"name":"functions"},"message":"[worker-pool] Adding worker with key us-central1-analyze_draft, total=1"}}
[debug] [2026-07-03T21:28:14.871Z] [worker-us-central1-analyze_draft-79ccb504-903f-4bd0-95c5-debed26a7d36]: IDLE {"metadata":{"emulator":{"name":"functions"},"function":{"name":"us-central1-analyze_draft"},"extension":{},"message":"[worker-us-central1-analyze_draft-79ccb504-903f-4bd0-95c5-debed26a7d36]: IDLE"}}
[debug] [2026-07-03T21:28:14.871Z] [worker-pool] submitRequest(triggerId=us-central1-analyze_draft) {"metadata":{"emulator":{"name":"functions"},"message":"[worker-pool] submitRequest(triggerId=us-central1-analyze_draft)"}}
[info] i  functions: Beginning execution of "us-central1-analyze_draft" {"metadata":{"emulator":{"name":"functions"},"function":{"name":"us-central1-analyze_draft"},"extension":{},"message":"Beginning execution of \"us-central1-analyze_draft\""}}
[debug] [2026-07-03T21:28:14.872Z] [worker-us-central1-analyze_draft-79ccb504-903f-4bd0-95c5-debed26a7d36]: BUSY {"metadata":{"emulator":{"name":"functions"},"function":{"name":"us-central1-analyze_draft"},"extension":{},"message":"[worker-us-central1-analyze_draft-79ccb504-903f-4bd0-95c5-debed26a7d36]: BUSY"}}
[debug] [2026-07-03T21:28:15.807Z] Finishing up request with event=pause {"metadata":{"emulator":{"name":"functions"},"function":{"name":"us-central1-analyze_draft"},"extension":{},"message":"Finishing up request with event=pause"}}
[info] i  functions: Finished "us-central1-analyze_draft" in 935.242834ms {"metadata":{"emulator":{"name":"functions"},"function":{"name":"us-central1-analyze_draft"},"extension":{},"message":"Finished \"us-central1-analyze_draft\" in 935.242834ms"}}
[debug] [2026-07-03T21:28:15.807Z] [worker-us-central1-analyze_draft-79ccb504-903f-4bd0-95c5-debed26a7d36]: IDLE {"metadata":{"emulator":{"name":"functions"},"function":{"name":"us-central1-analyze_draft"},"extension":{},"message":"[worker-us-central1-analyze_draft-79ccb504-903f-4bd0-95c5-debed26a7d36]: IDLE"}}
[debug] [2026-07-03T21:28:15.807Z] Finishing up request with event=finish {"metadata":{"emulator":{"name":"functions"},"function":{"name":"us-central1-analyze_draft"},"extension":{},"message":"Finishing up request with event=finish"}}
[debug] [2026-07-03T21:28:15.807Z] Finishing up request with event=close {"metadata":{"emulator":{"name":"functions"},"function":{"name":"us-central1-analyze_draft"},"extension":{},"message":"Finishing up request with event=close"}}
[debug] [2026-07-03T21:28:15.807Z] [work-queue] {"queuedWork":[],"queueLength":0,"runningWork":[],"workRunningCount":0}
[debug] [2026-07-03T21:45:19.215Z] File /Users/patrickschmidt/github-projects/fantasy-sports-assistant/functions/requirements.txt changed, reloading triggers {"metadata":{"emulator":{"name":"functions"},"message":"File /Users/patrickschmidt/github-projects/fantasy-sports-assistant/functions/requirements.txt changed, reloading triggers"}}
[debug] [2026-07-03T21:45:20.215Z] Customer code is not Node
[debug] [2026-07-03T21:45:20.215Z] Validating python source
[debug] [2026-07-03T21:45:20.215Z] Building python source
[debug] [2026-07-03T21:45:20.215Z] Could not find functions.yaml. Must use http discovery
[debug] [2026-07-03T21:45:20.216Z] Running command with virtualenv: command=., args=["\"/Users/patrickschmidt/github-projects/fantasy-sports-assistant/functions/venv/bin/activate\"","&&","python3.14","-c","\"import firebase_functions; import os; print(os.path.dirname(firebase_functions.__file__))\""]
[debug] [2026-07-03T21:45:20.262Z] stdout: /Users/patrickschmidt/github-projects/fantasy-sports-assistant/functions/venv/lib/python3.14/site-packages/firebase_functions

[debug] [2026-07-03T21:45:20.265Z] Running admin server with args: ["python3.14","\"/Users/patrickschmidt/github-projects/fantasy-sports-assistant/functions/venv/lib/python3.14/site-packages/firebase_functions/private/serving.py\""] and env: {"GCLOUD_PROJECT":"demo-no-project","K_REVISION":"1","PORT":"80","GOOGLE_CLOUD_QUOTA_PROJECT":"demo-no-project","FUNCTIONS_EMULATOR":"true","TZ":"UTC","FIREBASE_DEBUG_MODE":"true","FIREBASE_DEBUG_FEATURES":"{\"skipTokenVerification\":true,\"enableCors\":true}","FIREBASE_EMULATOR_HUB":"127.0.0.1:4400","CLOUD_EVENTARC_EMULATOR_HOST":"http://127.0.0.1:9299","CLOUD_TASKS_EMULATOR_HOST":"127.0.0.1:9499","FIREBASE_CONFIG":"{\"storageBucket\":\"demo-no-project.appspot.com\",\"databaseURL\":\"https://demo-no-project.firebaseio.com\",\"projectId\":\"demo-no-project\"}","GOOGLE_APPLICATION_CREDENTIALS":"/Users/patrickschmidt/.config/firebase/patrick_schmidt.mail_gmail.com_application_default_credentials.json","ADMIN_PORT":"8081"} in /Users/patrickschmidt/github-projects/fantasy-sports-assistant/functions
[debug] [2026-07-03T21:45:20.265Z] Running command with virtualenv: command=., args=["\"/Users/patrickschmidt/github-projects/fantasy-sports-assistant/functions/venv/bin/activate\"","&&","python3.14","\"/Users/patrickschmidt/github-projects/fantasy-sports-assistant/functions/venv/lib/python3.14/site-packages/firebase_functions/private/serving.py\""]
[info]  * Serving Flask app 'serving'
 * Debug mode: off

[error] WARNING: This is a development server. Do not use it in a production deployment. Use a production WSGI server instead.
 * Running on http://127.0.0.1:8081

[error] Press CTRL+C to quit

[error] 127.0.0.1 - - [03/Jul/2026 21:45:20] "GET /__/functions.yaml HTTP/1.1" 200 -

[debug] [2026-07-03T21:45:20.785Z] Got response from /__/functions.yaml endpoints:
  analyze_draft:
    availableMemoryMb: null
    concurrency: null
    entryPoint: analyze_draft
    httpsTrigger: {}
    ingressSettings: null
    labels: {}
    maxInstances: null
    minInstances: null
    platform: gcfv2
    secretEnvironmentVariables: []
    serviceAccountEmail: null
    timeoutSeconds: null
  analyze_waivers:
    availableMemoryMb: null
    concurrency: null
    entryPoint: analyze_waivers
    httpsTrigger: {}
    ingressSettings: null
    labels: {}
    maxInstances: null
    minInstances: null
    platform: gcfv2
    secretEnvironmentVariables: []
    serviceAccountEmail: null
    timeoutSeconds: null
  get_league_rosters:
    availableMemoryMb: null
    concurrency: null
    entryPoint: get_league_rosters
    httpsTrigger: {}
    ingressSettings: null
    labels: {}
    maxInstances: null
    minInstances: null
    platform: gcfv2
    secretEnvironmentVariables: []
    serviceAccountEmail: null
    timeoutSeconds: null
  get_league_users:
    availableMemoryMb: null
    concurrency: null
    entryPoint: get_league_users
    httpsTrigger: {}
    ingressSettings: null
    labels: {}
    maxInstances: null
    minInstances: null
    platform: gcfv2
    secretEnvironmentVariables: []
    serviceAccountEmail: null
    timeoutSeconds: null
  get_user_drafts:
    availableMemoryMb: null
    concurrency: null
    entryPoint: get_user_drafts
    httpsTrigger: {}
    ingressSettings: null
    labels: {}
    maxInstances: null
    minInstances: null
    platform: gcfv2
    secretEnvironmentVariables: []
    serviceAccountEmail: null
    timeoutSeconds: null
  get_user_leagues:
    availableMemoryMb: null
    concurrency: null
    entryPoint: get_user_leagues
    httpsTrigger: {}
    ingressSettings: null
    labels: {}
    maxInstances: null
    minInstances: null
    platform: gcfv2
    secretEnvironmentVariables: []
    serviceAccountEmail: null
    timeoutSeconds: null
  update_data:
    availableMemoryMb: null
    concurrency: null
    entryPoint: update_data
    httpsTrigger: {}
    ingressSettings: null
    labels: {}
    maxInstances: null
    minInstances: null
    platform: gcfv2
    secretEnvironmentVariables: []
    serviceAccountEmail: null
    timeoutSeconds: null
params: []
requiredAPIs: []
specVersion: v1alpha1

[error] 127.0.0.1 - - [03/Jul/2026 21:45:20] "GET /__/quitquitquit HTTP/1.1" 200 -

[error] /bin/sh: line 1: 93261 Terminated: 15          python3.14 "/Users/patrickschmidt/github-projects/fantasy-sports-assistant/functions/venv/lib/python3.14/site-packages/firebase_functions/private/serving.py"

[info] ✔  functions: Loaded functions definitions from source: analyze_draft, analyze_waivers, get_league_rosters, get_league_users, get_user_drafts, get_user_leagues, update_data. {"metadata":{"emulator":{"name":"functions"},"message":"Loaded functions definitions from source: analyze_draft, analyze_waivers, get_league_rosters, get_league_users, get_user_drafts, get_user_leagues, update_data."}}
[debug] [2026-07-03T21:45:20.791Z] [worker-pool] Shutting down IDLE worker (us-central1-analyze_draft) {"metadata":{"emulator":{"name":"functions"},"message":"[worker-pool] Shutting down IDLE worker (us-central1-analyze_draft)"}}
[debug] [2026-07-03T21:45:20.791Z] [worker-us-central1-analyze_draft-79ccb504-903f-4bd0-95c5-debed26a7d36]: FINISHING {"metadata":{"emulator":{"name":"functions"},"function":{"name":"us-central1-analyze_draft"},"extension":{},"message":"[worker-us-central1-analyze_draft-79ccb504-903f-4bd0-95c5-debed26a7d36]: FINISHING"}}
[debug] [2026-07-03T21:45:20.792Z] [worker-us-central1-analyze_draft-79ccb504-903f-4bd0-95c5-debed26a7d36]: exited {"metadata":{"emulator":{"name":"functions"},"function":{"name":"us-central1-analyze_draft"},"extension":{},"message":"[worker-us-central1-analyze_draft-79ccb504-903f-4bd0-95c5-debed26a7d36]: exited"}}
[debug] [2026-07-03T21:45:20.792Z] [worker-us-central1-analyze_draft-79ccb504-903f-4bd0-95c5-debed26a7d36]: FINISHED {"metadata":{"emulator":{"name":"functions"},"function":{"name":"us-central1-analyze_draft"},"extension":{},"message":"[worker-us-central1-analyze_draft-79ccb504-903f-4bd0-95c5-debed26a7d36]: FINISHED"}}
[debug] [2026-07-03T21:45:43.012Z] File /Users/patrickschmidt/github-projects/fantasy-sports-assistant/functions/api_core.py changed, reloading triggers {"metadata":{"emulator":{"name":"functions"},"message":"File /Users/patrickschmidt/github-projects/fantasy-sports-assistant/functions/api_core.py changed, reloading triggers"}}
[debug] [2026-07-03T21:45:44.013Z] Customer code is not Node
[debug] [2026-07-03T21:45:44.013Z] Validating python source
[debug] [2026-07-03T21:45:44.013Z] Building python source
[debug] [2026-07-03T21:45:44.013Z] Could not find functions.yaml. Must use http discovery
[debug] [2026-07-03T21:45:44.014Z] Running command with virtualenv: command=., args=["\"/Users/patrickschmidt/github-projects/fantasy-sports-assistant/functions/venv/bin/activate\"","&&","python3.14","-c","\"import firebase_functions; import os; print(os.path.dirname(firebase_functions.__file__))\""]
[debug] [2026-07-03T21:45:44.047Z] stdout: /Users/patrickschmidt/github-projects/fantasy-sports-assistant/functions/venv/lib/python3.14/site-packages/firebase_functions

[debug] [2026-07-03T21:45:44.049Z] Running admin server with args: ["python3.14","\"/Users/patrickschmidt/github-projects/fantasy-sports-assistant/functions/venv/lib/python3.14/site-packages/firebase_functions/private/serving.py\""] and env: {"GCLOUD_PROJECT":"demo-no-project","K_REVISION":"1","PORT":"80","GOOGLE_CLOUD_QUOTA_PROJECT":"demo-no-project","FUNCTIONS_EMULATOR":"true","TZ":"UTC","FIREBASE_DEBUG_MODE":"true","FIREBASE_DEBUG_FEATURES":"{\"skipTokenVerification\":true,\"enableCors\":true}","FIREBASE_EMULATOR_HUB":"127.0.0.1:4400","CLOUD_EVENTARC_EMULATOR_HOST":"http://127.0.0.1:9299","CLOUD_TASKS_EMULATOR_HOST":"127.0.0.1:9499","FIREBASE_CONFIG":"{\"storageBucket\":\"demo-no-project.appspot.com\",\"databaseURL\":\"https://demo-no-project.firebaseio.com\",\"projectId\":\"demo-no-project\"}","GOOGLE_APPLICATION_CREDENTIALS":"/Users/patrickschmidt/.config/firebase/patrick_schmidt.mail_gmail.com_application_default_credentials.json","ADMIN_PORT":"8081"} in /Users/patrickschmidt/github-projects/fantasy-sports-assistant/functions
[debug] [2026-07-03T21:45:44.049Z] Running command with virtualenv: command=., args=["\"/Users/patrickschmidt/github-projects/fantasy-sports-assistant/functions/venv/bin/activate\"","&&","python3.14","\"/Users/patrickschmidt/github-projects/fantasy-sports-assistant/functions/venv/lib/python3.14/site-packages/firebase_functions/private/serving.py\""]
[info]  * Serving Flask app 'serving'
 * Debug mode: off

[error] WARNING: This is a development server. Do not use it in a production deployment. Use a production WSGI server instead.
 * Running on http://127.0.0.1:8081

[error] Press CTRL+C to quit

[error] 127.0.0.1 - - [03/Jul/2026 21:45:44] "GET /__/functions.yaml HTTP/1.1" 200 -

[debug] [2026-07-03T21:45:44.573Z] Got response from /__/functions.yaml endpoints:
  analyze_draft:
    availableMemoryMb: null
    concurrency: null
    entryPoint: analyze_draft
    httpsTrigger: {}
    ingressSettings: null
    labels: {}
    maxInstances: null
    minInstances: null
    platform: gcfv2
    secretEnvironmentVariables: []
    serviceAccountEmail: null
    timeoutSeconds: null
  analyze_waivers:
    availableMemoryMb: null
    concurrency: null
    entryPoint: analyze_waivers
    httpsTrigger: {}
    ingressSettings: null
    labels: {}
    maxInstances: null
    minInstances: null
    platform: gcfv2
    secretEnvironmentVariables: []
    serviceAccountEmail: null
    timeoutSeconds: null
  get_league_rosters:
    availableMemoryMb: null
    concurrency: null
    entryPoint: get_league_rosters
    httpsTrigger: {}
    ingressSettings: null
    labels: {}
    maxInstances: null
    minInstances: null
    platform: gcfv2
    secretEnvironmentVariables: []
    serviceAccountEmail: null
    timeoutSeconds: null
  get_league_users:
    availableMemoryMb: null
    concurrency: null
    entryPoint: get_league_users
    httpsTrigger: {}
    ingressSettings: null
    labels: {}
    maxInstances: null
    minInstances: null
    platform: gcfv2
    secretEnvironmentVariables: []
    serviceAccountEmail: null
    timeoutSeconds: null
  get_user_drafts:
    availableMemoryMb: null
    concurrency: null
    entryPoint: get_user_drafts
    httpsTrigger: {}
    ingressSettings: null
    labels: {}
    maxInstances: null
    minInstances: null
    platform: gcfv2
    secretEnvironmentVariables: []
    serviceAccountEmail: null
    timeoutSeconds: null
  get_user_leagues:
    availableMemoryMb: null
    concurrency: null
    entryPoint: get_user_leagues
    httpsTrigger: {}
    ingressSettings: null
    labels: {}
    maxInstances: null
    minInstances: null
    platform: gcfv2
    secretEnvironmentVariables: []
    serviceAccountEmail: null
    timeoutSeconds: null
  update_data:
    availableMemoryMb: null
    concurrency: null
    entryPoint: update_data
    httpsTrigger: {}
    ingressSettings: null
    labels: {}
    maxInstances: null
    minInstances: null
    platform: gcfv2
    secretEnvironmentVariables: []
    serviceAccountEmail: null
    timeoutSeconds: null
params: []
requiredAPIs: []
specVersion: v1alpha1

[error] 127.0.0.1 - - [03/Jul/2026 21:45:44] "GET /__/quitquitquit HTTP/1.1" 200 -

[error] /bin/sh: line 1: 93273 Terminated: 15          python3.14 "/Users/patrickschmidt/github-projects/fantasy-sports-assistant/functions/venv/lib/python3.14/site-packages/firebase_functions/private/serving.py"

[info] ✔  functions: Loaded functions definitions from source: analyze_draft, analyze_waivers, get_league_rosters, get_league_users, get_user_drafts, get_user_leagues, update_data. {"metadata":{"emulator":{"name":"functions"},"message":"Loaded functions definitions from source: analyze_draft, analyze_waivers, get_league_rosters, get_league_users, get_user_drafts, get_user_leagues, update_data."}}
[debug] [2026-07-03T21:45:44.679Z] File /Users/patrickschmidt/github-projects/fantasy-sports-assistant/functions/__pycache__/api_core.cpython-314.pyc changed, reloading triggers {"metadata":{"emulator":{"name":"functions"},"message":"File /Users/patrickschmidt/github-projects/fantasy-sports-assistant/functions/__pycache__/api_core.cpython-314.pyc changed, reloading triggers"}}
[debug] [2026-07-03T21:45:45.682Z] Customer code is not Node
[debug] [2026-07-03T21:45:45.682Z] Validating python source
[debug] [2026-07-03T21:45:45.682Z] Building python source
[debug] [2026-07-03T21:45:45.683Z] Could not find functions.yaml. Must use http discovery
[debug] [2026-07-03T21:45:45.686Z] Running command with virtualenv: command=., args=["\"/Users/patrickschmidt/github-projects/fantasy-sports-assistant/functions/venv/bin/activate\"","&&","python3.14","-c","\"import firebase_functions; import os; print(os.path.dirname(firebase_functions.__file__))\""]
[debug] [2026-07-03T21:45:45.739Z] stdout: /Users/patrickschmidt/github-projects/fantasy-sports-assistant/functions/venv/lib/python3.14/site-packages/firebase_functions

[debug] [2026-07-03T21:45:45.742Z] Running admin server with args: ["python3.14","\"/Users/patrickschmidt/github-projects/fantasy-sports-assistant/functions/venv/lib/python3.14/site-packages/firebase_functions/private/serving.py\""] and env: {"GCLOUD_PROJECT":"demo-no-project","K_REVISION":"1","PORT":"80","GOOGLE_CLOUD_QUOTA_PROJECT":"demo-no-project","FUNCTIONS_EMULATOR":"true","TZ":"UTC","FIREBASE_DEBUG_MODE":"true","FIREBASE_DEBUG_FEATURES":"{\"skipTokenVerification\":true,\"enableCors\":true}","FIREBASE_EMULATOR_HUB":"127.0.0.1:4400","CLOUD_EVENTARC_EMULATOR_HOST":"http://127.0.0.1:9299","CLOUD_TASKS_EMULATOR_HOST":"127.0.0.1:9499","FIREBASE_CONFIG":"{\"storageBucket\":\"demo-no-project.appspot.com\",\"databaseURL\":\"https://demo-no-project.firebaseio.com\",\"projectId\":\"demo-no-project\"}","GOOGLE_APPLICATION_CREDENTIALS":"/Users/patrickschmidt/.config/firebase/patrick_schmidt.mail_gmail.com_application_default_credentials.json","ADMIN_PORT":"8081"} in /Users/patrickschmidt/github-projects/fantasy-sports-assistant/functions
[debug] [2026-07-03T21:45:45.742Z] Running command with virtualenv: command=., args=["\"/Users/patrickschmidt/github-projects/fantasy-sports-assistant/functions/venv/bin/activate\"","&&","python3.14","\"/Users/patrickschmidt/github-projects/fantasy-sports-assistant/functions/venv/lib/python3.14/site-packages/firebase_functions/private/serving.py\""]
[info]  * Serving Flask app 'serving'
 * Debug mode: off

[error] WARNING: This is a development server. Do not use it in a production deployment. Use a production WSGI server instead.
 * Running on http://127.0.0.1:8081

[error] Press CTRL+C to quit

[error] 127.0.0.1 - - [03/Jul/2026 21:45:46] "GET /__/functions.yaml HTTP/1.1" 200 -

[debug] [2026-07-03T21:45:46.267Z] Got response from /__/functions.yaml endpoints:
  analyze_draft:
    availableMemoryMb: null
    concurrency: null
    entryPoint: analyze_draft
    httpsTrigger: {}
    ingressSettings: null
    labels: {}
    maxInstances: null
    minInstances: null
    platform: gcfv2
    secretEnvironmentVariables: []
    serviceAccountEmail: null
    timeoutSeconds: null
  analyze_waivers:
    availableMemoryMb: null
    concurrency: null
    entryPoint: analyze_waivers
    httpsTrigger: {}
    ingressSettings: null
    labels: {}
    maxInstances: null
    minInstances: null
    platform: gcfv2
    secretEnvironmentVariables: []
    serviceAccountEmail: null
    timeoutSeconds: null
  get_league_rosters:
    availableMemoryMb: null
    concurrency: null
    entryPoint: get_league_rosters
    httpsTrigger: {}
    ingressSettings: null
    labels: {}
    maxInstances: null
    minInstances: null
    platform: gcfv2
    secretEnvironmentVariables: []
    serviceAccountEmail: null
    timeoutSeconds: null
  get_league_users:
    availableMemoryMb: null
    concurrency: null
    entryPoint: get_league_users
    httpsTrigger: {}
    ingressSettings: null
    labels: {}
    maxInstances: null
    minInstances: null
    platform: gcfv2
    secretEnvironmentVariables: []
    serviceAccountEmail: null
    timeoutSeconds: null
  get_user_drafts:
    availableMemoryMb: null
    concurrency: null
    entryPoint: get_user_drafts
    httpsTrigger: {}
    ingressSettings: null
    labels: {}
    maxInstances: null
    minInstances: null
    platform: gcfv2
    secretEnvironmentVariables: []
    serviceAccountEmail: null
    timeoutSeconds: null
  get_user_leagues:
    availableMemoryMb: null
    concurrency: null
    entryPoint: get_user_leagues
    httpsTrigger: {}
    ingressSettings: null
    labels: {}
    maxInstances: null
    minInstances: null
    platform: gcfv2
    secretEnvironmentVariables: []
    serviceAccountEmail: null
    timeoutSeconds: null
  update_data:
    availableMemoryMb: null
    concurrency: null
    entryPoint: update_data
    httpsTrigger: {}
    ingressSettings: null
    labels: {}
    maxInstances: null
    minInstances: null
    platform: gcfv2
    secretEnvironmentVariables: []
    serviceAccountEmail: null
    timeoutSeconds: null
params: []
requiredAPIs: []
specVersion: v1alpha1

[error] 127.0.0.1 - - [03/Jul/2026 21:45:46] "GET /__/quitquitquit HTTP/1.1" 200 -

[error] /bin/sh: line 1: 93281 Terminated: 15          python3.14 "/Users/patrickschmidt/github-projects/fantasy-sports-assistant/functions/venv/lib/python3.14/site-packages/firebase_functions/private/serving.py"

[info] ✔  functions: Loaded functions definitions from source: analyze_draft, analyze_waivers, get_league_rosters, get_league_users, get_user_drafts, get_user_leagues, update_data. {"metadata":{"emulator":{"name":"functions"},"message":"Loaded functions definitions from source: analyze_draft, analyze_waivers, get_league_rosters, get_league_users, get_user_drafts, get_user_leagues, update_data."}}
[debug] [2026-07-03T21:46:36.361Z] File /Users/patrickschmidt/github-projects/fantasy-sports-assistant/functions/api_core.py changed, reloading triggers {"metadata":{"emulator":{"name":"functions"},"message":"File /Users/patrickschmidt/github-projects/fantasy-sports-assistant/functions/api_core.py changed, reloading triggers"}}
[debug] [2026-07-03T21:46:37.362Z] Customer code is not Node
[debug] [2026-07-03T21:46:37.363Z] Validating python source
[debug] [2026-07-03T21:46:37.363Z] Building python source
[debug] [2026-07-03T21:46:37.363Z] Could not find functions.yaml. Must use http discovery
[debug] [2026-07-03T21:46:37.363Z] Running command with virtualenv: command=., args=["\"/Users/patrickschmidt/github-projects/fantasy-sports-assistant/functions/venv/bin/activate\"","&&","python3.14","-c","\"import firebase_functions; import os; print(os.path.dirname(firebase_functions.__file__))\""]
[debug] [2026-07-03T21:46:37.410Z] stdout: /Users/patrickschmidt/github-projects/fantasy-sports-assistant/functions/venv/lib/python3.14/site-packages/firebase_functions

[debug] [2026-07-03T21:46:37.414Z] Running admin server with args: ["python3.14","\"/Users/patrickschmidt/github-projects/fantasy-sports-assistant/functions/venv/lib/python3.14/site-packages/firebase_functions/private/serving.py\""] and env: {"GCLOUD_PROJECT":"demo-no-project","K_REVISION":"1","PORT":"80","GOOGLE_CLOUD_QUOTA_PROJECT":"demo-no-project","FUNCTIONS_EMULATOR":"true","TZ":"UTC","FIREBASE_DEBUG_MODE":"true","FIREBASE_DEBUG_FEATURES":"{\"skipTokenVerification\":true,\"enableCors\":true}","FIREBASE_EMULATOR_HUB":"127.0.0.1:4400","CLOUD_EVENTARC_EMULATOR_HOST":"http://127.0.0.1:9299","CLOUD_TASKS_EMULATOR_HOST":"127.0.0.1:9499","FIREBASE_CONFIG":"{\"storageBucket\":\"demo-no-project.appspot.com\",\"databaseURL\":\"https://demo-no-project.firebaseio.com\",\"projectId\":\"demo-no-project\"}","GOOGLE_APPLICATION_CREDENTIALS":"/Users/patrickschmidt/.config/firebase/patrick_schmidt.mail_gmail.com_application_default_credentials.json","ADMIN_PORT":"8081"} in /Users/patrickschmidt/github-projects/fantasy-sports-assistant/functions
[debug] [2026-07-03T21:46:37.414Z] Running command with virtualenv: command=., args=["\"/Users/patrickschmidt/github-projects/fantasy-sports-assistant/functions/venv/bin/activate\"","&&","python3.14","\"/Users/patrickschmidt/github-projects/fantasy-sports-assistant/functions/venv/lib/python3.14/site-packages/firebase_functions/private/serving.py\""]
[info]  * Serving Flask app 'serving'
 * Debug mode: off

[error] WARNING: This is a development server. Do not use it in a production deployment. Use a production WSGI server instead.
 * Running on http://127.0.0.1:8081

[error] Press CTRL+C to quit

[error] 127.0.0.1 - - [03/Jul/2026 21:46:37] "GET /__/functions.yaml HTTP/1.1" 200 -

[debug] [2026-07-03T21:46:37.937Z] Got response from /__/functions.yaml endpoints:
  analyze_draft:
    availableMemoryMb: null
    concurrency: null
    entryPoint: analyze_draft
    httpsTrigger: {}
    ingressSettings: null
    labels: {}
    maxInstances: null
    minInstances: null
    platform: gcfv2
    secretEnvironmentVariables: []
    serviceAccountEmail: null
    timeoutSeconds: null
  analyze_waivers:
    availableMemoryMb: null
    concurrency: null
    entryPoint: analyze_waivers
    httpsTrigger: {}
    ingressSettings: null
    labels: {}
    maxInstances: null
    minInstances: null
    platform: gcfv2
    secretEnvironmentVariables: []
    serviceAccountEmail: null
    timeoutSeconds: null
  get_league_rosters:
    availableMemoryMb: null
    concurrency: null
    entryPoint: get_league_rosters
    httpsTrigger: {}
    ingressSettings: null
    labels: {}
    maxInstances: null
    minInstances: null
    platform: gcfv2
    secretEnvironmentVariables: []
    serviceAccountEmail: null
    timeoutSeconds: null
  get_league_users:
    availableMemoryMb: null
    concurrency: null
    entryPoint: get_league_users
    httpsTrigger: {}
    ingressSettings: null
    labels: {}
    maxInstances: null
    minInstances: null
    platform: gcfv2
    secretEnvironmentVariables: []
    serviceAccountEmail: null
    timeoutSeconds: null
  get_user_drafts:
    availableMemoryMb: null
    concurrency: null
    entryPoint: get_user_drafts
    httpsTrigger: {}
    ingressSettings: null
    labels: {}
    maxInstances: null
    minInstances: null
    platform: gcfv2
    secretEnvironmentVariables: []
    serviceAccountEmail: null
    timeoutSeconds: null
  get_user_leagues:
    availableMemoryMb: null
    concurrency: null
    entryPoint: get_user_leagues
    httpsTrigger: {}
    ingressSettings: null
    labels: {}
    maxInstances: null
    minInstances: null
    platform: gcfv2
    secretEnvironmentVariables: []
    serviceAccountEmail: null
    timeoutSeconds: null
  update_data:
    availableMemoryMb: null
    concurrency: null
    entryPoint: update_data
    httpsTrigger: {}
    ingressSettings: null
    labels: {}
    maxInstances: null
    minInstances: null
    platform: gcfv2
    secretEnvironmentVariables: []
    serviceAccountEmail: null
    timeoutSeconds: null
params: []
requiredAPIs: []
specVersion: v1alpha1

[error] 127.0.0.1 - - [03/Jul/2026 21:46:37] "GET /__/quitquitquit HTTP/1.1" 200 -

[error] /bin/sh: line 1: 93312 Terminated: 15          python3.14 "/Users/patrickschmidt/github-projects/fantasy-sports-assistant/functions/venv/lib/python3.14/site-packages/firebase_functions/private/serving.py"

[info] ✔  functions: Loaded functions definitions from source: analyze_draft, analyze_waivers, get_league_rosters, get_league_users, get_user_drafts, get_user_leagues, update_data. {"metadata":{"emulator":{"name":"functions"},"message":"Loaded functions definitions from source: analyze_draft, analyze_waivers, get_league_rosters, get_league_users, get_user_drafts, get_user_leagues, update_data."}}
[debug] [2026-07-03T21:46:37.983Z] File /Users/patrickschmidt/github-projects/fantasy-sports-assistant/functions/__pycache__/api_core.cpython-314.pyc changed, reloading triggers {"metadata":{"emulator":{"name":"functions"},"message":"File /Users/patrickschmidt/github-projects/fantasy-sports-assistant/functions/__pycache__/api_core.cpython-314.pyc changed, reloading triggers"}}
[debug] [2026-07-03T21:46:38.984Z] Customer code is not Node
[debug] [2026-07-03T21:46:38.984Z] Validating python source
[debug] [2026-07-03T21:46:38.985Z] Building python source
[debug] [2026-07-03T21:46:38.985Z] Could not find functions.yaml. Must use http discovery
[debug] [2026-07-03T21:46:38.986Z] Running command with virtualenv: command=., args=["\"/Users/patrickschmidt/github-projects/fantasy-sports-assistant/functions/venv/bin/activate\"","&&","python3.14","-c","\"import firebase_functions; import os; print(os.path.dirname(firebase_functions.__file__))\""]
[debug] [2026-07-03T21:46:39.029Z] stdout: /Users/patrickschmidt/github-projects/fantasy-sports-assistant/functions/venv/lib/python3.14/site-packages/firebase_functions

[debug] [2026-07-03T21:46:39.032Z] Running admin server with args: ["python3.14","\"/Users/patrickschmidt/github-projects/fantasy-sports-assistant/functions/venv/lib/python3.14/site-packages/firebase_functions/private/serving.py\""] and env: {"GCLOUD_PROJECT":"demo-no-project","K_REVISION":"1","PORT":"80","GOOGLE_CLOUD_QUOTA_PROJECT":"demo-no-project","FUNCTIONS_EMULATOR":"true","TZ":"UTC","FIREBASE_DEBUG_MODE":"true","FIREBASE_DEBUG_FEATURES":"{\"skipTokenVerification\":true,\"enableCors\":true}","FIREBASE_EMULATOR_HUB":"127.0.0.1:4400","CLOUD_EVENTARC_EMULATOR_HOST":"http://127.0.0.1:9299","CLOUD_TASKS_EMULATOR_HOST":"127.0.0.1:9499","FIREBASE_CONFIG":"{\"storageBucket\":\"demo-no-project.appspot.com\",\"databaseURL\":\"https://demo-no-project.firebaseio.com\",\"projectId\":\"demo-no-project\"}","GOOGLE_APPLICATION_CREDENTIALS":"/Users/patrickschmidt/.config/firebase/patrick_schmidt.mail_gmail.com_application_default_credentials.json","ADMIN_PORT":"8081"} in /Users/patrickschmidt/github-projects/fantasy-sports-assistant/functions
[debug] [2026-07-03T21:46:39.032Z] Running command with virtualenv: command=., args=["\"/Users/patrickschmidt/github-projects/fantasy-sports-assistant/functions/venv/bin/activate\"","&&","python3.14","\"/Users/patrickschmidt/github-projects/fantasy-sports-assistant/functions/venv/lib/python3.14/site-packages/firebase_functions/private/serving.py\""]
[info]  * Serving Flask app 'serving'
 * Debug mode: off

[error] WARNING: This is a development server. Do not use it in a production deployment. Use a production WSGI server instead.
 * Running on http://127.0.0.1:8081

[error] Press CTRL+C to quit

[error] 127.0.0.1 - - [03/Jul/2026 21:46:39] "GET /__/functions.yaml HTTP/1.1" 200 -

[debug] [2026-07-03T21:46:39.558Z] Got response from /__/functions.yaml endpoints:
  analyze_draft:
    availableMemoryMb: null
    concurrency: null
    entryPoint: analyze_draft
    httpsTrigger: {}
    ingressSettings: null
    labels: {}
    maxInstances: null
    minInstances: null
    platform: gcfv2
    secretEnvironmentVariables: []
    serviceAccountEmail: null
    timeoutSeconds: null
  analyze_waivers:
    availableMemoryMb: null
    concurrency: null
    entryPoint: analyze_waivers
    httpsTrigger: {}
    ingressSettings: null
    labels: {}
    maxInstances: null
    minInstances: null
    platform: gcfv2
    secretEnvironmentVariables: []
    serviceAccountEmail: null
    timeoutSeconds: null
  get_league_rosters:
    availableMemoryMb: null
    concurrency: null
    entryPoint: get_league_rosters
    httpsTrigger: {}
    ingressSettings: null
    labels: {}
    maxInstances: null
    minInstances: null
    platform: gcfv2
    secretEnvironmentVariables: []
    serviceAccountEmail: null
    timeoutSeconds: null
  get_league_users:
    availableMemoryMb: null
    concurrency: null
    entryPoint: get_league_users
    httpsTrigger: {}
    ingressSettings: null
    labels: {}
    maxInstances: null
    minInstances: null
    platform: gcfv2
    secretEnvironmentVariables: []
    serviceAccountEmail: null
    timeoutSeconds: null
  get_user_drafts:
    availableMemoryMb: null
    concurrency: null
    entryPoint: get_user_drafts
    httpsTrigger: {}
    ingressSettings: null
    labels: {}
    maxInstances: null
    minInstances: null
    platform: gcfv2
    secretEnvironmentVariables: []
    serviceAccountEmail: null
    timeoutSeconds: null
  get_user_leagues:
    availableMemoryMb: null
    concurrency: null
    entryPoint: get_user_leagues
    httpsTrigger: {}
    ingressSettings: null
    labels: {}
    maxInstances: null
    minInstances: null
    platform: gcfv2
    secretEnvironmentVariables: []
    serviceAccountEmail: null
    timeoutSeconds: null
  update_data:
    availableMemoryMb: null
    concurrency: null
    entryPoint: update_data
    httpsTrigger: {}
    ingressSettings: null
    labels: {}
    maxInstances: null
    minInstances: null
    platform: gcfv2
    secretEnvironmentVariables: []
    serviceAccountEmail: null
    timeoutSeconds: null
params: []
requiredAPIs: []
specVersion: v1alpha1

[error] 127.0.0.1 - - [03/Jul/2026 21:46:39] "GET /__/quitquitquit HTTP/1.1" 200 -

[error] /bin/sh: line 1: 93321 Terminated: 15          python3.14 "/Users/patrickschmidt/github-projects/fantasy-sports-assistant/functions/venv/lib/python3.14/site-packages/firebase_functions/private/serving.py"

[info] ✔  functions: Loaded functions definitions from source: analyze_draft, analyze_waivers, get_league_rosters, get_league_users, get_user_drafts, get_user_leagues, update_data. {"metadata":{"emulator":{"name":"functions"},"message":"Loaded functions definitions from source: analyze_draft, analyze_waivers, get_league_rosters, get_league_users, get_user_drafts, get_user_leagues, update_data."}}
[debug] [2026-07-03T21:47:19.185Z] File /Users/patrickschmidt/github-projects/fantasy-sports-assistant/functions/api_core.py changed, reloading triggers {"metadata":{"emulator":{"name":"functions"},"message":"File /Users/patrickschmidt/github-projects/fantasy-sports-assistant/functions/api_core.py changed, reloading triggers"}}
[debug] [2026-07-03T21:47:20.187Z] Customer code is not Node
[debug] [2026-07-03T21:47:20.187Z] Validating python source
[debug] [2026-07-03T21:47:20.187Z] Building python source
[debug] [2026-07-03T21:47:20.187Z] Could not find functions.yaml. Must use http discovery
[debug] [2026-07-03T21:47:20.188Z] Running command with virtualenv: command=., args=["\"/Users/patrickschmidt/github-projects/fantasy-sports-assistant/functions/venv/bin/activate\"","&&","python3.14","-c","\"import firebase_functions; import os; print(os.path.dirname(firebase_functions.__file__))\""]
[debug] [2026-07-03T21:47:20.231Z] stdout: /Users/patrickschmidt/github-projects/fantasy-sports-assistant/functions/venv/lib/python3.14/site-packages/firebase_functions

[debug] [2026-07-03T21:47:20.234Z] Running admin server with args: ["python3.14","\"/Users/patrickschmidt/github-projects/fantasy-sports-assistant/functions/venv/lib/python3.14/site-packages/firebase_functions/private/serving.py\""] and env: {"GCLOUD_PROJECT":"demo-no-project","K_REVISION":"1","PORT":"80","GOOGLE_CLOUD_QUOTA_PROJECT":"demo-no-project","FUNCTIONS_EMULATOR":"true","TZ":"UTC","FIREBASE_DEBUG_MODE":"true","FIREBASE_DEBUG_FEATURES":"{\"skipTokenVerification\":true,\"enableCors\":true}","FIREBASE_EMULATOR_HUB":"127.0.0.1:4400","CLOUD_EVENTARC_EMULATOR_HOST":"http://127.0.0.1:9299","CLOUD_TASKS_EMULATOR_HOST":"127.0.0.1:9499","FIREBASE_CONFIG":"{\"storageBucket\":\"demo-no-project.appspot.com\",\"databaseURL\":\"https://demo-no-project.firebaseio.com\",\"projectId\":\"demo-no-project\"}","GOOGLE_APPLICATION_CREDENTIALS":"/Users/patrickschmidt/.config/firebase/patrick_schmidt.mail_gmail.com_application_default_credentials.json","ADMIN_PORT":"8081"} in /Users/patrickschmidt/github-projects/fantasy-sports-assistant/functions
[debug] [2026-07-03T21:47:20.234Z] Running command with virtualenv: command=., args=["\"/Users/patrickschmidt/github-projects/fantasy-sports-assistant/functions/venv/bin/activate\"","&&","python3.14","\"/Users/patrickschmidt/github-projects/fantasy-sports-assistant/functions/venv/lib/python3.14/site-packages/firebase_functions/private/serving.py\""]
[info]  * Serving Flask app 'serving'
 * Debug mode: off

[error] WARNING: This is a development server. Do not use it in a production deployment. Use a production WSGI server instead.
 * Running on http://127.0.0.1:8081

[error] Press CTRL+C to quit

[error] 127.0.0.1 - - [03/Jul/2026 21:47:20] "GET /__/functions.yaml HTTP/1.1" 200 -

[debug] [2026-07-03T21:47:20.756Z] Got response from /__/functions.yaml endpoints:
  analyze_draft:
    availableMemoryMb: null
    concurrency: null
    entryPoint: analyze_draft
    httpsTrigger: {}
    ingressSettings: null
    labels: {}
    maxInstances: null
    minInstances: null
    platform: gcfv2
    secretEnvironmentVariables: []
    serviceAccountEmail: null
    timeoutSeconds: null
  analyze_waivers:
    availableMemoryMb: null
    concurrency: null
    entryPoint: analyze_waivers
    httpsTrigger: {}
    ingressSettings: null
    labels: {}
    maxInstances: null
    minInstances: null
    platform: gcfv2
    secretEnvironmentVariables: []
    serviceAccountEmail: null
    timeoutSeconds: null
  get_league_rosters:
    availableMemoryMb: null
    concurrency: null
    entryPoint: get_league_rosters
    httpsTrigger: {}
    ingressSettings: null
    labels: {}
    maxInstances: null
    minInstances: null
    platform: gcfv2
    secretEnvironmentVariables: []
    serviceAccountEmail: null
    timeoutSeconds: null
  get_league_users:
    availableMemoryMb: null
    concurrency: null
    entryPoint: get_league_users
    httpsTrigger: {}
    ingressSettings: null
    labels: {}
    maxInstances: null
    minInstances: null
    platform: gcfv2
    secretEnvironmentVariables: []
    serviceAccountEmail: null
    timeoutSeconds: null
  get_user_drafts:
    availableMemoryMb: null
    concurrency: null
    entryPoint: get_user_drafts
    httpsTrigger: {}
    ingressSettings: null
    labels: {}
    maxInstances: null
    minInstances: null
    platform: gcfv2
    secretEnvironmentVariables: []
    serviceAccountEmail: null
    timeoutSeconds: null
  get_user_leagues:
    availableMemoryMb: null
    concurrency: null
    entryPoint: get_user_leagues
    httpsTrigger: {}
    ingressSettings: null
    labels: {}
    maxInstances: null
    minInstances: null
    platform: gcfv2
    secretEnvironmentVariables: []
    serviceAccountEmail: null
    timeoutSeconds: null
  update_data:
    availableMemoryMb: null
    concurrency: null
    entryPoint: update_data
    httpsTrigger: {}
    ingressSettings: null
    labels: {}
    maxInstances: null
    minInstances: null
    platform: gcfv2
    secretEnvironmentVariables: []
    serviceAccountEmail: null
    timeoutSeconds: null
params: []
requiredAPIs: []
specVersion: v1alpha1

[error] 127.0.0.1 - - [03/Jul/2026 21:47:20] "GET /__/quitquitquit HTTP/1.1" 200 -

[error] /bin/sh: line 1: 93340 Terminated: 15          python3.14 "/Users/patrickschmidt/github-projects/fantasy-sports-assistant/functions/venv/lib/python3.14/site-packages/firebase_functions/private/serving.py"

[info] ✔  functions: Loaded functions definitions from source: analyze_draft, analyze_waivers, get_league_rosters, get_league_users, get_user_drafts, get_user_leagues, update_data. {"metadata":{"emulator":{"name":"functions"},"message":"Loaded functions definitions from source: analyze_draft, analyze_waivers, get_league_rosters, get_league_users, get_user_drafts, get_user_leagues, update_data."}}
[debug] [2026-07-03T21:47:20.794Z] File /Users/patrickschmidt/github-projects/fantasy-sports-assistant/functions/__pycache__/api_core.cpython-314.pyc changed, reloading triggers {"metadata":{"emulator":{"name":"functions"},"message":"File /Users/patrickschmidt/github-projects/fantasy-sports-assistant/functions/__pycache__/api_core.cpython-314.pyc changed, reloading triggers"}}
[debug] [2026-07-03T21:47:21.796Z] Customer code is not Node
[debug] [2026-07-03T21:47:21.797Z] Validating python source
[debug] [2026-07-03T21:47:21.797Z] Building python source
[debug] [2026-07-03T21:47:21.797Z] Could not find functions.yaml. Must use http discovery
[debug] [2026-07-03T21:47:21.801Z] Running command with virtualenv: command=., args=["\"/Users/patrickschmidt/github-projects/fantasy-sports-assistant/functions/venv/bin/activate\"","&&","python3.14","-c","\"import firebase_functions; import os; print(os.path.dirname(firebase_functions.__file__))\""]
[debug] [2026-07-03T21:47:21.852Z] stdout: /Users/patrickschmidt/github-projects/fantasy-sports-assistant/functions/venv/lib/python3.14/site-packages/firebase_functions

[debug] [2026-07-03T21:47:21.855Z] Running admin server with args: ["python3.14","\"/Users/patrickschmidt/github-projects/fantasy-sports-assistant/functions/venv/lib/python3.14/site-packages/firebase_functions/private/serving.py\""] and env: {"GCLOUD_PROJECT":"demo-no-project","K_REVISION":"1","PORT":"80","GOOGLE_CLOUD_QUOTA_PROJECT":"demo-no-project","FUNCTIONS_EMULATOR":"true","TZ":"UTC","FIREBASE_DEBUG_MODE":"true","FIREBASE_DEBUG_FEATURES":"{\"skipTokenVerification\":true,\"enableCors\":true}","FIREBASE_EMULATOR_HUB":"127.0.0.1:4400","CLOUD_EVENTARC_EMULATOR_HOST":"http://127.0.0.1:9299","CLOUD_TASKS_EMULATOR_HOST":"127.0.0.1:9499","FIREBASE_CONFIG":"{\"storageBucket\":\"demo-no-project.appspot.com\",\"databaseURL\":\"https://demo-no-project.firebaseio.com\",\"projectId\":\"demo-no-project\"}","GOOGLE_APPLICATION_CREDENTIALS":"/Users/patrickschmidt/.config/firebase/patrick_schmidt.mail_gmail.com_application_default_credentials.json","ADMIN_PORT":"8081"} in /Users/patrickschmidt/github-projects/fantasy-sports-assistant/functions
[debug] [2026-07-03T21:47:21.855Z] Running command with virtualenv: command=., args=["\"/Users/patrickschmidt/github-projects/fantasy-sports-assistant/functions/venv/bin/activate\"","&&","python3.14","\"/Users/patrickschmidt/github-projects/fantasy-sports-assistant/functions/venv/lib/python3.14/site-packages/firebase_functions/private/serving.py\""]
[info]  * Serving Flask app 'serving'
 * Debug mode: off

[error] WARNING: This is a development server. Do not use it in a production deployment. Use a production WSGI server instead.
 * Running on http://127.0.0.1:8081

[error] Press CTRL+C to quit

[error] 127.0.0.1 - - [03/Jul/2026 21:47:22] "GET /__/functions.yaml HTTP/1.1" 200 -

[debug] [2026-07-03T21:47:22.380Z] Got response from /__/functions.yaml endpoints:
  analyze_draft:
    availableMemoryMb: null
    concurrency: null
    entryPoint: analyze_draft
    httpsTrigger: {}
    ingressSettings: null
    labels: {}
    maxInstances: null
    minInstances: null
    platform: gcfv2
    secretEnvironmentVariables: []
    serviceAccountEmail: null
    timeoutSeconds: null
  analyze_waivers:
    availableMemoryMb: null
    concurrency: null
    entryPoint: analyze_waivers
    httpsTrigger: {}
    ingressSettings: null
    labels: {}
    maxInstances: null
    minInstances: null
    platform: gcfv2
    secretEnvironmentVariables: []
    serviceAccountEmail: null
    timeoutSeconds: null
  get_league_rosters:
    availableMemoryMb: null
    concurrency: null
    entryPoint: get_league_rosters
    httpsTrigger: {}
    ingressSettings: null
    labels: {}
    maxInstances: null
    minInstances: null
    platform: gcfv2
    secretEnvironmentVariables: []
    serviceAccountEmail: null
    timeoutSeconds: null
  get_league_users:
    availableMemoryMb: null
    concurrency: null
    entryPoint: get_league_users
    httpsTrigger: {}
    ingressSettings: null
    labels: {}
    maxInstances: null
    minInstances: null
    platform: gcfv2
    secretEnvironmentVariables: []
    serviceAccountEmail: null
    timeoutSeconds: null
  get_user_drafts:
    availableMemoryMb: null
    concurrency: null
    entryPoint: get_user_drafts
    httpsTrigger: {}
    ingressSettings: null
    labels: {}
    maxInstances: null
    minInstances: null
    platform: gcfv2
    secretEnvironmentVariables: []
    serviceAccountEmail: null
    timeoutSeconds: null
  get_user_leagues:
    availableMemoryMb: null
    concurrency: null
    entryPoint: get_user_leagues
    httpsTrigger: {}
    ingressSettings: null
    labels: {}
    maxInstances: null
    minInstances: null
    platform: gcfv2
    secretEnvironmentVariables: []
    serviceAccountEmail: null
    timeoutSeconds: null
  update_data:
    availableMemoryMb: null
    concurrency: null
    entryPoint: update_data
    httpsTrigger: {}
    ingressSettings: null
    labels: {}
    maxInstances: null
    minInstances: null
    platform: gcfv2
    secretEnvironmentVariables: []
    serviceAccountEmail: null
    timeoutSeconds: null
params: []
requiredAPIs: []
specVersion: v1alpha1

[error] 127.0.0.1 - - [03/Jul/2026 21:47:22] "GET /__/quitquitquit HTTP/1.1" 200 -

[error] /bin/sh: line 1: 93349 Terminated: 15          python3.14 "/Users/patrickschmidt/github-projects/fantasy-sports-assistant/functions/venv/lib/python3.14/site-packages/firebase_functions/private/serving.py"

[info] ✔  functions: Loaded functions definitions from source: analyze_draft, analyze_waivers, get_league_rosters, get_league_users, get_user_drafts, get_user_leagues, update_data. {"metadata":{"emulator":{"name":"functions"},"message":"Loaded functions definitions from source: analyze_draft, analyze_waivers, get_league_rosters, get_league_users, get_user_drafts, get_user_leagues, update_data."}}
[debug] [2026-07-03T21:47:29.005Z] [work-queue] {"queuedWork":["/demo-no-project/us-central1/update_data-2026-07-03T21:47:29.005Z"],"queueLength":1,"runningWork":[],"workRunningCount":0}
[debug] [2026-07-03T21:47:29.005Z] [work-queue] {"queuedWork":[],"queueLength":0,"runningWork":["/demo-no-project/us-central1/update_data-2026-07-03T21:47:29.005Z"],"workRunningCount":1}
[debug] [2026-07-03T21:47:29.006Z] Accepted request GET /demo-no-project/us-central1/update_data --> us-central1-update_data
[debug] [2026-07-03T21:47:29.006Z] [functions] Runtime ready! Sending request! {"metadata":{"emulator":{"name":"functions"},"message":"[functions] Runtime ready! Sending request!"}}
[debug] [2026-07-03T21:47:29.006Z] [functions] Got req.url=/demo-no-project/us-central1/update_data, mapping to path=/ {"metadata":{"emulator":{"name":"functions"},"message":"[functions] Got req.url=/demo-no-project/us-central1/update_data, mapping to path=/"}}
[debug] [2026-07-03T21:47:29.006Z] [worker-pool] Cleaned up workers for us-central1-analyze_draft: 1 --> 0 {"metadata":{"emulator":{"name":"functions"},"message":"[worker-pool] Cleaned up workers for us-central1-analyze_draft: 1 --> 0"}}
[debug] [2026-07-03T21:47:29.007Z] Running command with virtualenv: command=., args=["\"/Users/patrickschmidt/github-projects/fantasy-sports-assistant/functions/venv/bin/activate\"","&&","functions-framework"]
[debug] [2026-07-03T21:47:29.007Z] [worker-pool] addWorker(us-central1-update_data) {"metadata":{"emulator":{"name":"functions"},"message":"[worker-pool] addWorker(us-central1-update_data)"}}
[debug] [2026-07-03T21:47:29.007Z] [worker-pool] Adding worker with key us-central1-update_data, total=1 {"metadata":{"emulator":{"name":"functions"},"message":"[worker-pool] Adding worker with key us-central1-update_data, total=1"}}
[info] >  Fetching latest players data... {"user":"Fetching latest players data...","metadata":{"emulator":{"name":"functions"},"function":{"name":"us-central1-update_data"},"extension":{},"message":">  Fetching latest players data..."}}
[debug] [2026-07-03T21:47:30.644Z] File /Users/patrickschmidt/github-projects/fantasy-sports-assistant/functions/data/players.json changed, reloading triggers {"metadata":{"emulator":{"name":"functions"},"message":"File /Users/patrickschmidt/github-projects/fantasy-sports-assistant/functions/data/players.json changed, reloading triggers"}}
[info] >  Fetching stats for 2023... {"user":"Fetching stats for 2023...","metadata":{"emulator":{"name":"functions"},"function":{"name":"us-central1-update_data"},"extension":{},"message":">  Fetching stats for 2023..."}}
[debug] [2026-07-03T21:47:30.961Z] File /Users/patrickschmidt/github-projects/fantasy-sports-assistant/functions/data/players.json changed, reloading triggers {"metadata":{"emulator":{"name":"functions"},"message":"File /Users/patrickschmidt/github-projects/fantasy-sports-assistant/functions/data/players.json changed, reloading triggers"}}
[debug] [2026-07-03T21:47:31.384Z] File /Users/patrickschmidt/github-projects/fantasy-sports-assistant/functions/data/stats_2023.json changed, reloading triggers {"metadata":{"emulator":{"name":"functions"},"message":"File /Users/patrickschmidt/github-projects/fantasy-sports-assistant/functions/data/stats_2023.json changed, reloading triggers"}}
[info] >  Fetching stats for 2024... {"user":"Fetching stats for 2024...","metadata":{"emulator":{"name":"functions"},"function":{"name":"us-central1-update_data"},"extension":{},"message":">  Fetching stats for 2024..."}}
[debug] [2026-07-03T21:47:31.484Z] File /Users/patrickschmidt/github-projects/fantasy-sports-assistant/functions/data/stats_2023.json changed, reloading triggers {"metadata":{"emulator":{"name":"functions"},"message":"File /Users/patrickschmidt/github-projects/fantasy-sports-assistant/functions/data/stats_2023.json changed, reloading triggers"}}
[info] >  Fetching stats for 2025... {"user":"Fetching stats for 2025...","metadata":{"emulator":{"name":"functions"},"function":{"name":"us-central1-update_data"},"extension":{},"message":">  Fetching stats for 2025..."}}
[debug] [2026-07-03T21:47:32.035Z] File /Users/patrickschmidt/github-projects/fantasy-sports-assistant/functions/data/stats_2024.json changed, reloading triggers {"metadata":{"emulator":{"name":"functions"},"message":"File /Users/patrickschmidt/github-projects/fantasy-sports-assistant/functions/data/stats_2024.json changed, reloading triggers"}}
[debug] [2026-07-03T21:47:32.625Z] File /Users/patrickschmidt/github-projects/fantasy-sports-assistant/functions/data/stats_2025.json changed, reloading triggers {"metadata":{"emulator":{"name":"functions"},"message":"File /Users/patrickschmidt/github-projects/fantasy-sports-assistant/functions/data/stats_2025.json changed, reloading triggers"}}
[info] >  Fetching College Stats for rookies via ESPN... {"user":"Fetching College Stats for rookies via ESPN...","metadata":{"emulator":{"name":"functions"},"function":{"name":"us-central1-update_data"},"extension":{},"message":">  Fetching College Stats for rookies via ESPN..."}}
[info] >  Fetching college stats for Toriano Pride (1/50)... {"user":"Fetching college stats for Toriano Pride (1/50)...","metadata":{"emulator":{"name":"functions"},"function":{"name":"us-central1-update_data"},"extension":{},"message":">  Fetching college stats for Toriano Pride (1/50)..."}}
[debug] [2026-07-03T21:47:32.726Z] File /Users/patrickschmidt/github-projects/fantasy-sports-assistant/functions/data/stats_2025.json changed, reloading triggers {"metadata":{"emulator":{"name":"functions"},"message":"File /Users/patrickschmidt/github-projects/fantasy-sports-assistant/functions/data/stats_2025.json changed, reloading triggers"}}
[debug] [2026-07-03T21:47:33.728Z] Customer code is not Node
[debug] [2026-07-03T21:47:33.729Z] Validating python source
[debug] [2026-07-03T21:47:33.729Z] Building python source
[debug] [2026-07-03T21:47:33.729Z] Could not find functions.yaml. Must use http discovery
[debug] [2026-07-03T21:47:33.731Z] Running command with virtualenv: command=., args=["\"/Users/patrickschmidt/github-projects/fantasy-sports-assistant/functions/venv/bin/activate\"","&&","python3.14","-c","\"import firebase_functions; import os; print(os.path.dirname(firebase_functions.__file__))\""]
[debug] [2026-07-03T21:47:33.781Z] stdout: /Users/patrickschmidt/github-projects/fantasy-sports-assistant/functions/venv/lib/python3.14/site-packages/firebase_functions

[debug] [2026-07-03T21:47:33.785Z] Running admin server with args: ["python3.14","\"/Users/patrickschmidt/github-projects/fantasy-sports-assistant/functions/venv/lib/python3.14/site-packages/firebase_functions/private/serving.py\""] and env: {"GCLOUD_PROJECT":"demo-no-project","K_REVISION":"1","PORT":"80","GOOGLE_CLOUD_QUOTA_PROJECT":"demo-no-project","FUNCTIONS_EMULATOR":"true","TZ":"UTC","FIREBASE_DEBUG_MODE":"true","FIREBASE_DEBUG_FEATURES":"{\"skipTokenVerification\":true,\"enableCors\":true}","FIREBASE_EMULATOR_HUB":"127.0.0.1:4400","CLOUD_EVENTARC_EMULATOR_HOST":"http://127.0.0.1:9299","CLOUD_TASKS_EMULATOR_HOST":"127.0.0.1:9499","FIREBASE_CONFIG":"{\"storageBucket\":\"demo-no-project.appspot.com\",\"databaseURL\":\"https://demo-no-project.firebaseio.com\",\"projectId\":\"demo-no-project\"}","GOOGLE_APPLICATION_CREDENTIALS":"/Users/patrickschmidt/.config/firebase/patrick_schmidt.mail_gmail.com_application_default_credentials.json","ADMIN_PORT":"8081"} in /Users/patrickschmidt/github-projects/fantasy-sports-assistant/functions
[debug] [2026-07-03T21:47:33.785Z] Running command with virtualenv: command=., args=["\"/Users/patrickschmidt/github-projects/fantasy-sports-assistant/functions/venv/bin/activate\"","&&","python3.14","\"/Users/patrickschmidt/github-projects/fantasy-sports-assistant/functions/venv/lib/python3.14/site-packages/firebase_functions/private/serving.py\""]
[info] >  Fetching college stats for Jacob Thomas (2/50)... {"user":"Fetching college stats for Jacob Thomas (2/50)...","metadata":{"emulator":{"name":"functions"},"function":{"name":"us-central1-update_data"},"extension":{},"message":">  Fetching college stats for Jacob Thomas (2/50)..."}}
[info]  * Serving Flask app 'serving'
 * Debug mode: off

[error] WARNING: This is a development server. Do not use it in a production deployment. Use a production WSGI server instead.
 * Running on http://127.0.0.1:8081

[error] Press CTRL+C to quit

[error] 127.0.0.1 - - [03/Jul/2026 21:47:34] "GET /__/functions.yaml HTTP/1.1" 200 -

[debug] [2026-07-03T21:47:34.301Z] Got response from /__/functions.yaml endpoints:
  analyze_draft:
    availableMemoryMb: null
    concurrency: null
    entryPoint: analyze_draft
    httpsTrigger: {}
    ingressSettings: null
    labels: {}
    maxInstances: null
    minInstances: null
    platform: gcfv2
    secretEnvironmentVariables: []
    serviceAccountEmail: null
    timeoutSeconds: null
  analyze_waivers:
    availableMemoryMb: null
    concurrency: null
    entryPoint: analyze_waivers
    httpsTrigger: {}
    ingressSettings: null
    labels: {}
    maxInstances: null
    minInstances: null
    platform: gcfv2
    secretEnvironmentVariables: []
    serviceAccountEmail: null
    timeoutSeconds: null
  get_league_rosters:
    availableMemoryMb: null
    concurrency: null
    entryPoint: get_league_rosters
    httpsTrigger: {}
    ingressSettings: null
    labels: {}
    maxInstances: null
    minInstances: null
    platform: gcfv2
    secretEnvironmentVariables: []
    serviceAccountEmail: null
    timeoutSeconds: null
  get_league_users:
    availableMemoryMb: null
    concurrency: null
    entryPoint: get_league_users
    httpsTrigger: {}
    ingressSettings: null
    labels: {}
    maxInstances: null
    minInstances: null
    platform: gcfv2
    secretEnvironmentVariables: []
    serviceAccountEmail: null
    timeoutSeconds: null
  get_user_drafts:
    availableMemoryMb: null
    concurrency: null
    entryPoint: get_user_drafts
    httpsTrigger: {}
    ingressSettings: null
    labels: {}
    maxInstances: null
    minInstances: null
    platform: gcfv2
    secretEnvironmentVariables: []
    serviceAccountEmail: null
    timeoutSeconds: null
  get_user_leagues:
    availableMemoryMb: null
    concurrency: null
    entryPoint: get_user_leagues
    httpsTrigger: {}
    ingressSettings: null
    labels: {}
    maxInstances: null
    minInstances: null
    platform: gcfv2
    secretEnvironmentVariables: []
    serviceAccountEmail: null
    timeoutSeconds: null
  update_data:
    availableMemoryMb: null
    concurrency: null
    entryPoint: update_data
    httpsTrigger: {}
    ingressSettings: null
    labels: {}
    maxInstances: null
    minInstances: null
    platform: gcfv2
    secretEnvironmentVariables: []
    serviceAccountEmail: null
    timeoutSeconds: null
params: []
requiredAPIs: []
specVersion: v1alpha1

[error] 127.0.0.1 - - [03/Jul/2026 21:47:34] "GET /__/quitquitquit HTTP/1.1" 200 -

[error] /bin/sh: line 1: 93368 Terminated: 15          python3.14 "/Users/patrickschmidt/github-projects/fantasy-sports-assistant/functions/venv/lib/python3.14/site-packages/firebase_functions/private/serving.py"

[info] ✔  functions: Loaded functions definitions from source: analyze_draft, analyze_waivers, get_league_rosters, get_league_users, get_user_drafts, get_user_leagues, update_data. {"metadata":{"emulator":{"name":"functions"},"message":"Loaded functions definitions from source: analyze_draft, analyze_waivers, get_league_rosters, get_league_users, get_user_drafts, get_user_leagues, update_data."}}
[info] >  Fetching college stats for Kyle Louis (3/50)... {"user":"Fetching college stats for Kyle Louis (3/50)...","metadata":{"emulator":{"name":"functions"},"function":{"name":"us-central1-update_data"},"extension":{},"message":">  Fetching college stats for Kyle Louis (3/50)..."}}
[info] >  Fetching college stats for Hayden Harris (4/50)... {"user":"Fetching college stats for Hayden Harris (4/50)...","metadata":{"emulator":{"name":"functions"},"function":{"name":"us-central1-update_data"},"extension":{},"message":">  Fetching college stats for Hayden Harris (4/50)..."}}
[info] >  Fetching college stats for Austin Brown (5/50)... {"user":"Fetching college stats for Austin Brown (5/50)...","metadata":{"emulator":{"name":"functions"},"function":{"name":"us-central1-update_data"},"extension":{},"message":">  Fetching college stats for Austin Brown (5/50)..."}}
[info] >  Fetching college stats for Tim Keenan (6/50)... {"user":"Fetching college stats for Tim Keenan (6/50)...","metadata":{"emulator":{"name":"functions"},"function":{"name":"us-central1-update_data"},"extension":{},"message":">  Fetching college stats for Tim Keenan (6/50)..."}}
[info] >  Fetching college stats for Larry Worth (7/50)... {"user":"Fetching college stats for Larry Worth (7/50)...","metadata":{"emulator":{"name":"functions"},"function":{"name":"us-central1-update_data"},"extension":{},"message":">  Fetching college stats for Larry Worth (7/50)..."}}
[info] >  Fetching college stats for Devin Brandt-Epps (8/50)... {"user":"Fetching college stats for Devin Brandt-Epps (8/50)...","metadata":{"emulator":{"name":"functions"},"function":{"name":"us-central1-update_data"},"extension":{},"message":">  Fetching college stats for Devin Brandt-Epps (8/50)..."}}
[info] >  Fetching college stats for Dalton Johnson (9/50)... {"user":"Fetching college stats for Dalton Johnson (9/50)...","metadata":{"emulator":{"name":"functions"},"function":{"name":"us-central1-update_data"},"extension":{},"message":">  Fetching college stats for Dalton Johnson (9/50)..."}}
[info] >  Fetching college stats for VJ Payne (10/50)... {"user":"Fetching college stats for VJ Payne (10/50)...","metadata":{"emulator":{"name":"functions"},"function":{"name":"us-central1-update_data"},"extension":{},"message":">  Fetching college stats for VJ Payne (10/50)..."}}
[info] >  Fetching college stats for Anterio Thompson (11/50)... {"user":"Fetching college stats for Anterio Thompson (11/50)...","metadata":{"emulator":{"name":"functions"},"function":{"name":"us-central1-update_data"},"extension":{},"message":">  Fetching college stats for Anterio Thompson (11/50)..."}}
[info] >  Fetching college stats for Quindarius Dunnigan (12/50)... {"user":"Fetching college stats for Quindarius Dunnigan (12/50)...","metadata":{"emulator":{"name":"functions"},"function":{"name":"us-central1-update_data"},"extension":{},"message":">  Fetching college stats for Quindarius Dunnigan (12/50)..."}}
[info] >  Fetching college stats for T.J. Bollers (13/50)... {"user":"Fetching college stats for T.J. Bollers (13/50)...","metadata":{"emulator":{"name":"functions"},"function":{"name":"us-central1-update_data"},"extension":{},"message":">  Fetching college stats for T.J. Bollers (13/50)..."}}
[info] >  Fetching college stats for Sonny Styles (14/50)... {"user":"Fetching college stats for Sonny Styles (14/50)...","metadata":{"emulator":{"name":"functions"},"function":{"name":"us-central1-update_data"},"extension":{},"message":">  Fetching college stats for Sonny Styles (14/50)..."}}
[info] >  Fetching college stats for Max Llewellyn (15/50)... {"user":"Fetching college stats for Max Llewellyn (15/50)...","metadata":{"emulator":{"name":"functions"},"function":{"name":"us-central1-update_data"},"extension":{},"message":">  Fetching college stats for Max Llewellyn (15/50)..."}}
[info] >  Fetching college stats for Eric Gentry (16/50)... {"user":"Fetching college stats for Eric Gentry (16/50)...","metadata":{"emulator":{"name":"functions"},"function":{"name":"us-central1-update_data"},"extension":{},"message":">  Fetching college stats for Eric Gentry (16/50)..."}}
[info] >  Fetching college stats for Antonio Williams (17/50)... {"user":"Fetching college stats for Antonio Williams (17/50)...","metadata":{"emulator":{"name":"functions"},"function":{"name":"us-central1-update_data"},"extension":{},"message":">  Fetching college stats for Antonio Williams (17/50)..."}}
[info] >  Fetching college stats for Louis Moore (18/50)... {"user":"Fetching college stats for Louis Moore (18/50)...","metadata":{"emulator":{"name":"functions"},"function":{"name":"us-central1-update_data"},"extension":{},"message":">  Fetching college stats for Louis Moore (18/50)..."}}
[info] >  Fetching college stats for Aidan Hubbard (19/50)... {"user":"Fetching college stats for Aidan Hubbard (19/50)...","metadata":{"emulator":{"name":"functions"},"function":{"name":"us-central1-update_data"},"extension":{},"message":">  Fetching college stats for Aidan Hubbard (19/50)..."}}
[info] >  Fetching college stats for Erick Hunter (20/50)... {"user":"Fetching college stats for Erick Hunter (20/50)...","metadata":{"emulator":{"name":"functions"},"function":{"name":"us-central1-update_data"},"extension":{},"message":">  Fetching college stats for Erick Hunter (20/50)..."}}
[info] >  Fetching college stats for Jai'Onte' McMillan (21/50)... {"user":"Fetching college stats for Jai'Onte' McMillan (21/50)...","metadata":{"emulator":{"name":"functions"},"function":{"name":"us-central1-update_data"},"extension":{},"message":">  Fetching college stats for Jai'Onte' McMillan (21/50)..."}}
[error] ⬢  functions: Failed to handle request for function us-central1-update_data {"metadata":{"emulator":{"name":"functions"},"message":"Failed to handle request for function us-central1-update_data"}}
[error] ⬢  functions: Failed to start functions in /Users/patrickschmidt/github-projects/fantasy-sports-assistant/functions: Failed to load function. {"metadata":{"emulator":{"name":"functions"},"message":"Failed to start functions in /Users/patrickschmidt/github-projects/fantasy-sports-assistant/functions: Failed to load function."}}
[debug] [2026-07-03T21:47:59.008Z] [work-queue] {"queuedWork":[],"queueLength":0,"runningWork":[],"workRunningCount":0}
[info] >  Fetching college stats for Lardarius Webb (22/50)... {"user":"Fetching college stats for Lardarius Webb (22/50)...","metadata":{"emulator":{"name":"functions"},"function":{"name":"us-central1-update_data"},"extension":{},"message":">  Fetching college stats for Lardarius Webb (22/50)..."}}
[info] >  Fetching college stats for Mansoor Delane (23/50)... {"user":"Fetching college stats for Mansoor Delane (23/50)...","metadata":{"emulator":{"name":"functions"},"function":{"name":"us-central1-update_data"},"extension":{},"message":">  Fetching college stats for Mansoor Delane (23/50)..."}}
[info] >  Fetching college stats for Deven Eastern (24/50)... {"user":"Fetching college stats for Deven Eastern (24/50)...","metadata":{"emulator":{"name":"functions"},"function":{"name":"us-central1-update_data"},"extension":{},"message":">  Fetching college stats for Deven Eastern (24/50)..."}}
[info] >  Fetching college stats for Davison Igbinosun (25/50)... {"user":"Fetching college stats for Davison Igbinosun (25/50)...","metadata":{"emulator":{"name":"functions"},"function":{"name":"us-central1-update_data"},"extension":{},"message":">  Fetching college stats for Davison Igbinosun (25/50)..."}}
[info] >  Fetching college stats for Michael Coats (26/50)... {"user":"Fetching college stats for Michael Coats (26/50)...","metadata":{"emulator":{"name":"functions"},"function":{"name":"us-central1-update_data"},"extension":{},"message":">  Fetching college stats for Michael Coats (26/50)..."}}
[info] >  Fetching college stats for Fred Davis (27/50)... {"user":"Fetching college stats for Fred Davis (27/50)...","metadata":{"emulator":{"name":"functions"},"function":{"name":"us-central1-update_data"},"extension":{},"message":">  Fetching college stats for Fred Davis (27/50)..."}}
[info] >  Fetching college stats for Zach Durfee (28/50)... {"user":"Fetching college stats for Zach Durfee (28/50)...","metadata":{"emulator":{"name":"functions"},"function":{"name":"us-central1-update_data"},"extension":{},"message":">  Fetching college stats for Zach Durfee (28/50)..."}}
[info] >  Fetching college stats for R.J. Delancy (29/50)... {"user":"Fetching college stats for R.J. Delancy (29/50)...","metadata":{"emulator":{"name":"functions"},"function":{"name":"us-central1-update_data"},"extension":{},"message":">  Fetching college stats for R.J. Delancy (29/50)..."}}
[info] >  Fetching college stats for CJ Allen (30/50)... {"user":"Fetching college stats for CJ Allen (30/50)...","metadata":{"emulator":{"name":"functions"},"function":{"name":"us-central1-update_data"},"extension":{},"message":">  Fetching college stats for CJ Allen (30/50)..."}}
[info] >  Fetching college stats for Mason Narcisse (31/50)... {"user":"Fetching college stats for Mason Narcisse (31/50)...","metadata":{"emulator":{"name":"functions"},"function":{"name":"us-central1-update_data"},"extension":{},"message":">  Fetching college stats for Mason Narcisse (31/50)..."}}
[info] >  Fetching college stats for West Weeks (32/50)... {"user":"Fetching college stats for West Weeks (32/50)...","metadata":{"emulator":{"name":"functions"},"function":{"name":"us-central1-update_data"},"extension":{},"message":">  Fetching college stats for West Weeks (32/50)..."}}
[info] >  Fetching college stats for Blake Mangelson (33/50)... {"user":"Fetching college stats for Blake Mangelson (33/50)...","metadata":{"emulator":{"name":"functions"},"function":{"name":"us-central1-update_data"},"extension":{},"message":">  Fetching college stats for Blake Mangelson (33/50)..."}}
[info] >  Fetching college stats for Evan Slocum (34/50)... {"user":"Fetching college stats for Evan Slocum (34/50)...","metadata":{"emulator":{"name":"functions"},"function":{"name":"us-central1-update_data"},"extension":{},"message":">  Fetching college stats for Evan Slocum (34/50)..."}}
[info] >  Fetching college stats for TJ Hall (35/50)... {"user":"Fetching college stats for TJ Hall (35/50)...","metadata":{"emulator":{"name":"functions"},"function":{"name":"us-central1-update_data"},"extension":{},"message":">  Fetching college stats for TJ Hall (35/50)..."}}
[info] >  Fetching college stats for Dante McClellan (36/50)... {"user":"Fetching college stats for Dante McClellan (36/50)...","metadata":{"emulator":{"name":"functions"},"function":{"name":"us-central1-update_data"},"extension":{},"message":">  Fetching college stats for Dante McClellan (36/50)..."}}
[info] >  Fetching college stats for Daylan Carnell (37/50)... {"user":"Fetching college stats for Daylan Carnell (37/50)...","metadata":{"emulator":{"name":"functions"},"function":{"name":"us-central1-update_data"},"extension":{},"message":">  Fetching college stats for Daylan Carnell (37/50)..."}}
[info] >  Fetching college stats for Rueben Bain (38/50)... {"user":"Fetching college stats for Rueben Bain (38/50)...","metadata":{"emulator":{"name":"functions"},"function":{"name":"us-central1-update_data"},"extension":{},"message":">  Fetching college stats for Rueben Bain (38/50)..."}}
[info] >  Fetching college stats for Justin Jefferson (39/50)... {"user":"Fetching college stats for Justin Jefferson (39/50)...","metadata":{"emulator":{"name":"functions"},"function":{"name":"us-central1-update_data"},"extension":{},"message":">  Fetching college stats for Justin Jefferson (39/50)..."}}
[info] >  Fetching college stats for DQ Smith (40/50)... {"user":"Fetching college stats for DQ Smith (40/50)...","metadata":{"emulator":{"name":"functions"},"function":{"name":"us-central1-update_data"},"extension":{},"message":">  Fetching college stats for DQ Smith (40/50)..."}}
[info] >  Fetching college stats for Jordan Crook (41/50)... {"user":"Fetching college stats for Jordan Crook (41/50)...","metadata":{"emulator":{"name":"functions"},"function":{"name":"us-central1-update_data"},"extension":{},"message":">  Fetching college stats for Jordan Crook (41/50)..."}}
[info] >  Fetching college stats for Bangally Kamara (42/50)... {"user":"Fetching college stats for Bangally Kamara (42/50)...","metadata":{"emulator":{"name":"functions"},"function":{"name":"us-central1-update_data"},"extension":{},"message":">  Fetching college stats for Bangally Kamara (42/50)..."}}
[info] >  Fetching college stats for VJ Anthony (43/50)... {"user":"Fetching college stats for VJ Anthony (43/50)...","metadata":{"emulator":{"name":"functions"},"function":{"name":"us-central1-update_data"},"extension":{},"message":">  Fetching college stats for VJ Anthony (43/50)..."}}
[info] >  Fetching college stats for Elijah Sarratt (44/50)... {"user":"Fetching college stats for Elijah Sarratt (44/50)...","metadata":{"emulator":{"name":"functions"},"function":{"name":"us-central1-update_data"},"extension":{},"message":">  Fetching college stats for Elijah Sarratt (44/50)..."}}
[info] >  Fetching college stats for Anthony Dunn (45/50)... {"user":"Fetching college stats for Anthony Dunn (45/50)...","metadata":{"emulator":{"name":"functions"},"function":{"name":"us-central1-update_data"},"extension":{},"message":">  Fetching college stats for Anthony Dunn (45/50)..."}}
[info] >  Fetching college stats for Brandon Cleveland (46/50)... {"user":"Fetching college stats for Brandon Cleveland (46/50)...","metadata":{"emulator":{"name":"functions"},"function":{"name":"us-central1-update_data"},"extension":{},"message":">  Fetching college stats for Brandon Cleveland (46/50)..."}}
[info] >  Fetching college stats for Devonta Smith (47/50)... {"user":"Fetching college stats for Devonta Smith (47/50)...","metadata":{"emulator":{"name":"functions"},"function":{"name":"us-central1-update_data"},"extension":{},"message":">  Fetching college stats for Devonta Smith (47/50)..."}}
[info] >  Fetching college stats for Deontae Lawson (48/50)... {"user":"Fetching college stats for Deontae Lawson (48/50)...","metadata":{"emulator":{"name":"functions"},"function":{"name":"us-central1-update_data"},"extension":{},"message":">  Fetching college stats for Deontae Lawson (48/50)..."}}
[info] >  Fetching college stats for Rene Konga (49/50)... {"user":"Fetching college stats for Rene Konga (49/50)...","metadata":{"emulator":{"name":"functions"},"function":{"name":"us-central1-update_data"},"extension":{},"message":">  Fetching college stats for Rene Konga (49/50)..."}}
[info] >  Fetching college stats for TJ Quinn (50/50)... {"user":"Fetching college stats for TJ Quinn (50/50)...","metadata":{"emulator":{"name":"functions"},"function":{"name":"us-central1-update_data"},"extension":{},"message":">  Fetching college stats for TJ Quinn (50/50)..."}}
[debug] [2026-07-03T21:48:38.115Z] [worker-us-central1-update_data-82ea9fdc-60ce-4daa-8959-36c06d4c6123]: IDLE {"metadata":{"emulator":{"name":"functions"},"function":{"name":"us-central1-update_data"},"extension":{},"message":"[worker-us-central1-update_data-82ea9fdc-60ce-4daa-8959-36c06d4c6123]: IDLE"}}
[debug] [2026-07-03T21:48:38.222Z] File /Users/patrickschmidt/github-projects/fantasy-sports-assistant/functions/data/college_stats.json changed, reloading triggers {"metadata":{"emulator":{"name":"functions"},"message":"File /Users/patrickschmidt/github-projects/fantasy-sports-assistant/functions/data/college_stats.json changed, reloading triggers"}}
[debug] [2026-07-03T21:48:39.225Z] Customer code is not Node
[debug] [2026-07-03T21:48:39.226Z] Validating python source
[debug] [2026-07-03T21:48:39.226Z] Building python source
[debug] [2026-07-03T21:48:39.226Z] Could not find functions.yaml. Must use http discovery
[debug] [2026-07-03T21:48:39.227Z] Running command with virtualenv: command=., args=["\"/Users/patrickschmidt/github-projects/fantasy-sports-assistant/functions/venv/bin/activate\"","&&","python3.14","-c","\"import firebase_functions; import os; print(os.path.dirname(firebase_functions.__file__))\""]
[debug] [2026-07-03T21:48:39.267Z] stdout: /Users/patrickschmidt/github-projects/fantasy-sports-assistant/functions/venv/lib/python3.14/site-packages/firebase_functions

[debug] [2026-07-03T21:48:39.270Z] Running admin server with args: ["python3.14","\"/Users/patrickschmidt/github-projects/fantasy-sports-assistant/functions/venv/lib/python3.14/site-packages/firebase_functions/private/serving.py\""] and env: {"GCLOUD_PROJECT":"demo-no-project","K_REVISION":"1","PORT":"80","GOOGLE_CLOUD_QUOTA_PROJECT":"demo-no-project","FUNCTIONS_EMULATOR":"true","TZ":"UTC","FIREBASE_DEBUG_MODE":"true","FIREBASE_DEBUG_FEATURES":"{\"skipTokenVerification\":true,\"enableCors\":true}","FIREBASE_EMULATOR_HUB":"127.0.0.1:4400","CLOUD_EVENTARC_EMULATOR_HOST":"http://127.0.0.1:9299","CLOUD_TASKS_EMULATOR_HOST":"127.0.0.1:9499","FIREBASE_CONFIG":"{\"storageBucket\":\"demo-no-project.appspot.com\",\"databaseURL\":\"https://demo-no-project.firebaseio.com\",\"projectId\":\"demo-no-project\"}","GOOGLE_APPLICATION_CREDENTIALS":"/Users/patrickschmidt/.config/firebase/patrick_schmidt.mail_gmail.com_application_default_credentials.json","ADMIN_PORT":"8081"} in /Users/patrickschmidt/github-projects/fantasy-sports-assistant/functions
[debug] [2026-07-03T21:48:39.270Z] Running command with virtualenv: command=., args=["\"/Users/patrickschmidt/github-projects/fantasy-sports-assistant/functions/venv/bin/activate\"","&&","python3.14","\"/Users/patrickschmidt/github-projects/fantasy-sports-assistant/functions/venv/lib/python3.14/site-packages/firebase_functions/private/serving.py\""]
[info]  * Serving Flask app 'serving'
 * Debug mode: off

[error] WARNING: This is a development server. Do not use it in a production deployment. Use a production WSGI server instead.
 * Running on http://127.0.0.1:8081

[error] Press CTRL+C to quit

[error] 127.0.0.1 - - [03/Jul/2026 21:48:39] "GET /__/functions.yaml HTTP/1.1" 200 -

[debug] [2026-07-03T21:48:39.781Z] Got response from /__/functions.yaml endpoints:
  analyze_draft:
    availableMemoryMb: null
    concurrency: null
    entryPoint: analyze_draft
    httpsTrigger: {}
    ingressSettings: null
    labels: {}
    maxInstances: null
    minInstances: null
    platform: gcfv2
    secretEnvironmentVariables: []
    serviceAccountEmail: null
    timeoutSeconds: null
  analyze_waivers:
    availableMemoryMb: null
    concurrency: null
    entryPoint: analyze_waivers
    httpsTrigger: {}
    ingressSettings: null
    labels: {}
    maxInstances: null
    minInstances: null
    platform: gcfv2
    secretEnvironmentVariables: []
    serviceAccountEmail: null
    timeoutSeconds: null
  get_league_rosters:
    availableMemoryMb: null
    concurrency: null
    entryPoint: get_league_rosters
    httpsTrigger: {}
    ingressSettings: null
    labels: {}
    maxInstances: null
    minInstances: null
    platform: gcfv2
    secretEnvironmentVariables: []
    serviceAccountEmail: null
    timeoutSeconds: null
  get_league_users:
    availableMemoryMb: null
    concurrency: null
    entryPoint: get_league_users
    httpsTrigger: {}
    ingressSettings: null
    labels: {}
    maxInstances: null
    minInstances: null
    platform: gcfv2
    secretEnvironmentVariables: []
    serviceAccountEmail: null
    timeoutSeconds: null
  get_user_drafts:
    availableMemoryMb: null
    concurrency: null
    entryPoint: get_user_drafts
    httpsTrigger: {}
    ingressSettings: null
    labels: {}
    maxInstances: null
    minInstances: null
    platform: gcfv2
    secretEnvironmentVariables: []
    serviceAccountEmail: null
    timeoutSeconds: null
  get_user_leagues:
    availableMemoryMb: null
    concurrency: null
    entryPoint: get_user_leagues
    httpsTrigger: {}
    ingressSettings: null
    labels: {}
    maxInstances: null
    minInstances: null
    platform: gcfv2
    secretEnvironmentVariables: []
    serviceAccountEmail: null
    timeoutSeconds: null
  update_data:
    availableMemoryMb: null
    concurrency: null
    entryPoint: update_data
    httpsTrigger: {}
    ingressSettings: null
    labels: {}
    maxInstances: null
    minInstances: null
    platform: gcfv2
    secretEnvironmentVariables: []
    serviceAccountEmail: null
    timeoutSeconds: null
params: []
requiredAPIs: []
specVersion: v1alpha1

[error] 127.0.0.1 - - [03/Jul/2026 21:48:39] "GET /__/quitquitquit HTTP/1.1" 200 -

[error] /bin/sh: line 1: 93396 Terminated: 15          python3.14 "/Users/patrickschmidt/github-projects/fantasy-sports-assistant/functions/venv/lib/python3.14/site-packages/firebase_functions/private/serving.py"

[info] ✔  functions: Loaded functions definitions from source: analyze_draft, analyze_waivers, get_league_rosters, get_league_users, get_user_drafts, get_user_leagues, update_data. {"metadata":{"emulator":{"name":"functions"},"message":"Loaded functions definitions from source: analyze_draft, analyze_waivers, get_league_rosters, get_league_users, get_user_drafts, get_user_leagues, update_data."}}
[debug] [2026-07-03T21:48:39.786Z] [worker-pool] Shutting down IDLE worker (us-central1-update_data) {"metadata":{"emulator":{"name":"functions"},"message":"[worker-pool] Shutting down IDLE worker (us-central1-update_data)"}}
[debug] [2026-07-03T21:48:39.786Z] [worker-us-central1-update_data-82ea9fdc-60ce-4daa-8959-36c06d4c6123]: FINISHING {"metadata":{"emulator":{"name":"functions"},"function":{"name":"us-central1-update_data"},"extension":{},"message":"[worker-us-central1-update_data-82ea9fdc-60ce-4daa-8959-36c06d4c6123]: FINISHING"}}
[debug] [2026-07-03T21:48:39.787Z] [worker-us-central1-update_data-82ea9fdc-60ce-4daa-8959-36c06d4c6123]: exited {"metadata":{"emulator":{"name":"functions"},"function":{"name":"us-central1-update_data"},"extension":{},"message":"[worker-us-central1-update_data-82ea9fdc-60ce-4daa-8959-36c06d4c6123]: exited"}}
[debug] [2026-07-03T21:48:39.787Z] [worker-us-central1-update_data-82ea9fdc-60ce-4daa-8959-36c06d4c6123]: FINISHED {"metadata":{"emulator":{"name":"functions"},"function":{"name":"us-central1-update_data"},"extension":{},"message":"[worker-us-central1-update_data-82ea9fdc-60ce-4daa-8959-36c06d4c6123]: FINISHED"}}
[debug] [2026-07-03T21:49:11.778Z] File /Users/patrickschmidt/github-projects/fantasy-sports-assistant/functions/data/players.json changed, reloading triggers {"metadata":{"emulator":{"name":"functions"},"message":"File /Users/patrickschmidt/github-projects/fantasy-sports-assistant/functions/data/players.json changed, reloading triggers"}}
[debug] [2026-07-03T21:49:11.915Z] File /Users/patrickschmidt/github-projects/fantasy-sports-assistant/functions/data/players.json changed, reloading triggers {"metadata":{"emulator":{"name":"functions"},"message":"File /Users/patrickschmidt/github-projects/fantasy-sports-assistant/functions/data/players.json changed, reloading triggers"}}
[debug] [2026-07-03T21:49:12.253Z] File /Users/patrickschmidt/github-projects/fantasy-sports-assistant/functions/data/stats_2023.json changed, reloading triggers {"metadata":{"emulator":{"name":"functions"},"message":"File /Users/patrickschmidt/github-projects/fantasy-sports-assistant/functions/data/stats_2023.json changed, reloading triggers"}}
[debug] [2026-07-03T21:49:12.353Z] File /Users/patrickschmidt/github-projects/fantasy-sports-assistant/functions/data/stats_2023.json changed, reloading triggers {"metadata":{"emulator":{"name":"functions"},"message":"File /Users/patrickschmidt/github-projects/fantasy-sports-assistant/functions/data/stats_2023.json changed, reloading triggers"}}
[debug] [2026-07-03T21:49:12.716Z] File /Users/patrickschmidt/github-projects/fantasy-sports-assistant/functions/data/stats_2024.json changed, reloading triggers {"metadata":{"emulator":{"name":"functions"},"message":"File /Users/patrickschmidt/github-projects/fantasy-sports-assistant/functions/data/stats_2024.json changed, reloading triggers"}}
[debug] [2026-07-03T21:49:13.073Z] File /Users/patrickschmidt/github-projects/fantasy-sports-assistant/functions/data/stats_2025.json changed, reloading triggers {"metadata":{"emulator":{"name":"functions"},"message":"File /Users/patrickschmidt/github-projects/fantasy-sports-assistant/functions/data/stats_2025.json changed, reloading triggers"}}
[debug] [2026-07-03T21:49:13.174Z] File /Users/patrickschmidt/github-projects/fantasy-sports-assistant/functions/data/stats_2025.json changed, reloading triggers {"metadata":{"emulator":{"name":"functions"},"message":"File /Users/patrickschmidt/github-projects/fantasy-sports-assistant/functions/data/stats_2025.json changed, reloading triggers"}}
[debug] [2026-07-03T21:49:14.175Z] Customer code is not Node
[debug] [2026-07-03T21:49:14.176Z] Validating python source
[debug] [2026-07-03T21:49:14.176Z] Building python source
[debug] [2026-07-03T21:49:14.176Z] Could not find functions.yaml. Must use http discovery
[debug] [2026-07-03T21:49:14.177Z] Running command with virtualenv: command=., args=["\"/Users/patrickschmidt/github-projects/fantasy-sports-assistant/functions/venv/bin/activate\"","&&","python3.14","-c","\"import firebase_functions; import os; print(os.path.dirname(firebase_functions.__file__))\""]
[debug] [2026-07-03T21:49:14.216Z] stdout: /Users/patrickschmidt/github-projects/fantasy-sports-assistant/functions/venv/lib/python3.14/site-packages/firebase_functions

[debug] [2026-07-03T21:49:14.219Z] Running admin server with args: ["python3.14","\"/Users/patrickschmidt/github-projects/fantasy-sports-assistant/functions/venv/lib/python3.14/site-packages/firebase_functions/private/serving.py\""] and env: {"GCLOUD_PROJECT":"demo-no-project","K_REVISION":"1","PORT":"80","GOOGLE_CLOUD_QUOTA_PROJECT":"demo-no-project","FUNCTIONS_EMULATOR":"true","TZ":"UTC","FIREBASE_DEBUG_MODE":"true","FIREBASE_DEBUG_FEATURES":"{\"skipTokenVerification\":true,\"enableCors\":true}","FIREBASE_EMULATOR_HUB":"127.0.0.1:4400","CLOUD_EVENTARC_EMULATOR_HOST":"http://127.0.0.1:9299","CLOUD_TASKS_EMULATOR_HOST":"127.0.0.1:9499","FIREBASE_CONFIG":"{\"storageBucket\":\"demo-no-project.appspot.com\",\"databaseURL\":\"https://demo-no-project.firebaseio.com\",\"projectId\":\"demo-no-project\"}","GOOGLE_APPLICATION_CREDENTIALS":"/Users/patrickschmidt/.config/firebase/patrick_schmidt.mail_gmail.com_application_default_credentials.json","ADMIN_PORT":"8081"} in /Users/patrickschmidt/github-projects/fantasy-sports-assistant/functions
[debug] [2026-07-03T21:49:14.219Z] Running command with virtualenv: command=., args=["\"/Users/patrickschmidt/github-projects/fantasy-sports-assistant/functions/venv/bin/activate\"","&&","python3.14","\"/Users/patrickschmidt/github-projects/fantasy-sports-assistant/functions/venv/lib/python3.14/site-packages/firebase_functions/private/serving.py\""]
[info]  * Serving Flask app 'serving'
 * Debug mode: off

[error] WARNING: This is a development server. Do not use it in a production deployment. Use a production WSGI server instead.
 * Running on http://127.0.0.1:8081

[error] Press CTRL+C to quit

[error] 127.0.0.1 - - [03/Jul/2026 21:49:14] "GET /__/functions.yaml HTTP/1.1" 200 -

[debug] [2026-07-03T21:49:14.736Z] Got response from /__/functions.yaml endpoints:
  analyze_draft:
    availableMemoryMb: null
    concurrency: null
    entryPoint: analyze_draft
    httpsTrigger: {}
    ingressSettings: null
    labels: {}
    maxInstances: null
    minInstances: null
    platform: gcfv2
    secretEnvironmentVariables: []
    serviceAccountEmail: null
    timeoutSeconds: null
  analyze_waivers:
    availableMemoryMb: null
    concurrency: null
    entryPoint: analyze_waivers
    httpsTrigger: {}
    ingressSettings: null
    labels: {}
    maxInstances: null
    minInstances: null
    platform: gcfv2
    secretEnvironmentVariables: []
    serviceAccountEmail: null
    timeoutSeconds: null
  get_league_rosters:
    availableMemoryMb: null
    concurrency: null
    entryPoint: get_league_rosters
    httpsTrigger: {}
    ingressSettings: null
    labels: {}
    maxInstances: null
    minInstances: null
    platform: gcfv2
    secretEnvironmentVariables: []
    serviceAccountEmail: null
    timeoutSeconds: null
  get_league_users:
    availableMemoryMb: null
    concurrency: null
    entryPoint: get_league_users
    httpsTrigger: {}
    ingressSettings: null
    labels: {}
    maxInstances: null
    minInstances: null
    platform: gcfv2
    secretEnvironmentVariables: []
    serviceAccountEmail: null
    timeoutSeconds: null
  get_user_drafts:
    availableMemoryMb: null
    concurrency: null
    entryPoint: get_user_drafts
    httpsTrigger: {}
    ingressSettings: null
    labels: {}
    maxInstances: null
    minInstances: null
    platform: gcfv2
    secretEnvironmentVariables: []
    serviceAccountEmail: null
    timeoutSeconds: null
  get_user_leagues:
    availableMemoryMb: null
    concurrency: null
    entryPoint: get_user_leagues
    httpsTrigger: {}
    ingressSettings: null
    labels: {}
    maxInstances: null
    minInstances: null
    platform: gcfv2
    secretEnvironmentVariables: []
    serviceAccountEmail: null
    timeoutSeconds: null
  update_data:
    availableMemoryMb: null
    concurrency: null
    entryPoint: update_data
    httpsTrigger: {}
    ingressSettings: null
    labels: {}
    maxInstances: null
    minInstances: null
    platform: gcfv2
    secretEnvironmentVariables: []
    serviceAccountEmail: null
    timeoutSeconds: null
params: []
requiredAPIs: []
specVersion: v1alpha1

[error] 127.0.0.1 - - [03/Jul/2026 21:49:14] "GET /__/quitquitquit HTTP/1.1" 200 -

[error] /bin/sh: line 1: 93417 Terminated: 15          python3.14 "/Users/patrickschmidt/github-projects/fantasy-sports-assistant/functions/venv/lib/python3.14/site-packages/firebase_functions/private/serving.py"

[info] ✔  functions: Loaded functions definitions from source: analyze_draft, analyze_waivers, get_league_rosters, get_league_users, get_user_drafts, get_user_leagues, update_data. {"metadata":{"emulator":{"name":"functions"},"message":"Loaded functions definitions from source: analyze_draft, analyze_waivers, get_league_rosters, get_league_users, get_user_drafts, get_user_leagues, update_data."}}
[debug] [2026-07-03T21:50:05.128Z] [work-queue] {"queuedWork":["/demo-no-project/us-central1/analyze_draft-2026-07-03T21:50:05.128Z"],"queueLength":1,"runningWork":[],"workRunningCount":0}
[debug] [2026-07-03T21:50:05.128Z] [work-queue] {"queuedWork":[],"queueLength":0,"runningWork":["/demo-no-project/us-central1/analyze_draft-2026-07-03T21:50:05.128Z"],"workRunningCount":1}
[debug] [2026-07-03T21:50:05.128Z] Accepted request GET /demo-no-project/us-central1/analyze_draft?username=p4t0b4ll3rs&draft_id=1355677697916817408 --> us-central1-analyze_draft
[debug] [2026-07-03T21:50:05.128Z] [functions] Runtime ready! Sending request! {"metadata":{"emulator":{"name":"functions"},"message":"[functions] Runtime ready! Sending request!"}}
[debug] [2026-07-03T21:50:05.128Z] [functions] Got req.url=/demo-no-project/us-central1/analyze_draft?username=p4t0b4ll3rs&draft_id=1355677697916817408, mapping to path=/?username=p4t0b4ll3rs&draft_id=1355677697916817408 {"metadata":{"emulator":{"name":"functions"},"message":"[functions] Got req.url=/demo-no-project/us-central1/analyze_draft?username=p4t0b4ll3rs&draft_id=1355677697916817408, mapping to path=/?username=p4t0b4ll3rs&draft_id=1355677697916817408"}}
[debug] [2026-07-03T21:50:05.128Z] [worker-pool] Cleaned up workers for us-central1-update_data: 1 --> 0 {"metadata":{"emulator":{"name":"functions"},"message":"[worker-pool] Cleaned up workers for us-central1-update_data: 1 --> 0"}}
[debug] [2026-07-03T21:50:05.129Z] Running command with virtualenv: command=., args=["\"/Users/patrickschmidt/github-projects/fantasy-sports-assistant/functions/venv/bin/activate\"","&&","functions-framework"]
[debug] [2026-07-03T21:50:05.129Z] [worker-pool] addWorker(us-central1-analyze_draft) {"metadata":{"emulator":{"name":"functions"},"message":"[worker-pool] addWorker(us-central1-analyze_draft)"}}
[debug] [2026-07-03T21:50:05.129Z] [worker-pool] Adding worker with key us-central1-analyze_draft, total=1 {"metadata":{"emulator":{"name":"functions"},"message":"[worker-pool] Adding worker with key us-central1-analyze_draft, total=1"}}
[debug] [2026-07-03T21:50:05.437Z] [worker-us-central1-analyze_draft-25374422-3ea7-4505-9470-17251ef1bd20]: IDLE {"metadata":{"emulator":{"name":"functions"},"function":{"name":"us-central1-analyze_draft"},"extension":{},"message":"[worker-us-central1-analyze_draft-25374422-3ea7-4505-9470-17251ef1bd20]: IDLE"}}
[debug] [2026-07-03T21:50:05.437Z] [worker-pool] submitRequest(triggerId=us-central1-analyze_draft) {"metadata":{"emulator":{"name":"functions"},"message":"[worker-pool] submitRequest(triggerId=us-central1-analyze_draft)"}}
[info] i  functions: Beginning execution of "us-central1-analyze_draft" {"metadata":{"emulator":{"name":"functions"},"function":{"name":"us-central1-analyze_draft"},"extension":{},"message":"Beginning execution of \"us-central1-analyze_draft\""}}
[debug] [2026-07-03T21:50:05.437Z] [worker-us-central1-analyze_draft-25374422-3ea7-4505-9470-17251ef1bd20]: BUSY {"metadata":{"emulator":{"name":"functions"},"function":{"name":"us-central1-analyze_draft"},"extension":{},"message":"[worker-us-central1-analyze_draft-25374422-3ea7-4505-9470-17251ef1bd20]: BUSY"}}
[debug] [2026-07-03T21:50:06.740Z] Finishing up request with event=pause {"metadata":{"emulator":{"name":"functions"},"function":{"name":"us-central1-analyze_draft"},"extension":{},"message":"Finishing up request with event=pause"}}
[info] i  functions: Finished "us-central1-analyze_draft" in 1302.953708ms {"metadata":{"emulator":{"name":"functions"},"function":{"name":"us-central1-analyze_draft"},"extension":{},"message":"Finished \"us-central1-analyze_draft\" in 1302.953708ms"}}
[debug] [2026-07-03T21:50:06.741Z] [worker-us-central1-analyze_draft-25374422-3ea7-4505-9470-17251ef1bd20]: IDLE {"metadata":{"emulator":{"name":"functions"},"function":{"name":"us-central1-analyze_draft"},"extension":{},"message":"[worker-us-central1-analyze_draft-25374422-3ea7-4505-9470-17251ef1bd20]: IDLE"}}
[debug] [2026-07-03T21:50:06.741Z] Finishing up request with event=finish {"metadata":{"emulator":{"name":"functions"},"function":{"name":"us-central1-analyze_draft"},"extension":{},"message":"Finishing up request with event=finish"}}
[debug] [2026-07-03T21:50:06.741Z] Finishing up request with event=close {"metadata":{"emulator":{"name":"functions"},"function":{"name":"us-central1-analyze_draft"},"extension":{},"message":"Finishing up request with event=close"}}
[debug] [2026-07-03T21:50:06.741Z] [work-queue] {"queuedWork":[],"queueLength":0,"runningWork":[],"workRunningCount":0}
[debug] [2026-07-03T21:50:19.114Z] File /Users/patrickschmidt/github-projects/fantasy-sports-assistant/functions/data/college_stats.json changed, reloading triggers {"metadata":{"emulator":{"name":"functions"},"message":"File /Users/patrickschmidt/github-projects/fantasy-sports-assistant/functions/data/college_stats.json changed, reloading triggers"}}
[debug] [2026-07-03T21:50:20.115Z] Customer code is not Node
[debug] [2026-07-03T21:50:20.115Z] Validating python source
[debug] [2026-07-03T21:50:20.115Z] Building python source
[debug] [2026-07-03T21:50:20.115Z] Could not find functions.yaml. Must use http discovery
[debug] [2026-07-03T21:50:20.115Z] Running command with virtualenv: command=., args=["\"/Users/patrickschmidt/github-projects/fantasy-sports-assistant/functions/venv/bin/activate\"","&&","python3.14","-c","\"import firebase_functions; import os; print(os.path.dirname(firebase_functions.__file__))\""]
[debug] [2026-07-03T21:50:20.147Z] stdout: /Users/patrickschmidt/github-projects/fantasy-sports-assistant/functions/venv/lib/python3.14/site-packages/firebase_functions

[debug] [2026-07-03T21:50:20.150Z] Running admin server with args: ["python3.14","\"/Users/patrickschmidt/github-projects/fantasy-sports-assistant/functions/venv/lib/python3.14/site-packages/firebase_functions/private/serving.py\""] and env: {"GCLOUD_PROJECT":"demo-no-project","K_REVISION":"1","PORT":"80","GOOGLE_CLOUD_QUOTA_PROJECT":"demo-no-project","FUNCTIONS_EMULATOR":"true","TZ":"UTC","FIREBASE_DEBUG_MODE":"true","FIREBASE_DEBUG_FEATURES":"{\"skipTokenVerification\":true,\"enableCors\":true}","FIREBASE_EMULATOR_HUB":"127.0.0.1:4400","CLOUD_EVENTARC_EMULATOR_HOST":"http://127.0.0.1:9299","CLOUD_TASKS_EMULATOR_HOST":"127.0.0.1:9499","FIREBASE_CONFIG":"{\"storageBucket\":\"demo-no-project.appspot.com\",\"databaseURL\":\"https://demo-no-project.firebaseio.com\",\"projectId\":\"demo-no-project\"}","GOOGLE_APPLICATION_CREDENTIALS":"/Users/patrickschmidt/.config/firebase/patrick_schmidt.mail_gmail.com_application_default_credentials.json","ADMIN_PORT":"8081"} in /Users/patrickschmidt/github-projects/fantasy-sports-assistant/functions
[debug] [2026-07-03T21:50:20.150Z] Running command with virtualenv: command=., args=["\"/Users/patrickschmidt/github-projects/fantasy-sports-assistant/functions/venv/bin/activate\"","&&","python3.14","\"/Users/patrickschmidt/github-projects/fantasy-sports-assistant/functions/venv/lib/python3.14/site-packages/firebase_functions/private/serving.py\""]
[info]  * Serving Flask app 'serving'
 * Debug mode: off

[error] WARNING: This is a development server. Do not use it in a production deployment. Use a production WSGI server instead.
 * Running on http://127.0.0.1:8081

[error] Press CTRL+C to quit

[error] 127.0.0.1 - - [03/Jul/2026 21:50:20] "GET /__/functions.yaml HTTP/1.1" 200 -

[debug] [2026-07-03T21:50:20.677Z] Got response from /__/functions.yaml endpoints:
  analyze_draft:
    availableMemoryMb: null
    concurrency: null
    entryPoint: analyze_draft
    httpsTrigger: {}
    ingressSettings: null
    labels: {}
    maxInstances: null
    minInstances: null
    platform: gcfv2
    secretEnvironmentVariables: []
    serviceAccountEmail: null
    timeoutSeconds: null
  analyze_waivers:
    availableMemoryMb: null
    concurrency: null
    entryPoint: analyze_waivers
    httpsTrigger: {}
    ingressSettings: null
    labels: {}
    maxInstances: null
    minInstances: null
    platform: gcfv2
    secretEnvironmentVariables: []
    serviceAccountEmail: null
    timeoutSeconds: null
  get_league_rosters:
    availableMemoryMb: null
    concurrency: null
    entryPoint: get_league_rosters
    httpsTrigger: {}
    ingressSettings: null
    labels: {}
    maxInstances: null
    minInstances: null
    platform: gcfv2
    secretEnvironmentVariables: []
    serviceAccountEmail: null
    timeoutSeconds: null
  get_league_users:
    availableMemoryMb: null
    concurrency: null
    entryPoint: get_league_users
    httpsTrigger: {}
    ingressSettings: null
    labels: {}
    maxInstances: null
    minInstances: null
    platform: gcfv2
    secretEnvironmentVariables: []
    serviceAccountEmail: null
    timeoutSeconds: null
  get_user_drafts:
    availableMemoryMb: null
    concurrency: null
    entryPoint: get_user_drafts
    httpsTrigger: {}
    ingressSettings: null
    labels: {}
    maxInstances: null
    minInstances: null
    platform: gcfv2
    secretEnvironmentVariables: []
    serviceAccountEmail: null
    timeoutSeconds: null
  get_user_leagues:
    availableMemoryMb: null
    concurrency: null
    entryPoint: get_user_leagues
    httpsTrigger: {}
    ingressSettings: null
    labels: {}
    maxInstances: null
    minInstances: null
    platform: gcfv2
    secretEnvironmentVariables: []
    serviceAccountEmail: null
    timeoutSeconds: null
  update_data:
    availableMemoryMb: null
    concurrency: null
    entryPoint: update_data
    httpsTrigger: {}
    ingressSettings: null
    labels: {}
    maxInstances: null
    minInstances: null
    platform: gcfv2
    secretEnvironmentVariables: []
    serviceAccountEmail: null
    timeoutSeconds: null
params: []
requiredAPIs: []
specVersion: v1alpha1

[error] 127.0.0.1 - - [03/Jul/2026 21:50:20] "GET /__/quitquitquit HTTP/1.1" 200 -

[error] /bin/sh: line 1: 93455 Terminated: 15          python3.14 "/Users/patrickschmidt/github-projects/fantasy-sports-assistant/functions/venv/lib/python3.14/site-packages/firebase_functions/private/serving.py"

[info] ✔  functions: Loaded functions definitions from source: analyze_draft, analyze_waivers, get_league_rosters, get_league_users, get_user_drafts, get_user_leagues, update_data. {"metadata":{"emulator":{"name":"functions"},"message":"Loaded functions definitions from source: analyze_draft, analyze_waivers, get_league_rosters, get_league_users, get_user_drafts, get_user_leagues, update_data."}}
[debug] [2026-07-03T21:50:20.683Z] [worker-pool] Shutting down IDLE worker (us-central1-analyze_draft) {"metadata":{"emulator":{"name":"functions"},"message":"[worker-pool] Shutting down IDLE worker (us-central1-analyze_draft)"}}
[debug] [2026-07-03T21:50:20.683Z] [worker-us-central1-analyze_draft-25374422-3ea7-4505-9470-17251ef1bd20]: FINISHING {"metadata":{"emulator":{"name":"functions"},"function":{"name":"us-central1-analyze_draft"},"extension":{},"message":"[worker-us-central1-analyze_draft-25374422-3ea7-4505-9470-17251ef1bd20]: FINISHING"}}
[debug] [2026-07-03T21:50:20.684Z] [worker-us-central1-analyze_draft-25374422-3ea7-4505-9470-17251ef1bd20]: exited {"metadata":{"emulator":{"name":"functions"},"function":{"name":"us-central1-analyze_draft"},"extension":{},"message":"[worker-us-central1-analyze_draft-25374422-3ea7-4505-9470-17251ef1bd20]: exited"}}
[debug] [2026-07-03T21:50:20.684Z] [worker-us-central1-analyze_draft-25374422-3ea7-4505-9470-17251ef1bd20]: FINISHED {"metadata":{"emulator":{"name":"functions"},"function":{"name":"us-central1-analyze_draft"},"extension":{},"message":"[worker-us-central1-analyze_draft-25374422-3ea7-4505-9470-17251ef1bd20]: FINISHED"}}
[debug] [2026-07-03T21:50:23.978Z] [work-queue] {"queuedWork":["/demo-no-project/us-central1/analyze_draft-2026-07-03T21:50:23.978Z"],"queueLength":1,"runningWork":[],"workRunningCount":0}
[debug] [2026-07-03T21:50:23.978Z] [work-queue] {"queuedWork":[],"queueLength":0,"runningWork":["/demo-no-project/us-central1/analyze_draft-2026-07-03T21:50:23.978Z"],"workRunningCount":1}
[debug] [2026-07-03T21:50:23.978Z] Accepted request GET /demo-no-project/us-central1/analyze_draft?username=p4t0b4ll3rs&draft_id=1355677697916817408 --> us-central1-analyze_draft
[debug] [2026-07-03T21:50:23.978Z] [functions] Runtime ready! Sending request! {"metadata":{"emulator":{"name":"functions"},"message":"[functions] Runtime ready! Sending request!"}}
[debug] [2026-07-03T21:50:23.978Z] [functions] Got req.url=/demo-no-project/us-central1/analyze_draft?username=p4t0b4ll3rs&draft_id=1355677697916817408, mapping to path=/?username=p4t0b4ll3rs&draft_id=1355677697916817408 {"metadata":{"emulator":{"name":"functions"},"message":"[functions] Got req.url=/demo-no-project/us-central1/analyze_draft?username=p4t0b4ll3rs&draft_id=1355677697916817408, mapping to path=/?username=p4t0b4ll3rs&draft_id=1355677697916817408"}}
[debug] [2026-07-03T21:50:23.978Z] [worker-pool] Cleaned up workers for us-central1-analyze_draft: 1 --> 0 {"metadata":{"emulator":{"name":"functions"},"message":"[worker-pool] Cleaned up workers for us-central1-analyze_draft: 1 --> 0"}}
[debug] [2026-07-03T21:50:23.979Z] Running command with virtualenv: command=., args=["\"/Users/patrickschmidt/github-projects/fantasy-sports-assistant/functions/venv/bin/activate\"","&&","functions-framework"]
[debug] [2026-07-03T21:50:23.979Z] [worker-pool] addWorker(us-central1-analyze_draft) {"metadata":{"emulator":{"name":"functions"},"message":"[worker-pool] addWorker(us-central1-analyze_draft)"}}
[debug] [2026-07-03T21:50:23.979Z] [worker-pool] Adding worker with key us-central1-analyze_draft, total=1 {"metadata":{"emulator":{"name":"functions"},"message":"[worker-pool] Adding worker with key us-central1-analyze_draft, total=1"}}
[debug] [2026-07-03T21:50:24.288Z] [worker-us-central1-analyze_draft-97355954-7410-4e74-b5a8-e7762f55cd98]: IDLE {"metadata":{"emulator":{"name":"functions"},"function":{"name":"us-central1-analyze_draft"},"extension":{},"message":"[worker-us-central1-analyze_draft-97355954-7410-4e74-b5a8-e7762f55cd98]: IDLE"}}
[debug] [2026-07-03T21:50:24.288Z] [worker-pool] submitRequest(triggerId=us-central1-analyze_draft) {"metadata":{"emulator":{"name":"functions"},"message":"[worker-pool] submitRequest(triggerId=us-central1-analyze_draft)"}}
[info] i  functions: Beginning execution of "us-central1-analyze_draft" {"metadata":{"emulator":{"name":"functions"},"function":{"name":"us-central1-analyze_draft"},"extension":{},"message":"Beginning execution of \"us-central1-analyze_draft\""}}
[debug] [2026-07-03T21:50:24.288Z] [worker-us-central1-analyze_draft-97355954-7410-4e74-b5a8-e7762f55cd98]: BUSY {"metadata":{"emulator":{"name":"functions"},"function":{"name":"us-central1-analyze_draft"},"extension":{},"message":"[worker-us-central1-analyze_draft-97355954-7410-4e74-b5a8-e7762f55cd98]: BUSY"}}
[debug] [2026-07-03T21:50:25.220Z] Finishing up request with event=pause {"metadata":{"emulator":{"name":"functions"},"function":{"name":"us-central1-analyze_draft"},"extension":{},"message":"Finishing up request with event=pause"}}
[info] i  functions: Finished "us-central1-analyze_draft" in 931.955834ms {"metadata":{"emulator":{"name":"functions"},"function":{"name":"us-central1-analyze_draft"},"extension":{},"message":"Finished \"us-central1-analyze_draft\" in 931.955834ms"}}
[debug] [2026-07-03T21:50:25.220Z] [worker-us-central1-analyze_draft-97355954-7410-4e74-b5a8-e7762f55cd98]: IDLE {"metadata":{"emulator":{"name":"functions"},"function":{"name":"us-central1-analyze_draft"},"extension":{},"message":"[worker-us-central1-analyze_draft-97355954-7410-4e74-b5a8-e7762f55cd98]: IDLE"}}
[debug] [2026-07-03T21:50:25.220Z] Finishing up request with event=finish {"metadata":{"emulator":{"name":"functions"},"function":{"name":"us-central1-analyze_draft"},"extension":{},"message":"Finishing up request with event=finish"}}
[debug] [2026-07-03T21:50:25.220Z] Finishing up request with event=close {"metadata":{"emulator":{"name":"functions"},"function":{"name":"us-central1-analyze_draft"},"extension":{},"message":"Finishing up request with event=close"}}
[debug] [2026-07-03T21:50:25.220Z] [work-queue] {"queuedWork":[],"queueLength":0,"runningWork":[],"workRunningCount":0}
[debug] [2026-07-03T21:51:29.433Z] File /Users/patrickschmidt/github-projects/fantasy-sports-assistant/functions/data/college_stats.json changed, reloading triggers {"metadata":{"emulator":{"name":"functions"},"message":"File /Users/patrickschmidt/github-projects/fantasy-sports-assistant/functions/data/college_stats.json changed, reloading triggers"}}
[debug] [2026-07-03T21:51:30.435Z] Customer code is not Node
[debug] [2026-07-03T21:51:30.436Z] Validating python source
[debug] [2026-07-03T21:51:30.436Z] Building python source
[debug] [2026-07-03T21:51:30.437Z] Could not find functions.yaml. Must use http discovery
[debug] [2026-07-03T21:51:30.440Z] Running command with virtualenv: command=., args=["\"/Users/patrickschmidt/github-projects/fantasy-sports-assistant/functions/venv/bin/activate\"","&&","python3.14","-c","\"import firebase_functions; import os; print(os.path.dirname(firebase_functions.__file__))\""]
[debug] [2026-07-03T21:51:30.487Z] stdout: /Users/patrickschmidt/github-projects/fantasy-sports-assistant/functions/venv/lib/python3.14/site-packages/firebase_functions

[debug] [2026-07-03T21:51:30.491Z] Running admin server with args: ["python3.14","\"/Users/patrickschmidt/github-projects/fantasy-sports-assistant/functions/venv/lib/python3.14/site-packages/firebase_functions/private/serving.py\""] and env: {"GCLOUD_PROJECT":"demo-no-project","K_REVISION":"1","PORT":"80","GOOGLE_CLOUD_QUOTA_PROJECT":"demo-no-project","FUNCTIONS_EMULATOR":"true","TZ":"UTC","FIREBASE_DEBUG_MODE":"true","FIREBASE_DEBUG_FEATURES":"{\"skipTokenVerification\":true,\"enableCors\":true}","FIREBASE_EMULATOR_HUB":"127.0.0.1:4400","CLOUD_EVENTARC_EMULATOR_HOST":"http://127.0.0.1:9299","CLOUD_TASKS_EMULATOR_HOST":"127.0.0.1:9499","FIREBASE_CONFIG":"{\"storageBucket\":\"demo-no-project.appspot.com\",\"databaseURL\":\"https://demo-no-project.firebaseio.com\",\"projectId\":\"demo-no-project\"}","GOOGLE_APPLICATION_CREDENTIALS":"/Users/patrickschmidt/.config/firebase/patrick_schmidt.mail_gmail.com_application_default_credentials.json","ADMIN_PORT":"8081"} in /Users/patrickschmidt/github-projects/fantasy-sports-assistant/functions
[debug] [2026-07-03T21:51:30.491Z] Running command with virtualenv: command=., args=["\"/Users/patrickschmidt/github-projects/fantasy-sports-assistant/functions/venv/bin/activate\"","&&","python3.14","\"/Users/patrickschmidt/github-projects/fantasy-sports-assistant/functions/venv/lib/python3.14/site-packages/firebase_functions/private/serving.py\""]
[info]  * Serving Flask app 'serving'
 * Debug mode: off

[error] WARNING: This is a development server. Do not use it in a production deployment. Use a production WSGI server instead.
 * Running on http://127.0.0.1:8081

[error] Press CTRL+C to quit

[error] 127.0.0.1 - - [03/Jul/2026 21:51:31] "GET /__/functions.yaml HTTP/1.1" 200 -

[debug] [2026-07-03T21:51:31.007Z] Got response from /__/functions.yaml endpoints:
  analyze_draft:
    availableMemoryMb: null
    concurrency: null
    entryPoint: analyze_draft
    httpsTrigger: {}
    ingressSettings: null
    labels: {}
    maxInstances: null
    minInstances: null
    platform: gcfv2
    secretEnvironmentVariables: []
    serviceAccountEmail: null
    timeoutSeconds: null
  analyze_waivers:
    availableMemoryMb: null
    concurrency: null
    entryPoint: analyze_waivers
    httpsTrigger: {}
    ingressSettings: null
    labels: {}
    maxInstances: null
    minInstances: null
    platform: gcfv2
    secretEnvironmentVariables: []
    serviceAccountEmail: null
    timeoutSeconds: null
  get_league_rosters:
    availableMemoryMb: null
    concurrency: null
    entryPoint: get_league_rosters
    httpsTrigger: {}
    ingressSettings: null
    labels: {}
    maxInstances: null
    minInstances: null
    platform: gcfv2
    secretEnvironmentVariables: []
    serviceAccountEmail: null
    timeoutSeconds: null
  get_league_users:
    availableMemoryMb: null
    concurrency: null
    entryPoint: get_league_users
    httpsTrigger: {}
    ingressSettings: null
    labels: {}
    maxInstances: null
    minInstances: null
    platform: gcfv2
    secretEnvironmentVariables: []
    serviceAccountEmail: null
    timeoutSeconds: null
  get_user_drafts:
    availableMemoryMb: null
    concurrency: null
    entryPoint: get_user_drafts
    httpsTrigger: {}
    ingressSettings: null
    labels: {}
    maxInstances: null
    minInstances: null
    platform: gcfv2
    secretEnvironmentVariables: []
    serviceAccountEmail: null
    timeoutSeconds: null
  get_user_leagues:
    availableMemoryMb: null
    concurrency: null
    entryPoint: get_user_leagues
    httpsTrigger: {}
    ingressSettings: null
    labels: {}
    maxInstances: null
    minInstances: null
    platform: gcfv2
    secretEnvironmentVariables: []
    serviceAccountEmail: null
    timeoutSeconds: null
  update_data:
    availableMemoryMb: null
    concurrency: null
    entryPoint: update_data
    httpsTrigger: {}
    ingressSettings: null
    labels: {}
    maxInstances: null
    minInstances: null
    platform: gcfv2
    secretEnvironmentVariables: []
    serviceAccountEmail: null
    timeoutSeconds: null
params: []
requiredAPIs: []
specVersion: v1alpha1

[error] 127.0.0.1 - - [03/Jul/2026 21:51:31] "GET /__/quitquitquit HTTP/1.1" 200 -

[error] /bin/sh: line 1: 93485 Terminated: 15          python3.14 "/Users/patrickschmidt/github-projects/fantasy-sports-assistant/functions/venv/lib/python3.14/site-packages/firebase_functions/private/serving.py"

[info] ✔  functions: Loaded functions definitions from source: analyze_draft, analyze_waivers, get_league_rosters, get_league_users, get_user_drafts, get_user_leagues, update_data. {"metadata":{"emulator":{"name":"functions"},"message":"Loaded functions definitions from source: analyze_draft, analyze_waivers, get_league_rosters, get_league_users, get_user_drafts, get_user_leagues, update_data."}}
[debug] [2026-07-03T21:51:31.014Z] [worker-pool] Shutting down IDLE worker (us-central1-analyze_draft) {"metadata":{"emulator":{"name":"functions"},"message":"[worker-pool] Shutting down IDLE worker (us-central1-analyze_draft)"}}
[debug] [2026-07-03T21:51:31.014Z] [worker-us-central1-analyze_draft-97355954-7410-4e74-b5a8-e7762f55cd98]: FINISHING {"metadata":{"emulator":{"name":"functions"},"function":{"name":"us-central1-analyze_draft"},"extension":{},"message":"[worker-us-central1-analyze_draft-97355954-7410-4e74-b5a8-e7762f55cd98]: FINISHING"}}
[debug] [2026-07-03T21:51:31.014Z] [worker-us-central1-analyze_draft-97355954-7410-4e74-b5a8-e7762f55cd98]: exited {"metadata":{"emulator":{"name":"functions"},"function":{"name":"us-central1-analyze_draft"},"extension":{},"message":"[worker-us-central1-analyze_draft-97355954-7410-4e74-b5a8-e7762f55cd98]: exited"}}
[debug] [2026-07-03T21:51:31.014Z] [worker-us-central1-analyze_draft-97355954-7410-4e74-b5a8-e7762f55cd98]: FINISHED {"metadata":{"emulator":{"name":"functions"},"function":{"name":"us-central1-analyze_draft"},"extension":{},"message":"[worker-us-central1-analyze_draft-97355954-7410-4e74-b5a8-e7762f55cd98]: FINISHED"}}
[debug] [2026-07-03T21:51:52.301Z] [work-queue] {"queuedWork":["/demo-no-project/us-central1/analyze_draft-2026-07-03T21:51:52.300Z"],"queueLength":1,"runningWork":[],"workRunningCount":0}
[debug] [2026-07-03T21:51:52.301Z] [work-queue] {"queuedWork":[],"queueLength":0,"runningWork":["/demo-no-project/us-central1/analyze_draft-2026-07-03T21:51:52.300Z"],"workRunningCount":1}
[debug] [2026-07-03T21:51:52.301Z] Accepted request GET /demo-no-project/us-central1/analyze_draft?username=p4t0b4ll3rs&draft_id=1355677697916817408 --> us-central1-analyze_draft
[debug] [2026-07-03T21:51:52.301Z] [functions] Runtime ready! Sending request! {"metadata":{"emulator":{"name":"functions"},"message":"[functions] Runtime ready! Sending request!"}}
[debug] [2026-07-03T21:51:52.301Z] [functions] Got req.url=/demo-no-project/us-central1/analyze_draft?username=p4t0b4ll3rs&draft_id=1355677697916817408, mapping to path=/?username=p4t0b4ll3rs&draft_id=1355677697916817408 {"metadata":{"emulator":{"name":"functions"},"message":"[functions] Got req.url=/demo-no-project/us-central1/analyze_draft?username=p4t0b4ll3rs&draft_id=1355677697916817408, mapping to path=/?username=p4t0b4ll3rs&draft_id=1355677697916817408"}}
[debug] [2026-07-03T21:51:52.301Z] [worker-pool] Cleaned up workers for us-central1-analyze_draft: 1 --> 0 {"metadata":{"emulator":{"name":"functions"},"message":"[worker-pool] Cleaned up workers for us-central1-analyze_draft: 1 --> 0"}}
[debug] [2026-07-03T21:51:52.301Z] Running command with virtualenv: command=., args=["\"/Users/patrickschmidt/github-projects/fantasy-sports-assistant/functions/venv/bin/activate\"","&&","functions-framework"]
[debug] [2026-07-03T21:51:52.302Z] [worker-pool] addWorker(us-central1-analyze_draft) {"metadata":{"emulator":{"name":"functions"},"message":"[worker-pool] addWorker(us-central1-analyze_draft)"}}
[debug] [2026-07-03T21:51:52.302Z] [worker-pool] Adding worker with key us-central1-analyze_draft, total=1 {"metadata":{"emulator":{"name":"functions"},"message":"[worker-pool] Adding worker with key us-central1-analyze_draft, total=1"}}
[debug] [2026-07-03T21:51:52.610Z] [worker-us-central1-analyze_draft-b34d4ea3-6de0-4ef7-83d1-0f0f1cf5bc30]: IDLE {"metadata":{"emulator":{"name":"functions"},"function":{"name":"us-central1-analyze_draft"},"extension":{},"message":"[worker-us-central1-analyze_draft-b34d4ea3-6de0-4ef7-83d1-0f0f1cf5bc30]: IDLE"}}
[debug] [2026-07-03T21:51:52.610Z] [worker-pool] submitRequest(triggerId=us-central1-analyze_draft) {"metadata":{"emulator":{"name":"functions"},"message":"[worker-pool] submitRequest(triggerId=us-central1-analyze_draft)"}}
[info] i  functions: Beginning execution of "us-central1-analyze_draft" {"metadata":{"emulator":{"name":"functions"},"function":{"name":"us-central1-analyze_draft"},"extension":{},"message":"Beginning execution of \"us-central1-analyze_draft\""}}
[debug] [2026-07-03T21:51:52.610Z] [worker-us-central1-analyze_draft-b34d4ea3-6de0-4ef7-83d1-0f0f1cf5bc30]: BUSY {"metadata":{"emulator":{"name":"functions"},"function":{"name":"us-central1-analyze_draft"},"extension":{},"message":"[worker-us-central1-analyze_draft-b34d4ea3-6de0-4ef7-83d1-0f0f1cf5bc30]: BUSY"}}
[debug] [2026-07-03T21:51:53.354Z] Finishing up request with event=pause {"metadata":{"emulator":{"name":"functions"},"function":{"name":"us-central1-analyze_draft"},"extension":{},"message":"Finishing up request with event=pause"}}
[info] i  functions: Finished "us-central1-analyze_draft" in 744.015875ms {"metadata":{"emulator":{"name":"functions"},"function":{"name":"us-central1-analyze_draft"},"extension":{},"message":"Finished \"us-central1-analyze_draft\" in 744.015875ms"}}
[debug] [2026-07-03T21:51:53.354Z] [worker-us-central1-analyze_draft-b34d4ea3-6de0-4ef7-83d1-0f0f1cf5bc30]: IDLE {"metadata":{"emulator":{"name":"functions"},"function":{"name":"us-central1-analyze_draft"},"extension":{},"message":"[worker-us-central1-analyze_draft-b34d4ea3-6de0-4ef7-83d1-0f0f1cf5bc30]: IDLE"}}
[debug] [2026-07-03T21:51:53.354Z] Finishing up request with event=finish {"metadata":{"emulator":{"name":"functions"},"function":{"name":"us-central1-analyze_draft"},"extension":{},"message":"Finishing up request with event=finish"}}
[debug] [2026-07-03T21:51:53.354Z] Finishing up request with event=close {"metadata":{"emulator":{"name":"functions"},"function":{"name":"us-central1-analyze_draft"},"extension":{},"message":"Finishing up request with event=close"}}
[debug] [2026-07-03T21:51:53.354Z] [work-queue] {"queuedWork":[],"queueLength":0,"runningWork":[],"workRunningCount":0}
[debug] [2026-07-03T21:52:41.424Z] [work-queue] {"queuedWork":["/demo-no-project/us-central1/analyze_draft-2026-07-03T21:52:41.424Z"],"queueLength":1,"runningWork":[],"workRunningCount":0}
[debug] [2026-07-03T21:52:41.424Z] [work-queue] {"queuedWork":[],"queueLength":0,"runningWork":["/demo-no-project/us-central1/analyze_draft-2026-07-03T21:52:41.424Z"],"workRunningCount":1}
[debug] [2026-07-03T21:52:41.424Z] Accepted request GET /demo-no-project/us-central1/analyze_draft?username=p4t0b4ll3rs&draft_id=1315762971158286336 --> us-central1-analyze_draft
[debug] [2026-07-03T21:52:41.425Z] [functions] Runtime ready! Sending request! {"metadata":{"emulator":{"name":"functions"},"message":"[functions] Runtime ready! Sending request!"}}
[debug] [2026-07-03T21:52:41.425Z] [functions] Got req.url=/demo-no-project/us-central1/analyze_draft?username=p4t0b4ll3rs&draft_id=1315762971158286336, mapping to path=/?username=p4t0b4ll3rs&draft_id=1315762971158286336 {"metadata":{"emulator":{"name":"functions"},"message":"[functions] Got req.url=/demo-no-project/us-central1/analyze_draft?username=p4t0b4ll3rs&draft_id=1315762971158286336, mapping to path=/?username=p4t0b4ll3rs&draft_id=1315762971158286336"}}
[debug] [2026-07-03T21:52:41.425Z] [worker-pool] submitRequest(triggerId=us-central1-analyze_draft) {"metadata":{"emulator":{"name":"functions"},"message":"[worker-pool] submitRequest(triggerId=us-central1-analyze_draft)"}}
[info] i  functions: Beginning execution of "us-central1-analyze_draft" {"metadata":{"emulator":{"name":"functions"},"function":{"name":"us-central1-analyze_draft"},"extension":{},"message":"Beginning execution of \"us-central1-analyze_draft\""}}
[debug] [2026-07-03T21:52:41.425Z] [worker-us-central1-analyze_draft-b34d4ea3-6de0-4ef7-83d1-0f0f1cf5bc30]: BUSY {"metadata":{"emulator":{"name":"functions"},"function":{"name":"us-central1-analyze_draft"},"extension":{},"message":"[worker-us-central1-analyze_draft-b34d4ea3-6de0-4ef7-83d1-0f0f1cf5bc30]: BUSY"}}
[debug] [2026-07-03T21:52:42.798Z] Finishing up request with event=pause {"metadata":{"emulator":{"name":"functions"},"function":{"name":"us-central1-analyze_draft"},"extension":{},"message":"Finishing up request with event=pause"}}
[info] i  functions: Finished "us-central1-analyze_draft" in 1373.681708ms {"metadata":{"emulator":{"name":"functions"},"function":{"name":"us-central1-analyze_draft"},"extension":{},"message":"Finished \"us-central1-analyze_draft\" in 1373.681708ms"}}
[debug] [2026-07-03T21:52:42.799Z] [worker-us-central1-analyze_draft-b34d4ea3-6de0-4ef7-83d1-0f0f1cf5bc30]: IDLE {"metadata":{"emulator":{"name":"functions"},"function":{"name":"us-central1-analyze_draft"},"extension":{},"message":"[worker-us-central1-analyze_draft-b34d4ea3-6de0-4ef7-83d1-0f0f1cf5bc30]: IDLE"}}
[debug] [2026-07-03T21:52:42.799Z] Finishing up request with event=finish {"metadata":{"emulator":{"name":"functions"},"function":{"name":"us-central1-analyze_draft"},"extension":{},"message":"Finishing up request with event=finish"}}
[debug] [2026-07-03T21:52:42.799Z] Finishing up request with event=close {"metadata":{"emulator":{"name":"functions"},"function":{"name":"us-central1-analyze_draft"},"extension":{},"message":"Finishing up request with event=close"}}
[debug] [2026-07-03T21:52:42.799Z] [work-queue] {"queuedWork":[],"queueLength":0,"runningWork":[],"workRunningCount":0}
[debug] [2026-07-04T12:22:31.980Z] [work-queue] {"queuedWork":["/demo-no-project/us-central1/analyze_draft-2026-07-04T12:22:31.979Z"],"queueLength":1,"runningWork":[],"workRunningCount":0}
[debug] [2026-07-04T12:22:31.980Z] [work-queue] {"queuedWork":[],"queueLength":0,"runningWork":["/demo-no-project/us-central1/analyze_draft-2026-07-04T12:22:31.979Z"],"workRunningCount":1}
[debug] [2026-07-04T12:22:31.981Z] Accepted request GET /demo-no-project/us-central1/analyze_draft?username=p4t0b4ll3rs&draft_id=1315762971158286336 --> us-central1-analyze_draft
[debug] [2026-07-04T12:22:31.982Z] [functions] Runtime ready! Sending request! {"metadata":{"emulator":{"name":"functions"},"message":"[functions] Runtime ready! Sending request!"}}
[debug] [2026-07-04T12:22:31.982Z] [functions] Got req.url=/demo-no-project/us-central1/analyze_draft?username=p4t0b4ll3rs&draft_id=1315762971158286336, mapping to path=/?username=p4t0b4ll3rs&draft_id=1315762971158286336 {"metadata":{"emulator":{"name":"functions"},"message":"[functions] Got req.url=/demo-no-project/us-central1/analyze_draft?username=p4t0b4ll3rs&draft_id=1315762971158286336, mapping to path=/?username=p4t0b4ll3rs&draft_id=1315762971158286336"}}
[debug] [2026-07-04T12:22:31.982Z] [worker-pool] submitRequest(triggerId=us-central1-analyze_draft) {"metadata":{"emulator":{"name":"functions"},"message":"[worker-pool] submitRequest(triggerId=us-central1-analyze_draft)"}}
[info] i  functions: Beginning execution of "us-central1-analyze_draft" {"metadata":{"emulator":{"name":"functions"},"function":{"name":"us-central1-analyze_draft"},"extension":{},"message":"Beginning execution of \"us-central1-analyze_draft\""}}
[debug] [2026-07-04T12:22:31.983Z] [worker-us-central1-analyze_draft-b34d4ea3-6de0-4ef7-83d1-0f0f1cf5bc30]: BUSY {"metadata":{"emulator":{"name":"functions"},"function":{"name":"us-central1-analyze_draft"},"extension":{},"message":"[worker-us-central1-analyze_draft-b34d4ea3-6de0-4ef7-83d1-0f0f1cf5bc30]: BUSY"}}
[debug] [2026-07-04T12:22:33.487Z] Finishing up request with event=pause {"metadata":{"emulator":{"name":"functions"},"function":{"name":"us-central1-analyze_draft"},"extension":{},"message":"Finishing up request with event=pause"}}
[info] i  functions: Finished "us-central1-analyze_draft" in 1504.184458ms {"metadata":{"emulator":{"name":"functions"},"function":{"name":"us-central1-analyze_draft"},"extension":{},"message":"Finished \"us-central1-analyze_draft\" in 1504.184458ms"}}
[debug] [2026-07-04T12:22:33.487Z] [worker-us-central1-analyze_draft-b34d4ea3-6de0-4ef7-83d1-0f0f1cf5bc30]: IDLE {"metadata":{"emulator":{"name":"functions"},"function":{"name":"us-central1-analyze_draft"},"extension":{},"message":"[worker-us-central1-analyze_draft-b34d4ea3-6de0-4ef7-83d1-0f0f1cf5bc30]: IDLE"}}
[debug] [2026-07-04T12:22:33.487Z] Finishing up request with event=finish {"metadata":{"emulator":{"name":"functions"},"function":{"name":"us-central1-analyze_draft"},"extension":{},"message":"Finishing up request with event=finish"}}
[debug] [2026-07-04T12:22:33.487Z] Finishing up request with event=close {"metadata":{"emulator":{"name":"functions"},"function":{"name":"us-central1-analyze_draft"},"extension":{},"message":"Finishing up request with event=close"}}
[debug] [2026-07-04T12:22:33.487Z] [work-queue] {"queuedWork":[],"queueLength":0,"runningWork":[],"workRunningCount":0}
[debug] [2026-07-04T12:32:36.716Z] [work-queue] {"queuedWork":["/demo-no-project/us-central1/analyze_draft-2026-07-04T12:32:36.716Z"],"queueLength":1,"runningWork":[],"workRunningCount":0}
[debug] [2026-07-04T12:32:36.716Z] [work-queue] {"queuedWork":[],"queueLength":0,"runningWork":["/demo-no-project/us-central1/analyze_draft-2026-07-04T12:32:36.716Z"],"workRunningCount":1}
[debug] [2026-07-04T12:32:36.716Z] Accepted request GET /demo-no-project/us-central1/analyze_draft?username=p4t0b4ll3rs&draft_id=1315762971158286336 --> us-central1-analyze_draft
[debug] [2026-07-04T12:32:36.717Z] [functions] Runtime ready! Sending request! {"metadata":{"emulator":{"name":"functions"},"message":"[functions] Runtime ready! Sending request!"}}
[debug] [2026-07-04T12:32:36.718Z] [functions] Got req.url=/demo-no-project/us-central1/analyze_draft?username=p4t0b4ll3rs&draft_id=1315762971158286336, mapping to path=/?username=p4t0b4ll3rs&draft_id=1315762971158286336 {"metadata":{"emulator":{"name":"functions"},"message":"[functions] Got req.url=/demo-no-project/us-central1/analyze_draft?username=p4t0b4ll3rs&draft_id=1315762971158286336, mapping to path=/?username=p4t0b4ll3rs&draft_id=1315762971158286336"}}
[debug] [2026-07-04T12:32:36.718Z] [worker-pool] submitRequest(triggerId=us-central1-analyze_draft) {"metadata":{"emulator":{"name":"functions"},"message":"[worker-pool] submitRequest(triggerId=us-central1-analyze_draft)"}}
[info] i  functions: Beginning execution of "us-central1-analyze_draft" {"metadata":{"emulator":{"name":"functions"},"function":{"name":"us-central1-analyze_draft"},"extension":{},"message":"Beginning execution of \"us-central1-analyze_draft\""}}
[debug] [2026-07-04T12:32:36.718Z] [worker-us-central1-analyze_draft-b34d4ea3-6de0-4ef7-83d1-0f0f1cf5bc30]: BUSY {"metadata":{"emulator":{"name":"functions"},"function":{"name":"us-central1-analyze_draft"},"extension":{},"message":"[worker-us-central1-analyze_draft-b34d4ea3-6de0-4ef7-83d1-0f0f1cf5bc30]: BUSY"}}
[debug] [2026-07-04T12:32:37.998Z] Finishing up request with event=pause {"metadata":{"emulator":{"name":"functions"},"function":{"name":"us-central1-analyze_draft"},"extension":{},"message":"Finishing up request with event=pause"}}
[info] i  functions: Finished "us-central1-analyze_draft" in 1279.8735ms {"metadata":{"emulator":{"name":"functions"},"function":{"name":"us-central1-analyze_draft"},"extension":{},"message":"Finished \"us-central1-analyze_draft\" in 1279.8735ms"}}
[debug] [2026-07-04T12:32:37.998Z] [worker-us-central1-analyze_draft-b34d4ea3-6de0-4ef7-83d1-0f0f1cf5bc30]: IDLE {"metadata":{"emulator":{"name":"functions"},"function":{"name":"us-central1-analyze_draft"},"extension":{},"message":"[worker-us-central1-analyze_draft-b34d4ea3-6de0-4ef7-83d1-0f0f1cf5bc30]: IDLE"}}
[debug] [2026-07-04T12:32:37.998Z] Finishing up request with event=finish {"metadata":{"emulator":{"name":"functions"},"function":{"name":"us-central1-analyze_draft"},"extension":{},"message":"Finishing up request with event=finish"}}
[debug] [2026-07-04T12:32:37.998Z] Finishing up request with event=close {"metadata":{"emulator":{"name":"functions"},"function":{"name":"us-central1-analyze_draft"},"extension":{},"message":"Finishing up request with event=close"}}
[debug] [2026-07-04T12:32:37.998Z] [work-queue] {"queuedWork":[],"queueLength":0,"runningWork":[],"workRunningCount":0}
[debug] [2026-07-05T11:26:39.911Z] [work-queue] {"queuedWork":["/demo-no-project/us-central1/analyze_draft-2026-07-05T11:26:39.911Z"],"queueLength":1,"runningWork":[],"workRunningCount":0}
[debug] [2026-07-05T11:26:39.912Z] [work-queue] {"queuedWork":[],"queueLength":0,"runningWork":["/demo-no-project/us-central1/analyze_draft-2026-07-05T11:26:39.911Z"],"workRunningCount":1}
[debug] [2026-07-05T11:26:39.912Z] Accepted request GET /demo-no-project/us-central1/analyze_draft?username=p4t0b4ll3rs&draft_id=1315762971158286336 --> us-central1-analyze_draft
[debug] [2026-07-05T11:26:39.914Z] [functions] Runtime ready! Sending request! {"metadata":{"emulator":{"name":"functions"},"message":"[functions] Runtime ready! Sending request!"}}
[debug] [2026-07-05T11:26:39.914Z] [functions] Got req.url=/demo-no-project/us-central1/analyze_draft?username=p4t0b4ll3rs&draft_id=1315762971158286336, mapping to path=/?username=p4t0b4ll3rs&draft_id=1315762971158286336 {"metadata":{"emulator":{"name":"functions"},"message":"[functions] Got req.url=/demo-no-project/us-central1/analyze_draft?username=p4t0b4ll3rs&draft_id=1315762971158286336, mapping to path=/?username=p4t0b4ll3rs&draft_id=1315762971158286336"}}
[debug] [2026-07-05T11:26:39.915Z] [worker-pool] submitRequest(triggerId=us-central1-analyze_draft) {"metadata":{"emulator":{"name":"functions"},"message":"[worker-pool] submitRequest(triggerId=us-central1-analyze_draft)"}}
[info] i  functions: Beginning execution of "us-central1-analyze_draft" {"metadata":{"emulator":{"name":"functions"},"function":{"name":"us-central1-analyze_draft"},"extension":{},"message":"Beginning execution of \"us-central1-analyze_draft\""}}
[debug] [2026-07-05T11:26:39.915Z] [worker-us-central1-analyze_draft-b34d4ea3-6de0-4ef7-83d1-0f0f1cf5bc30]: BUSY {"metadata":{"emulator":{"name":"functions"},"function":{"name":"us-central1-analyze_draft"},"extension":{},"message":"[worker-us-central1-analyze_draft-b34d4ea3-6de0-4ef7-83d1-0f0f1cf5bc30]: BUSY"}}
[debug] [2026-07-05T11:26:41.357Z] Finishing up request with event=pause {"metadata":{"emulator":{"name":"functions"},"function":{"name":"us-central1-analyze_draft"},"extension":{},"message":"Finishing up request with event=pause"}}
[info] i  functions: Finished "us-central1-analyze_draft" in 1442.059458ms {"metadata":{"emulator":{"name":"functions"},"function":{"name":"us-central1-analyze_draft"},"extension":{},"message":"Finished \"us-central1-analyze_draft\" in 1442.059458ms"}}
[debug] [2026-07-05T11:26:41.358Z] [worker-us-central1-analyze_draft-b34d4ea3-6de0-4ef7-83d1-0f0f1cf5bc30]: IDLE {"metadata":{"emulator":{"name":"functions"},"function":{"name":"us-central1-analyze_draft"},"extension":{},"message":"[worker-us-central1-analyze_draft-b34d4ea3-6de0-4ef7-83d1-0f0f1cf5bc30]: IDLE"}}
[debug] [2026-07-05T11:26:41.358Z] Finishing up request with event=finish {"metadata":{"emulator":{"name":"functions"},"function":{"name":"us-central1-analyze_draft"},"extension":{},"message":"Finishing up request with event=finish"}}
[debug] [2026-07-05T11:26:41.358Z] Finishing up request with event=close {"metadata":{"emulator":{"name":"functions"},"function":{"name":"us-central1-analyze_draft"},"extension":{},"message":"Finishing up request with event=close"}}
[debug] [2026-07-05T11:26:41.358Z] [work-queue] {"queuedWork":[],"queueLength":0,"runningWork":[],"workRunningCount":0}
[debug] [2026-07-06T19:35:15.798Z] [work-queue] {"queuedWork":["/demo-no-project/us-central1/analyze_draft-2026-07-06T19:35:15.798Z"],"queueLength":1,"runningWork":[],"workRunningCount":0}
[debug] [2026-07-06T19:35:15.799Z] [work-queue] {"queuedWork":[],"queueLength":0,"runningWork":["/demo-no-project/us-central1/analyze_draft-2026-07-06T19:35:15.798Z"],"workRunningCount":1}
[debug] [2026-07-06T19:35:15.799Z] Accepted request GET /demo-no-project/us-central1/analyze_draft?username=p4t0b4ll3rs&draft_id=1315762971158286336 --> us-central1-analyze_draft
[debug] [2026-07-06T19:35:15.800Z] [functions] Runtime ready! Sending request! {"metadata":{"emulator":{"name":"functions"},"message":"[functions] Runtime ready! Sending request!"}}
[debug] [2026-07-06T19:35:15.800Z] [functions] Got req.url=/demo-no-project/us-central1/analyze_draft?username=p4t0b4ll3rs&draft_id=1315762971158286336, mapping to path=/?username=p4t0b4ll3rs&draft_id=1315762971158286336 {"metadata":{"emulator":{"name":"functions"},"message":"[functions] Got req.url=/demo-no-project/us-central1/analyze_draft?username=p4t0b4ll3rs&draft_id=1315762971158286336, mapping to path=/?username=p4t0b4ll3rs&draft_id=1315762971158286336"}}
[debug] [2026-07-06T19:35:15.800Z] [worker-pool] submitRequest(triggerId=us-central1-analyze_draft) {"metadata":{"emulator":{"name":"functions"},"message":"[worker-pool] submitRequest(triggerId=us-central1-analyze_draft)"}}
[info] i  functions: Beginning execution of "us-central1-analyze_draft" {"metadata":{"emulator":{"name":"functions"},"function":{"name":"us-central1-analyze_draft"},"extension":{},"message":"Beginning execution of \"us-central1-analyze_draft\""}}
[debug] [2026-07-06T19:35:15.801Z] [worker-us-central1-analyze_draft-b34d4ea3-6de0-4ef7-83d1-0f0f1cf5bc30]: BUSY {"metadata":{"emulator":{"name":"functions"},"function":{"name":"us-central1-analyze_draft"},"extension":{},"message":"[worker-us-central1-analyze_draft-b34d4ea3-6de0-4ef7-83d1-0f0f1cf5bc30]: BUSY"}}
[debug] [2026-07-06T19:35:17.174Z] Finishing up request with event=pause {"metadata":{"emulator":{"name":"functions"},"function":{"name":"us-central1-analyze_draft"},"extension":{},"message":"Finishing up request with event=pause"}}
[info] i  functions: Finished "us-central1-analyze_draft" in 1373.029875ms {"metadata":{"emulator":{"name":"functions"},"function":{"name":"us-central1-analyze_draft"},"extension":{},"message":"Finished \"us-central1-analyze_draft\" in 1373.029875ms"}}
[debug] [2026-07-06T19:35:17.174Z] [worker-us-central1-analyze_draft-b34d4ea3-6de0-4ef7-83d1-0f0f1cf5bc30]: IDLE {"metadata":{"emulator":{"name":"functions"},"function":{"name":"us-central1-analyze_draft"},"extension":{},"message":"[worker-us-central1-analyze_draft-b34d4ea3-6de0-4ef7-83d1-0f0f1cf5bc30]: IDLE"}}
[debug] [2026-07-06T19:35:17.174Z] Finishing up request with event=finish {"metadata":{"emulator":{"name":"functions"},"function":{"name":"us-central1-analyze_draft"},"extension":{},"message":"Finishing up request with event=finish"}}
[debug] [2026-07-06T19:35:17.174Z] Finishing up request with event=close {"metadata":{"emulator":{"name":"functions"},"function":{"name":"us-central1-analyze_draft"},"extension":{},"message":"Finishing up request with event=close"}}
[debug] [2026-07-06T19:35:17.174Z] [work-queue] {"queuedWork":[],"queueLength":0,"runningWork":[],"workRunningCount":0}
[debug] [2026-07-06T19:35:21.609Z] [work-queue] {"queuedWork":["/demo-no-project/us-central1/get_user_leagues-2026-07-06T19:35:21.609Z"],"queueLength":1,"runningWork":[],"workRunningCount":0}
[debug] [2026-07-06T19:35:21.609Z] [work-queue] {"queuedWork":[],"queueLength":0,"runningWork":["/demo-no-project/us-central1/get_user_leagues-2026-07-06T19:35:21.609Z"],"workRunningCount":1}
[debug] [2026-07-06T19:35:21.609Z] Accepted request GET /demo-no-project/us-central1/get_user_leagues?username=p4t0b4ll3rs --> us-central1-get_user_leagues
[debug] [2026-07-06T19:35:21.610Z] [functions] Runtime ready! Sending request! {"metadata":{"emulator":{"name":"functions"},"message":"[functions] Runtime ready! Sending request!"}}
[debug] [2026-07-06T19:35:21.610Z] [functions] Got req.url=/demo-no-project/us-central1/get_user_leagues?username=p4t0b4ll3rs, mapping to path=/?username=p4t0b4ll3rs {"metadata":{"emulator":{"name":"functions"},"message":"[functions] Got req.url=/demo-no-project/us-central1/get_user_leagues?username=p4t0b4ll3rs, mapping to path=/?username=p4t0b4ll3rs"}}
[debug] [2026-07-06T19:35:21.622Z] Running command with virtualenv: command=., args=["\"/Users/patrickschmidt/github-projects/fantasy-sports-assistant/functions/venv/bin/activate\"","&&","functions-framework"]
[debug] [2026-07-06T19:35:21.624Z] [worker-pool] addWorker(us-central1-get_user_leagues) {"metadata":{"emulator":{"name":"functions"},"message":"[worker-pool] addWorker(us-central1-get_user_leagues)"}}
[debug] [2026-07-06T19:35:21.624Z] [worker-pool] Adding worker with key us-central1-get_user_leagues, total=1 {"metadata":{"emulator":{"name":"functions"},"message":"[worker-pool] Adding worker with key us-central1-get_user_leagues, total=1"}}
[debug] [2026-07-06T19:35:22.138Z] [worker-us-central1-get_user_leagues-1d0e0b5f-c373-4ed8-afdb-f654701fb76e]: IDLE {"metadata":{"emulator":{"name":"functions"},"function":{"name":"us-central1-get_user_leagues"},"extension":{},"message":"[worker-us-central1-get_user_leagues-1d0e0b5f-c373-4ed8-afdb-f654701fb76e]: IDLE"}}
[debug] [2026-07-06T19:35:22.138Z] [worker-pool] submitRequest(triggerId=us-central1-get_user_leagues) {"metadata":{"emulator":{"name":"functions"},"message":"[worker-pool] submitRequest(triggerId=us-central1-get_user_leagues)"}}
[info] i  functions: Beginning execution of "us-central1-get_user_leagues" {"metadata":{"emulator":{"name":"functions"},"function":{"name":"us-central1-get_user_leagues"},"extension":{},"message":"Beginning execution of \"us-central1-get_user_leagues\""}}
[debug] [2026-07-06T19:35:22.138Z] [worker-us-central1-get_user_leagues-1d0e0b5f-c373-4ed8-afdb-f654701fb76e]: BUSY {"metadata":{"emulator":{"name":"functions"},"function":{"name":"us-central1-get_user_leagues"},"extension":{},"message":"[worker-us-central1-get_user_leagues-1d0e0b5f-c373-4ed8-afdb-f654701fb76e]: BUSY"}}
[debug] [2026-07-06T19:35:22.555Z] Finishing up request with event=pause {"metadata":{"emulator":{"name":"functions"},"function":{"name":"us-central1-get_user_leagues"},"extension":{},"message":"Finishing up request with event=pause"}}
[info] i  functions: Finished "us-central1-get_user_leagues" in 417.175083ms {"metadata":{"emulator":{"name":"functions"},"function":{"name":"us-central1-get_user_leagues"},"extension":{},"message":"Finished \"us-central1-get_user_leagues\" in 417.175083ms"}}
[debug] [2026-07-06T19:35:22.556Z] [worker-us-central1-get_user_leagues-1d0e0b5f-c373-4ed8-afdb-f654701fb76e]: IDLE {"metadata":{"emulator":{"name":"functions"},"function":{"name":"us-central1-get_user_leagues"},"extension":{},"message":"[worker-us-central1-get_user_leagues-1d0e0b5f-c373-4ed8-afdb-f654701fb76e]: IDLE"}}
[debug] [2026-07-06T19:35:22.556Z] Finishing up request with event=finish {"metadata":{"emulator":{"name":"functions"},"function":{"name":"us-central1-get_user_leagues"},"extension":{},"message":"Finishing up request with event=finish"}}
[debug] [2026-07-06T19:35:22.556Z] Finishing up request with event=close {"metadata":{"emulator":{"name":"functions"},"function":{"name":"us-central1-get_user_leagues"},"extension":{},"message":"Finishing up request with event=close"}}
[debug] [2026-07-06T19:35:22.556Z] [work-queue] {"queuedWork":[],"queueLength":0,"runningWork":[],"workRunningCount":0}
[debug] [2026-07-06T19:35:22.558Z] [work-queue] {"queuedWork":["/demo-no-project/us-central1/get_user_drafts-2026-07-06T19:35:22.558Z"],"queueLength":1,"runningWork":[],"workRunningCount":0}
[debug] [2026-07-06T19:35:22.558Z] [work-queue] {"queuedWork":[],"queueLength":0,"runningWork":["/demo-no-project/us-central1/get_user_drafts-2026-07-06T19:35:22.558Z"],"workRunningCount":1}
[debug] [2026-07-06T19:35:22.558Z] Accepted request GET /demo-no-project/us-central1/get_user_drafts?username=p4t0b4ll3rs --> us-central1-get_user_drafts
[debug] [2026-07-06T19:35:22.558Z] [functions] Runtime ready! Sending request! {"metadata":{"emulator":{"name":"functions"},"message":"[functions] Runtime ready! Sending request!"}}
[debug] [2026-07-06T19:35:22.559Z] [functions] Got req.url=/demo-no-project/us-central1/get_user_drafts?username=p4t0b4ll3rs, mapping to path=/?username=p4t0b4ll3rs {"metadata":{"emulator":{"name":"functions"},"message":"[functions] Got req.url=/demo-no-project/us-central1/get_user_drafts?username=p4t0b4ll3rs, mapping to path=/?username=p4t0b4ll3rs"}}
[debug] [2026-07-06T19:35:22.559Z] Running command with virtualenv: command=., args=["\"/Users/patrickschmidt/github-projects/fantasy-sports-assistant/functions/venv/bin/activate\"","&&","functions-framework"]
[debug] [2026-07-06T19:35:22.560Z] [worker-pool] addWorker(us-central1-get_user_drafts) {"metadata":{"emulator":{"name":"functions"},"message":"[worker-pool] addWorker(us-central1-get_user_drafts)"}}
[debug] [2026-07-06T19:35:22.560Z] [worker-pool] Adding worker with key us-central1-get_user_drafts, total=1 {"metadata":{"emulator":{"name":"functions"},"message":"[worker-pool] Adding worker with key us-central1-get_user_drafts, total=1"}}
[debug] [2026-07-06T19:35:22.870Z] [worker-us-central1-get_user_drafts-0c2656ed-bfbc-4c78-95cd-e49bafa4c8c9]: IDLE {"metadata":{"emulator":{"name":"functions"},"function":{"name":"us-central1-get_user_drafts"},"extension":{},"message":"[worker-us-central1-get_user_drafts-0c2656ed-bfbc-4c78-95cd-e49bafa4c8c9]: IDLE"}}
[debug] [2026-07-06T19:35:22.870Z] [worker-pool] submitRequest(triggerId=us-central1-get_user_drafts) {"metadata":{"emulator":{"name":"functions"},"message":"[worker-pool] submitRequest(triggerId=us-central1-get_user_drafts)"}}
[info] i  functions: Beginning execution of "us-central1-get_user_drafts" {"metadata":{"emulator":{"name":"functions"},"function":{"name":"us-central1-get_user_drafts"},"extension":{},"message":"Beginning execution of \"us-central1-get_user_drafts\""}}
[debug] [2026-07-06T19:35:22.870Z] [worker-us-central1-get_user_drafts-0c2656ed-bfbc-4c78-95cd-e49bafa4c8c9]: BUSY {"metadata":{"emulator":{"name":"functions"},"function":{"name":"us-central1-get_user_drafts"},"extension":{},"message":"[worker-us-central1-get_user_drafts-0c2656ed-bfbc-4c78-95cd-e49bafa4c8c9]: BUSY"}}
[debug] [2026-07-06T19:35:23.248Z] Finishing up request with event=pause {"metadata":{"emulator":{"name":"functions"},"function":{"name":"us-central1-get_user_drafts"},"extension":{},"message":"Finishing up request with event=pause"}}
[info] i  functions: Finished "us-central1-get_user_drafts" in 377.522375ms {"metadata":{"emulator":{"name":"functions"},"function":{"name":"us-central1-get_user_drafts"},"extension":{},"message":"Finished \"us-central1-get_user_drafts\" in 377.522375ms"}}
[debug] [2026-07-06T19:35:23.248Z] [worker-us-central1-get_user_drafts-0c2656ed-bfbc-4c78-95cd-e49bafa4c8c9]: IDLE {"metadata":{"emulator":{"name":"functions"},"function":{"name":"us-central1-get_user_drafts"},"extension":{},"message":"[worker-us-central1-get_user_drafts-0c2656ed-bfbc-4c78-95cd-e49bafa4c8c9]: IDLE"}}
[debug] [2026-07-06T19:35:23.249Z] Finishing up request with event=finish {"metadata":{"emulator":{"name":"functions"},"function":{"name":"us-central1-get_user_drafts"},"extension":{},"message":"Finishing up request with event=finish"}}
[debug] [2026-07-06T19:35:23.249Z] Finishing up request with event=close {"metadata":{"emulator":{"name":"functions"},"function":{"name":"us-central1-get_user_drafts"},"extension":{},"message":"Finishing up request with event=close"}}
[debug] [2026-07-06T19:35:23.249Z] [work-queue] {"queuedWork":[],"queueLength":0,"runningWork":[],"workRunningCount":0}
[debug] [2026-07-06T19:35:35.963Z] [work-queue] {"queuedWork":["/demo-no-project/us-central1/analyze_waivers-2026-07-06T19:35:35.963Z"],"queueLength":1,"runningWork":[],"workRunningCount":0}
[debug] [2026-07-06T19:35:35.963Z] [work-queue] {"queuedWork":[],"queueLength":0,"runningWork":["/demo-no-project/us-central1/analyze_waivers-2026-07-06T19:35:35.963Z"],"workRunningCount":1}
[debug] [2026-07-06T19:35:35.963Z] Accepted request GET /demo-no-project/us-central1/analyze_waivers?username=p4t0b4ll3rs&league_id=1315762971145695232 --> us-central1-analyze_waivers
[debug] [2026-07-06T19:35:35.963Z] [functions] Runtime ready! Sending request! {"metadata":{"emulator":{"name":"functions"},"message":"[functions] Runtime ready! Sending request!"}}
[debug] [2026-07-06T19:35:35.963Z] [functions] Got req.url=/demo-no-project/us-central1/analyze_waivers?username=p4t0b4ll3rs&league_id=1315762971145695232, mapping to path=/?username=p4t0b4ll3rs&league_id=1315762971145695232 {"metadata":{"emulator":{"name":"functions"},"message":"[functions] Got req.url=/demo-no-project/us-central1/analyze_waivers?username=p4t0b4ll3rs&league_id=1315762971145695232, mapping to path=/?username=p4t0b4ll3rs&league_id=1315762971145695232"}}
[debug] [2026-07-06T19:35:35.965Z] Running command with virtualenv: command=., args=["\"/Users/patrickschmidt/github-projects/fantasy-sports-assistant/functions/venv/bin/activate\"","&&","functions-framework"]
[debug] [2026-07-06T19:35:35.966Z] [worker-pool] addWorker(us-central1-analyze_waivers) {"metadata":{"emulator":{"name":"functions"},"message":"[worker-pool] addWorker(us-central1-analyze_waivers)"}}
[debug] [2026-07-06T19:35:35.966Z] [worker-pool] Adding worker with key us-central1-analyze_waivers, total=1 {"metadata":{"emulator":{"name":"functions"},"message":"[worker-pool] Adding worker with key us-central1-analyze_waivers, total=1"}}
[debug] [2026-07-06T19:35:35.967Z] [work-queue] {"queuedWork":["/demo-no-project/us-central1/analyze_waivers-2026-07-06T19:35:35.967Z"],"queueLength":1,"runningWork":["/demo-no-project/us-central1/analyze_waivers-2026-07-06T19:35:35.963Z"],"workRunningCount":1}
[debug] [2026-07-06T19:35:35.967Z] [work-queue] {"queuedWork":[],"queueLength":0,"runningWork":["/demo-no-project/us-central1/analyze_waivers-2026-07-06T19:35:35.963Z","/demo-no-project/us-central1/analyze_waivers-2026-07-06T19:35:35.967Z"],"workRunningCount":2}
[debug] [2026-07-06T19:35:35.967Z] Accepted request GET /demo-no-project/us-central1/analyze_waivers?username=p4t0b4ll3rs&league_id=1315762971145695232 --> us-central1-analyze_waivers
[debug] [2026-07-06T19:35:35.967Z] [functions] Runtime ready! Sending request! {"metadata":{"emulator":{"name":"functions"},"message":"[functions] Runtime ready! Sending request!"}}
[debug] [2026-07-06T19:35:35.967Z] [functions] Got req.url=/demo-no-project/us-central1/analyze_waivers?username=p4t0b4ll3rs&league_id=1315762971145695232, mapping to path=/?username=p4t0b4ll3rs&league_id=1315762971145695232 {"metadata":{"emulator":{"name":"functions"},"message":"[functions] Got req.url=/demo-no-project/us-central1/analyze_waivers?username=p4t0b4ll3rs&league_id=1315762971145695232, mapping to path=/?username=p4t0b4ll3rs&league_id=1315762971145695232"}}
[debug] [2026-07-06T19:35:35.968Z] Running command with virtualenv: command=., args=["\"/Users/patrickschmidt/github-projects/fantasy-sports-assistant/functions/venv/bin/activate\"","&&","functions-framework"]
[debug] [2026-07-06T19:35:35.968Z] [worker-pool] addWorker(us-central1-analyze_waivers) {"metadata":{"emulator":{"name":"functions"},"message":"[worker-pool] addWorker(us-central1-analyze_waivers)"}}
[debug] [2026-07-06T19:35:35.968Z] [worker-pool] Adding worker with key us-central1-analyze_waivers, total=2 {"metadata":{"emulator":{"name":"functions"},"message":"[worker-pool] Adding worker with key us-central1-analyze_waivers, total=2"}}
[debug] [2026-07-06T19:35:36.273Z] [worker-us-central1-analyze_waivers-67dc048e-0a0e-41e3-8870-69b046acd003]: IDLE {"metadata":{"emulator":{"name":"functions"},"function":{"name":"us-central1-analyze_waivers"},"extension":{},"message":"[worker-us-central1-analyze_waivers-67dc048e-0a0e-41e3-8870-69b046acd003]: IDLE"}}
[debug] [2026-07-06T19:35:36.273Z] [worker-pool] submitRequest(triggerId=us-central1-analyze_waivers) {"metadata":{"emulator":{"name":"functions"},"message":"[worker-pool] submitRequest(triggerId=us-central1-analyze_waivers)"}}
[info] i  functions: Beginning execution of "us-central1-analyze_waivers" {"metadata":{"emulator":{"name":"functions"},"function":{"name":"us-central1-analyze_waivers"},"extension":{},"message":"Beginning execution of \"us-central1-analyze_waivers\""}}
[debug] [2026-07-06T19:35:36.273Z] [worker-us-central1-analyze_waivers-67dc048e-0a0e-41e3-8870-69b046acd003]: BUSY {"metadata":{"emulator":{"name":"functions"},"function":{"name":"us-central1-analyze_waivers"},"extension":{},"message":"[worker-us-central1-analyze_waivers-67dc048e-0a0e-41e3-8870-69b046acd003]: BUSY"}}
[debug] [2026-07-06T19:35:36.273Z] [worker-us-central1-analyze_waivers-b74e6c08-2db2-4e95-a85b-c3b5f1cb92d0]: IDLE {"metadata":{"emulator":{"name":"functions"},"function":{"name":"us-central1-analyze_waivers"},"extension":{},"message":"[worker-us-central1-analyze_waivers-b74e6c08-2db2-4e95-a85b-c3b5f1cb92d0]: IDLE"}}
[debug] [2026-07-06T19:35:36.273Z] [worker-pool] submitRequest(triggerId=us-central1-analyze_waivers) {"metadata":{"emulator":{"name":"functions"},"message":"[worker-pool] submitRequest(triggerId=us-central1-analyze_waivers)"}}
[info] i  functions: Beginning execution of "us-central1-analyze_waivers" {"metadata":{"emulator":{"name":"functions"},"function":{"name":"us-central1-analyze_waivers"},"extension":{},"message":"Beginning execution of \"us-central1-analyze_waivers\""}}
[debug] [2026-07-06T19:35:36.273Z] [worker-us-central1-analyze_waivers-b74e6c08-2db2-4e95-a85b-c3b5f1cb92d0]: BUSY {"metadata":{"emulator":{"name":"functions"},"function":{"name":"us-central1-analyze_waivers"},"extension":{},"message":"[worker-us-central1-analyze_waivers-b74e6c08-2db2-4e95-a85b-c3b5f1cb92d0]: BUSY"}}
[debug] [2026-07-06T19:35:36.779Z] Finishing up request with event=pause {"metadata":{"emulator":{"name":"functions"},"function":{"name":"us-central1-analyze_waivers"},"extension":{},"message":"Finishing up request with event=pause"}}
[info] i  functions: Finished "us-central1-analyze_waivers" in 506.47575ms {"metadata":{"emulator":{"name":"functions"},"function":{"name":"us-central1-analyze_waivers"},"extension":{},"message":"Finished \"us-central1-analyze_waivers\" in 506.47575ms"}}
[debug] [2026-07-06T19:35:36.779Z] [worker-us-central1-analyze_waivers-67dc048e-0a0e-41e3-8870-69b046acd003]: IDLE {"metadata":{"emulator":{"name":"functions"},"function":{"name":"us-central1-analyze_waivers"},"extension":{},"message":"[worker-us-central1-analyze_waivers-67dc048e-0a0e-41e3-8870-69b046acd003]: IDLE"}}
[debug] [2026-07-06T19:35:36.780Z] Finishing up request with event=finish {"metadata":{"emulator":{"name":"functions"},"function":{"name":"us-central1-analyze_waivers"},"extension":{},"message":"Finishing up request with event=finish"}}
[debug] [2026-07-06T19:35:36.780Z] Finishing up request with event=close {"metadata":{"emulator":{"name":"functions"},"function":{"name":"us-central1-analyze_waivers"},"extension":{},"message":"Finishing up request with event=close"}}
[debug] [2026-07-06T19:35:36.780Z] [work-queue] {"queuedWork":[],"queueLength":0,"runningWork":["/demo-no-project/us-central1/analyze_waivers-2026-07-06T19:35:35.967Z"],"workRunningCount":1}
[debug] [2026-07-06T19:35:36.793Z] Finishing up request with event=pause {"metadata":{"emulator":{"name":"functions"},"function":{"name":"us-central1-analyze_waivers"},"extension":{},"message":"Finishing up request with event=pause"}}
[info] i  functions: Finished "us-central1-analyze_waivers" in 519.646833ms {"metadata":{"emulator":{"name":"functions"},"function":{"name":"us-central1-analyze_waivers"},"extension":{},"message":"Finished \"us-central1-analyze_waivers\" in 519.646833ms"}}
[debug] [2026-07-06T19:35:36.793Z] [worker-us-central1-analyze_waivers-b74e6c08-2db2-4e95-a85b-c3b5f1cb92d0]: IDLE {"metadata":{"emulator":{"name":"functions"},"function":{"name":"us-central1-analyze_waivers"},"extension":{},"message":"[worker-us-central1-analyze_waivers-b74e6c08-2db2-4e95-a85b-c3b5f1cb92d0]: IDLE"}}
[debug] [2026-07-06T19:35:36.793Z] Finishing up request with event=finish {"metadata":{"emulator":{"name":"functions"},"function":{"name":"us-central1-analyze_waivers"},"extension":{},"message":"Finishing up request with event=finish"}}
[debug] [2026-07-06T19:35:36.793Z] Finishing up request with event=close {"metadata":{"emulator":{"name":"functions"},"function":{"name":"us-central1-analyze_waivers"},"extension":{},"message":"Finishing up request with event=close"}}
[debug] [2026-07-06T19:35:36.793Z] [work-queue] {"queuedWork":[],"queueLength":0,"runningWork":[],"workRunningCount":0}
[debug] [2026-07-06T19:36:13.004Z] [work-queue] {"queuedWork":["/demo-no-project/us-central1/get_user_leagues-2026-07-06T19:36:13.004Z"],"queueLength":1,"runningWork":[],"workRunningCount":0}
[debug] [2026-07-06T19:36:13.005Z] [work-queue] {"queuedWork":[],"queueLength":0,"runningWork":["/demo-no-project/us-central1/get_user_leagues-2026-07-06T19:36:13.004Z"],"workRunningCount":1}
[debug] [2026-07-06T19:36:13.005Z] Accepted request GET /demo-no-project/us-central1/get_user_leagues?username=p4t0b4ll3rs --> us-central1-get_user_leagues
[debug] [2026-07-06T19:36:13.006Z] [functions] Runtime ready! Sending request! {"metadata":{"emulator":{"name":"functions"},"message":"[functions] Runtime ready! Sending request!"}}
[debug] [2026-07-06T19:36:13.006Z] [functions] Got req.url=/demo-no-project/us-central1/get_user_leagues?username=p4t0b4ll3rs, mapping to path=/?username=p4t0b4ll3rs {"metadata":{"emulator":{"name":"functions"},"message":"[functions] Got req.url=/demo-no-project/us-central1/get_user_leagues?username=p4t0b4ll3rs, mapping to path=/?username=p4t0b4ll3rs"}}
[debug] [2026-07-06T19:36:13.006Z] [worker-pool] submitRequest(triggerId=us-central1-get_user_leagues) {"metadata":{"emulator":{"name":"functions"},"message":"[worker-pool] submitRequest(triggerId=us-central1-get_user_leagues)"}}
[info] i  functions: Beginning execution of "us-central1-get_user_leagues" {"metadata":{"emulator":{"name":"functions"},"function":{"name":"us-central1-get_user_leagues"},"extension":{},"message":"Beginning execution of \"us-central1-get_user_leagues\""}}
[debug] [2026-07-06T19:36:13.006Z] [worker-us-central1-get_user_leagues-1d0e0b5f-c373-4ed8-afdb-f654701fb76e]: BUSY {"metadata":{"emulator":{"name":"functions"},"function":{"name":"us-central1-get_user_leagues"},"extension":{},"message":"[worker-us-central1-get_user_leagues-1d0e0b5f-c373-4ed8-afdb-f654701fb76e]: BUSY"}}
[debug] [2026-07-06T19:36:13.237Z] Finishing up request with event=pause {"metadata":{"emulator":{"name":"functions"},"function":{"name":"us-central1-get_user_leagues"},"extension":{},"message":"Finishing up request with event=pause"}}
[info] i  functions: Finished "us-central1-get_user_leagues" in 230.93075ms {"metadata":{"emulator":{"name":"functions"},"function":{"name":"us-central1-get_user_leagues"},"extension":{},"message":"Finished \"us-central1-get_user_leagues\" in 230.93075ms"}}
[debug] [2026-07-06T19:36:13.238Z] [worker-us-central1-get_user_leagues-1d0e0b5f-c373-4ed8-afdb-f654701fb76e]: IDLE {"metadata":{"emulator":{"name":"functions"},"function":{"name":"us-central1-get_user_leagues"},"extension":{},"message":"[worker-us-central1-get_user_leagues-1d0e0b5f-c373-4ed8-afdb-f654701fb76e]: IDLE"}}
[debug] [2026-07-06T19:36:13.238Z] Finishing up request with event=finish {"metadata":{"emulator":{"name":"functions"},"function":{"name":"us-central1-get_user_leagues"},"extension":{},"message":"Finishing up request with event=finish"}}
[debug] [2026-07-06T19:36:13.238Z] Finishing up request with event=close {"metadata":{"emulator":{"name":"functions"},"function":{"name":"us-central1-get_user_leagues"},"extension":{},"message":"Finishing up request with event=close"}}
[debug] [2026-07-06T19:36:13.238Z] [work-queue] {"queuedWork":[],"queueLength":0,"runningWork":[],"workRunningCount":0}
[debug] [2026-07-06T19:36:13.240Z] [work-queue] {"queuedWork":["/demo-no-project/us-central1/get_user_drafts-2026-07-06T19:36:13.240Z"],"queueLength":1,"runningWork":[],"workRunningCount":0}
[debug] [2026-07-06T19:36:13.240Z] [work-queue] {"queuedWork":[],"queueLength":0,"runningWork":["/demo-no-project/us-central1/get_user_drafts-2026-07-06T19:36:13.240Z"],"workRunningCount":1}
[debug] [2026-07-06T19:36:13.240Z] Accepted request GET /demo-no-project/us-central1/get_user_drafts?username=p4t0b4ll3rs --> us-central1-get_user_drafts
[debug] [2026-07-06T19:36:13.241Z] [functions] Runtime ready! Sending request! {"metadata":{"emulator":{"name":"functions"},"message":"[functions] Runtime ready! Sending request!"}}
[debug] [2026-07-06T19:36:13.241Z] [functions] Got req.url=/demo-no-project/us-central1/get_user_drafts?username=p4t0b4ll3rs, mapping to path=/?username=p4t0b4ll3rs {"metadata":{"emulator":{"name":"functions"},"message":"[functions] Got req.url=/demo-no-project/us-central1/get_user_drafts?username=p4t0b4ll3rs, mapping to path=/?username=p4t0b4ll3rs"}}
[debug] [2026-07-06T19:36:13.241Z] [worker-pool] submitRequest(triggerId=us-central1-get_user_drafts) {"metadata":{"emulator":{"name":"functions"},"message":"[worker-pool] submitRequest(triggerId=us-central1-get_user_drafts)"}}
[info] i  functions: Beginning execution of "us-central1-get_user_drafts" {"metadata":{"emulator":{"name":"functions"},"function":{"name":"us-central1-get_user_drafts"},"extension":{},"message":"Beginning execution of \"us-central1-get_user_drafts\""}}
[debug] [2026-07-06T19:36:13.241Z] [worker-us-central1-get_user_drafts-0c2656ed-bfbc-4c78-95cd-e49bafa4c8c9]: BUSY {"metadata":{"emulator":{"name":"functions"},"function":{"name":"us-central1-get_user_drafts"},"extension":{},"message":"[worker-us-central1-get_user_drafts-0c2656ed-bfbc-4c78-95cd-e49bafa4c8c9]: BUSY"}}
[debug] [2026-07-06T19:36:13.446Z] Finishing up request with event=pause {"metadata":{"emulator":{"name":"functions"},"function":{"name":"us-central1-get_user_drafts"},"extension":{},"message":"Finishing up request with event=pause"}}
[info] i  functions: Finished "us-central1-get_user_drafts" in 205.21575ms {"metadata":{"emulator":{"name":"functions"},"function":{"name":"us-central1-get_user_drafts"},"extension":{},"message":"Finished \"us-central1-get_user_drafts\" in 205.21575ms"}}
[debug] [2026-07-06T19:36:13.447Z] [worker-us-central1-get_user_drafts-0c2656ed-bfbc-4c78-95cd-e49bafa4c8c9]: IDLE {"metadata":{"emulator":{"name":"functions"},"function":{"name":"us-central1-get_user_drafts"},"extension":{},"message":"[worker-us-central1-get_user_drafts-0c2656ed-bfbc-4c78-95cd-e49bafa4c8c9]: IDLE"}}
[debug] [2026-07-06T19:36:13.447Z] Finishing up request with event=finish {"metadata":{"emulator":{"name":"functions"},"function":{"name":"us-central1-get_user_drafts"},"extension":{},"message":"Finishing up request with event=finish"}}
[debug] [2026-07-06T19:36:13.447Z] Finishing up request with event=close {"metadata":{"emulator":{"name":"functions"},"function":{"name":"us-central1-get_user_drafts"},"extension":{},"message":"Finishing up request with event=close"}}
[debug] [2026-07-06T19:36:13.448Z] [work-queue] {"queuedWork":[],"queueLength":0,"runningWork":[],"workRunningCount":0}
[debug] [2026-07-10T16:34:05.715Z] [work-queue] {"queuedWork":["/demo-no-project/us-central1/get_user_leagues-2026-07-10T16:34:05.713Z"],"queueLength":1,"runningWork":[],"workRunningCount":0}
[debug] [2026-07-10T16:34:05.716Z] [work-queue] {"queuedWork":[],"queueLength":0,"runningWork":["/demo-no-project/us-central1/get_user_leagues-2026-07-10T16:34:05.713Z"],"workRunningCount":1}
[debug] [2026-07-10T16:34:05.716Z] Accepted request GET /demo-no-project/us-central1/get_user_leagues?username=p4t0b4ll3rs --> us-central1-get_user_leagues
[debug] [2026-07-10T16:34:05.717Z] [functions] Runtime ready! Sending request! {"metadata":{"emulator":{"name":"functions"},"message":"[functions] Runtime ready! Sending request!"}}
[debug] [2026-07-10T16:34:05.718Z] [functions] Got req.url=/demo-no-project/us-central1/get_user_leagues?username=p4t0b4ll3rs, mapping to path=/?username=p4t0b4ll3rs {"metadata":{"emulator":{"name":"functions"},"message":"[functions] Got req.url=/demo-no-project/us-central1/get_user_leagues?username=p4t0b4ll3rs, mapping to path=/?username=p4t0b4ll3rs"}}
[debug] [2026-07-10T16:34:05.718Z] [worker-pool] submitRequest(triggerId=us-central1-get_user_leagues) {"metadata":{"emulator":{"name":"functions"},"message":"[worker-pool] submitRequest(triggerId=us-central1-get_user_leagues)"}}
[info] i  functions: Beginning execution of "us-central1-get_user_leagues" {"metadata":{"emulator":{"name":"functions"},"function":{"name":"us-central1-get_user_leagues"},"extension":{},"message":"Beginning execution of \"us-central1-get_user_leagues\""}}
[debug] [2026-07-10T16:34:05.720Z] [worker-us-central1-get_user_leagues-1d0e0b5f-c373-4ed8-afdb-f654701fb76e]: BUSY {"metadata":{"emulator":{"name":"functions"},"function":{"name":"us-central1-get_user_leagues"},"extension":{},"message":"[worker-us-central1-get_user_leagues-1d0e0b5f-c373-4ed8-afdb-f654701fb76e]: BUSY"}}
[debug] [2026-07-10T16:34:06.251Z] Finishing up request with event=pause {"metadata":{"emulator":{"name":"functions"},"function":{"name":"us-central1-get_user_leagues"},"extension":{},"message":"Finishing up request with event=pause"}}
[info] i  functions: Finished "us-central1-get_user_leagues" in 530.798416ms {"metadata":{"emulator":{"name":"functions"},"function":{"name":"us-central1-get_user_leagues"},"extension":{},"message":"Finished \"us-central1-get_user_leagues\" in 530.798416ms"}}
[debug] [2026-07-10T16:34:06.251Z] [worker-us-central1-get_user_leagues-1d0e0b5f-c373-4ed8-afdb-f654701fb76e]: IDLE {"metadata":{"emulator":{"name":"functions"},"function":{"name":"us-central1-get_user_leagues"},"extension":{},"message":"[worker-us-central1-get_user_leagues-1d0e0b5f-c373-4ed8-afdb-f654701fb76e]: IDLE"}}
[debug] [2026-07-10T16:34:06.251Z] Finishing up request with event=finish {"metadata":{"emulator":{"name":"functions"},"function":{"name":"us-central1-get_user_leagues"},"extension":{},"message":"Finishing up request with event=finish"}}
[debug] [2026-07-10T16:34:06.251Z] Finishing up request with event=close {"metadata":{"emulator":{"name":"functions"},"function":{"name":"us-central1-get_user_leagues"},"extension":{},"message":"Finishing up request with event=close"}}
[debug] [2026-07-10T16:34:06.251Z] [work-queue] {"queuedWork":[],"queueLength":0,"runningWork":[],"workRunningCount":0}
[debug] [2026-07-10T16:34:06.255Z] [work-queue] {"queuedWork":["/demo-no-project/us-central1/get_user_drafts-2026-07-10T16:34:06.255Z"],"queueLength":1,"runningWork":[],"workRunningCount":0}
[debug] [2026-07-10T16:34:06.255Z] [work-queue] {"queuedWork":[],"queueLength":0,"runningWork":["/demo-no-project/us-central1/get_user_drafts-2026-07-10T16:34:06.255Z"],"workRunningCount":1}
[debug] [2026-07-10T16:34:06.255Z] Accepted request GET /demo-no-project/us-central1/get_user_drafts?username=p4t0b4ll3rs --> us-central1-get_user_drafts
[debug] [2026-07-10T16:34:06.256Z] [functions] Runtime ready! Sending request! {"metadata":{"emulator":{"name":"functions"},"message":"[functions] Runtime ready! Sending request!"}}
[debug] [2026-07-10T16:34:06.256Z] [functions] Got req.url=/demo-no-project/us-central1/get_user_drafts?username=p4t0b4ll3rs, mapping to path=/?username=p4t0b4ll3rs {"metadata":{"emulator":{"name":"functions"},"message":"[functions] Got req.url=/demo-no-project/us-central1/get_user_drafts?username=p4t0b4ll3rs, mapping to path=/?username=p4t0b4ll3rs"}}
[debug] [2026-07-10T16:34:06.256Z] [worker-pool] submitRequest(triggerId=us-central1-get_user_drafts) {"metadata":{"emulator":{"name":"functions"},"message":"[worker-pool] submitRequest(triggerId=us-central1-get_user_drafts)"}}
[info] i  functions: Beginning execution of "us-central1-get_user_drafts" {"metadata":{"emulator":{"name":"functions"},"function":{"name":"us-central1-get_user_drafts"},"extension":{},"message":"Beginning execution of \"us-central1-get_user_drafts\""}}
[debug] [2026-07-10T16:34:06.256Z] [worker-us-central1-get_user_drafts-0c2656ed-bfbc-4c78-95cd-e49bafa4c8c9]: BUSY {"metadata":{"emulator":{"name":"functions"},"function":{"name":"us-central1-get_user_drafts"},"extension":{},"message":"[worker-us-central1-get_user_drafts-0c2656ed-bfbc-4c78-95cd-e49bafa4c8c9]: BUSY"}}
[debug] [2026-07-10T16:34:06.633Z] Finishing up request with event=pause {"metadata":{"emulator":{"name":"functions"},"function":{"name":"us-central1-get_user_drafts"},"extension":{},"message":"Finishing up request with event=pause"}}
[info] i  functions: Finished "us-central1-get_user_drafts" in 377.054125ms {"metadata":{"emulator":{"name":"functions"},"function":{"name":"us-central1-get_user_drafts"},"extension":{},"message":"Finished \"us-central1-get_user_drafts\" in 377.054125ms"}}
[debug] [2026-07-10T16:34:06.633Z] [worker-us-central1-get_user_drafts-0c2656ed-bfbc-4c78-95cd-e49bafa4c8c9]: IDLE {"metadata":{"emulator":{"name":"functions"},"function":{"name":"us-central1-get_user_drafts"},"extension":{},"message":"[worker-us-central1-get_user_drafts-0c2656ed-bfbc-4c78-95cd-e49bafa4c8c9]: IDLE"}}
[debug] [2026-07-10T16:34:06.633Z] Finishing up request with event=finish {"metadata":{"emulator":{"name":"functions"},"function":{"name":"us-central1-get_user_drafts"},"extension":{},"message":"Finishing up request with event=finish"}}
[debug] [2026-07-10T16:34:06.633Z] Finishing up request with event=close {"metadata":{"emulator":{"name":"functions"},"function":{"name":"us-central1-get_user_drafts"},"extension":{},"message":"Finishing up request with event=close"}}
[debug] [2026-07-10T16:34:06.633Z] [work-queue] {"queuedWork":[],"queueLength":0,"runningWork":[],"workRunningCount":0}
[debug] [2026-07-10T16:34:29.879Z] [work-queue] {"queuedWork":["/demo-no-project/us-central1/get_user_leagues-2026-07-10T16:34:29.879Z"],"queueLength":1,"runningWork":[],"workRunningCount":0}
[debug] [2026-07-10T16:34:29.879Z] [work-queue] {"queuedWork":[],"queueLength":0,"runningWork":["/demo-no-project/us-central1/get_user_leagues-2026-07-10T16:34:29.879Z"],"workRunningCount":1}
[debug] [2026-07-10T16:34:29.879Z] Accepted request GET /demo-no-project/us-central1/get_user_leagues?username=p4t0b4ll3rs --> us-central1-get_user_leagues
[debug] [2026-07-10T16:34:29.879Z] [functions] Runtime ready! Sending request! {"metadata":{"emulator":{"name":"functions"},"message":"[functions] Runtime ready! Sending request!"}}
[debug] [2026-07-10T16:34:29.879Z] [functions] Got req.url=/demo-no-project/us-central1/get_user_leagues?username=p4t0b4ll3rs, mapping to path=/?username=p4t0b4ll3rs {"metadata":{"emulator":{"name":"functions"},"message":"[functions] Got req.url=/demo-no-project/us-central1/get_user_leagues?username=p4t0b4ll3rs, mapping to path=/?username=p4t0b4ll3rs"}}
[debug] [2026-07-10T16:34:29.884Z] [worker-pool] submitRequest(triggerId=us-central1-get_user_leagues) {"metadata":{"emulator":{"name":"functions"},"message":"[worker-pool] submitRequest(triggerId=us-central1-get_user_leagues)"}}
[info] i  functions: Beginning execution of "us-central1-get_user_leagues" {"metadata":{"emulator":{"name":"functions"},"function":{"name":"us-central1-get_user_leagues"},"extension":{},"message":"Beginning execution of \"us-central1-get_user_leagues\""}}
[debug] [2026-07-10T16:34:29.884Z] [worker-us-central1-get_user_leagues-1d0e0b5f-c373-4ed8-afdb-f654701fb76e]: BUSY {"metadata":{"emulator":{"name":"functions"},"function":{"name":"us-central1-get_user_leagues"},"extension":{},"message":"[worker-us-central1-get_user_leagues-1d0e0b5f-c373-4ed8-afdb-f654701fb76e]: BUSY"}}
[debug] [2026-07-10T16:34:30.080Z] Finishing up request with event=pause {"metadata":{"emulator":{"name":"functions"},"function":{"name":"us-central1-get_user_leagues"},"extension":{},"message":"Finishing up request with event=pause"}}
[info] i  functions: Finished "us-central1-get_user_leagues" in 196.577583ms {"metadata":{"emulator":{"name":"functions"},"function":{"name":"us-central1-get_user_leagues"},"extension":{},"message":"Finished \"us-central1-get_user_leagues\" in 196.577583ms"}}
[debug] [2026-07-10T16:34:30.081Z] [worker-us-central1-get_user_leagues-1d0e0b5f-c373-4ed8-afdb-f654701fb76e]: IDLE {"metadata":{"emulator":{"name":"functions"},"function":{"name":"us-central1-get_user_leagues"},"extension":{},"message":"[worker-us-central1-get_user_leagues-1d0e0b5f-c373-4ed8-afdb-f654701fb76e]: IDLE"}}
[debug] [2026-07-10T16:34:30.082Z] Finishing up request with event=finish {"metadata":{"emulator":{"name":"functions"},"function":{"name":"us-central1-get_user_leagues"},"extension":{},"message":"Finishing up request with event=finish"}}
[debug] [2026-07-10T16:34:30.082Z] Finishing up request with event=close {"metadata":{"emulator":{"name":"functions"},"function":{"name":"us-central1-get_user_leagues"},"extension":{},"message":"Finishing up request with event=close"}}
[debug] [2026-07-10T16:34:30.082Z] [work-queue] {"queuedWork":[],"queueLength":0,"runningWork":[],"workRunningCount":0}
[debug] [2026-07-10T16:34:30.088Z] [work-queue] {"queuedWork":["/demo-no-project/us-central1/get_user_drafts-2026-07-10T16:34:30.088Z"],"queueLength":1,"runningWork":[],"workRunningCount":0}
[debug] [2026-07-10T16:34:30.088Z] [work-queue] {"queuedWork":[],"queueLength":0,"runningWork":["/demo-no-project/us-central1/get_user_drafts-2026-07-10T16:34:30.088Z"],"workRunningCount":1}
[debug] [2026-07-10T16:34:30.088Z] Accepted request GET /demo-no-project/us-central1/get_user_drafts?username=p4t0b4ll3rs --> us-central1-get_user_drafts
[debug] [2026-07-10T16:34:30.088Z] [functions] Runtime ready! Sending request! {"metadata":{"emulator":{"name":"functions"},"message":"[functions] Runtime ready! Sending request!"}}
[debug] [2026-07-10T16:34:30.088Z] [functions] Got req.url=/demo-no-project/us-central1/get_user_drafts?username=p4t0b4ll3rs, mapping to path=/?username=p4t0b4ll3rs {"metadata":{"emulator":{"name":"functions"},"message":"[functions] Got req.url=/demo-no-project/us-central1/get_user_drafts?username=p4t0b4ll3rs, mapping to path=/?username=p4t0b4ll3rs"}}
[debug] [2026-07-10T16:34:30.088Z] [worker-pool] submitRequest(triggerId=us-central1-get_user_drafts) {"metadata":{"emulator":{"name":"functions"},"message":"[worker-pool] submitRequest(triggerId=us-central1-get_user_drafts)"}}
[info] i  functions: Beginning execution of "us-central1-get_user_drafts" {"metadata":{"emulator":{"name":"functions"},"function":{"name":"us-central1-get_user_drafts"},"extension":{},"message":"Beginning execution of \"us-central1-get_user_drafts\""}}
[debug] [2026-07-10T16:34:30.089Z] [worker-us-central1-get_user_drafts-0c2656ed-bfbc-4c78-95cd-e49bafa4c8c9]: BUSY {"metadata":{"emulator":{"name":"functions"},"function":{"name":"us-central1-get_user_drafts"},"extension":{},"message":"[worker-us-central1-get_user_drafts-0c2656ed-bfbc-4c78-95cd-e49bafa4c8c9]: BUSY"}}
[debug] [2026-07-10T16:34:30.254Z] Finishing up request with event=pause {"metadata":{"emulator":{"name":"functions"},"function":{"name":"us-central1-get_user_drafts"},"extension":{},"message":"Finishing up request with event=pause"}}
[info] i  functions: Finished "us-central1-get_user_drafts" in 165.91175ms {"metadata":{"emulator":{"name":"functions"},"function":{"name":"us-central1-get_user_drafts"},"extension":{},"message":"Finished \"us-central1-get_user_drafts\" in 165.91175ms"}}
[debug] [2026-07-10T16:34:30.255Z] [worker-us-central1-get_user_drafts-0c2656ed-bfbc-4c78-95cd-e49bafa4c8c9]: IDLE {"metadata":{"emulator":{"name":"functions"},"function":{"name":"us-central1-get_user_drafts"},"extension":{},"message":"[worker-us-central1-get_user_drafts-0c2656ed-bfbc-4c78-95cd-e49bafa4c8c9]: IDLE"}}
[debug] [2026-07-10T16:34:30.255Z] Finishing up request with event=finish {"metadata":{"emulator":{"name":"functions"},"function":{"name":"us-central1-get_user_drafts"},"extension":{},"message":"Finishing up request with event=finish"}}
[debug] [2026-07-10T16:34:30.255Z] Finishing up request with event=close {"metadata":{"emulator":{"name":"functions"},"function":{"name":"us-central1-get_user_drafts"},"extension":{},"message":"Finishing up request with event=close"}}
[debug] [2026-07-10T16:34:30.255Z] [work-queue] {"queuedWork":[],"queueLength":0,"runningWork":[],"workRunningCount":0}
[debug] [2026-07-10T16:34:40.104Z] [work-queue] {"queuedWork":["/demo-no-project/us-central1/update_data-2026-07-10T16:34:40.104Z"],"queueLength":1,"runningWork":[],"workRunningCount":0}
[debug] [2026-07-10T16:34:40.104Z] [work-queue] {"queuedWork":[],"queueLength":0,"runningWork":["/demo-no-project/us-central1/update_data-2026-07-10T16:34:40.104Z"],"workRunningCount":1}
[debug] [2026-07-10T16:34:40.104Z] Accepted request POST /demo-no-project/us-central1/update_data --> us-central1-update_data
[debug] [2026-07-10T16:34:40.105Z] [functions] Runtime ready! Sending request! {"metadata":{"emulator":{"name":"functions"},"message":"[functions] Runtime ready! Sending request!"}}
[debug] [2026-07-10T16:34:40.106Z] [functions] Got req.url=/demo-no-project/us-central1/update_data, mapping to path=/ {"metadata":{"emulator":{"name":"functions"},"message":"[functions] Got req.url=/demo-no-project/us-central1/update_data, mapping to path=/"}}
[debug] [2026-07-10T16:34:40.109Z] Running command with virtualenv: command=., args=["\"/Users/patrickschmidt/github-projects/fantasy-sports-assistant/functions/venv/bin/activate\"","&&","functions-framework"]
[debug] [2026-07-10T16:34:40.112Z] [worker-pool] addWorker(us-central1-update_data) {"metadata":{"emulator":{"name":"functions"},"message":"[worker-pool] addWorker(us-central1-update_data)"}}
[debug] [2026-07-10T16:34:40.112Z] [worker-pool] Adding worker with key us-central1-update_data, total=1 {"metadata":{"emulator":{"name":"functions"},"message":"[worker-pool] Adding worker with key us-central1-update_data, total=1"}}
[info] >  Fetching latest players data... {"user":"Fetching latest players data...","metadata":{"emulator":{"name":"functions"},"function":{"name":"us-central1-update_data"},"extension":{},"message":">  Fetching latest players data..."}}
[debug] [2026-07-10T16:34:41.856Z] File /Users/patrickschmidt/github-projects/fantasy-sports-assistant/functions/data/players.json changed, reloading triggers {"metadata":{"emulator":{"name":"functions"},"message":"File /Users/patrickschmidt/github-projects/fantasy-sports-assistant/functions/data/players.json changed, reloading triggers"}}
[info] >  Fetching stats for 2023... {"user":"Fetching stats for 2023...","metadata":{"emulator":{"name":"functions"},"function":{"name":"us-central1-update_data"},"extension":{},"message":">  Fetching stats for 2023..."}}
[debug] [2026-07-10T16:34:41.990Z] File /Users/patrickschmidt/github-projects/fantasy-sports-assistant/functions/data/players.json changed, reloading triggers {"metadata":{"emulator":{"name":"functions"},"message":"File /Users/patrickschmidt/github-projects/fantasy-sports-assistant/functions/data/players.json changed, reloading triggers"}}
[debug] [2026-07-10T16:34:42.379Z] File /Users/patrickschmidt/github-projects/fantasy-sports-assistant/functions/data/stats_2023.json changed, reloading triggers {"metadata":{"emulator":{"name":"functions"},"message":"File /Users/patrickschmidt/github-projects/fantasy-sports-assistant/functions/data/stats_2023.json changed, reloading triggers"}}
[info] >  Fetching stats for 2024... {"user":"Fetching stats for 2024...","metadata":{"emulator":{"name":"functions"},"function":{"name":"us-central1-update_data"},"extension":{},"message":">  Fetching stats for 2024..."}}
[debug] [2026-07-10T16:34:42.480Z] File /Users/patrickschmidt/github-projects/fantasy-sports-assistant/functions/data/stats_2023.json changed, reloading triggers {"metadata":{"emulator":{"name":"functions"},"message":"File /Users/patrickschmidt/github-projects/fantasy-sports-assistant/functions/data/stats_2023.json changed, reloading triggers"}}
[info] >  Fetching stats for 2025... {"user":"Fetching stats for 2025...","metadata":{"emulator":{"name":"functions"},"function":{"name":"us-central1-update_data"},"extension":{},"message":">  Fetching stats for 2025..."}}
[debug] [2026-07-10T16:34:42.951Z] File /Users/patrickschmidt/github-projects/fantasy-sports-assistant/functions/data/stats_2024.json changed, reloading triggers {"metadata":{"emulator":{"name":"functions"},"message":"File /Users/patrickschmidt/github-projects/fantasy-sports-assistant/functions/data/stats_2024.json changed, reloading triggers"}}
[info] >  Fetching College Stats for rookies via ESPN... {"user":"Fetching College Stats for rookies via ESPN...","metadata":{"emulator":{"name":"functions"},"function":{"name":"us-central1-update_data"},"extension":{},"message":">  Fetching College Stats for rookies via ESPN..."}}
[info] >  Fetching college stats for Genesis Smith (1/50)... {"user":"Fetching college stats for Genesis Smith (1/50)...","metadata":{"emulator":{"name":"functions"},"function":{"name":"us-central1-update_data"},"extension":{},"message":">  Fetching college stats for Genesis Smith (1/50)..."}}
[debug] [2026-07-10T16:34:43.263Z] File /Users/patrickschmidt/github-projects/fantasy-sports-assistant/functions/data/stats_2025.json changed, reloading triggers {"metadata":{"emulator":{"name":"functions"},"message":"File /Users/patrickschmidt/github-projects/fantasy-sports-assistant/functions/data/stats_2025.json changed, reloading triggers"}}
[debug] [2026-07-10T16:34:44.267Z] Customer code is not Node
[debug] [2026-07-10T16:34:44.268Z] Validating python source
[debug] [2026-07-10T16:34:44.268Z] Building python source
[debug] [2026-07-10T16:34:44.268Z] Could not find functions.yaml. Must use http discovery
[debug] [2026-07-10T16:34:44.270Z] Running command with virtualenv: command=., args=["\"/Users/patrickschmidt/github-projects/fantasy-sports-assistant/functions/venv/bin/activate\"","&&","python3.14","-c","\"import firebase_functions; import os; print(os.path.dirname(firebase_functions.__file__))\""]
[debug] [2026-07-10T16:34:44.330Z] stdout: /Users/patrickschmidt/github-projects/fantasy-sports-assistant/functions/venv/lib/python3.14/site-packages/firebase_functions

[debug] [2026-07-10T16:34:44.334Z] Running admin server with args: ["python3.14","\"/Users/patrickschmidt/github-projects/fantasy-sports-assistant/functions/venv/lib/python3.14/site-packages/firebase_functions/private/serving.py\""] and env: {"GCLOUD_PROJECT":"demo-no-project","K_REVISION":"1","PORT":"80","GOOGLE_CLOUD_QUOTA_PROJECT":"demo-no-project","FUNCTIONS_EMULATOR":"true","TZ":"UTC","FIREBASE_DEBUG_MODE":"true","FIREBASE_DEBUG_FEATURES":"{\"skipTokenVerification\":true,\"enableCors\":true}","FIREBASE_EMULATOR_HUB":"127.0.0.1:4400","CLOUD_EVENTARC_EMULATOR_HOST":"http://127.0.0.1:9299","CLOUD_TASKS_EMULATOR_HOST":"127.0.0.1:9499","FIREBASE_CONFIG":"{\"storageBucket\":\"demo-no-project.appspot.com\",\"databaseURL\":\"https://demo-no-project.firebaseio.com\",\"projectId\":\"demo-no-project\"}","GOOGLE_APPLICATION_CREDENTIALS":"/Users/patrickschmidt/.config/firebase/patrick_schmidt.mail_gmail.com_application_default_credentials.json","ADMIN_PORT":"8081"} in /Users/patrickschmidt/github-projects/fantasy-sports-assistant/functions
[debug] [2026-07-10T16:34:44.334Z] Running command with virtualenv: command=., args=["\"/Users/patrickschmidt/github-projects/fantasy-sports-assistant/functions/venv/bin/activate\"","&&","python3.14","\"/Users/patrickschmidt/github-projects/fantasy-sports-assistant/functions/venv/lib/python3.14/site-packages/firebase_functions/private/serving.py\""]
[info] >  Fetching college stats for Scooby Williams (2/50)... {"user":"Fetching college stats for Scooby Williams (2/50)...","metadata":{"emulator":{"name":"functions"},"function":{"name":"us-central1-update_data"},"extension":{},"message":">  Fetching college stats for Scooby Williams (2/50)..."}}
[info]  * Serving Flask app 'serving'
 * Debug mode: off

[error] WARNING: This is a development server. Do not use it in a production deployment. Use a production WSGI server instead.
 * Running on http://127.0.0.1:8081

[error] Press CTRL+C to quit

[error] 127.0.0.1 - - [10/Jul/2026 16:34:44] "GET /__/functions.yaml HTTP/1.1" 200 -

[debug] [2026-07-10T16:34:44.862Z] Got response from /__/functions.yaml endpoints:
  analyze_draft:
    availableMemoryMb: null
    concurrency: null
    entryPoint: analyze_draft
    httpsTrigger: {}
    ingressSettings: null
    labels: {}
    maxInstances: null
    minInstances: null
    platform: gcfv2
    secretEnvironmentVariables: []
    serviceAccountEmail: null
    timeoutSeconds: null
  analyze_waivers:
    availableMemoryMb: null
    concurrency: null
    entryPoint: analyze_waivers
    httpsTrigger: {}
    ingressSettings: null
    labels: {}
    maxInstances: null
    minInstances: null
    platform: gcfv2
    secretEnvironmentVariables: []
    serviceAccountEmail: null
    timeoutSeconds: null
  get_league_rosters:
    availableMemoryMb: null
    concurrency: null
    entryPoint: get_league_rosters
    httpsTrigger: {}
    ingressSettings: null
    labels: {}
    maxInstances: null
    minInstances: null
    platform: gcfv2
    secretEnvironmentVariables: []
    serviceAccountEmail: null
    timeoutSeconds: null
  get_league_users:
    availableMemoryMb: null
    concurrency: null
    entryPoint: get_league_users
    httpsTrigger: {}
    ingressSettings: null
    labels: {}
    maxInstances: null
    minInstances: null
    platform: gcfv2
    secretEnvironmentVariables: []
    serviceAccountEmail: null
    timeoutSeconds: null
  get_user_drafts:
    availableMemoryMb: null
    concurrency: null
    entryPoint: get_user_drafts
    httpsTrigger: {}
    ingressSettings: null
    labels: {}
    maxInstances: null
    minInstances: null
    platform: gcfv2
    secretEnvironmentVariables: []
    serviceAccountEmail: null
    timeoutSeconds: null
  get_user_leagues:
    availableMemoryMb: null
    concurrency: null
    entryPoint: get_user_leagues
    httpsTrigger: {}
    ingressSettings: null
    labels: {}
    maxInstances: null
    minInstances: null
    platform: gcfv2
    secretEnvironmentVariables: []
    serviceAccountEmail: null
    timeoutSeconds: null
  update_data:
    availableMemoryMb: null
    concurrency: null
    entryPoint: update_data
    httpsTrigger: {}
    ingressSettings: null
    labels: {}
    maxInstances: null
    minInstances: null
    platform: gcfv2
    secretEnvironmentVariables: []
    serviceAccountEmail: null
    timeoutSeconds: null
params: []
requiredAPIs: []
specVersion: v1alpha1

[error] 127.0.0.1 - - [10/Jul/2026 16:34:44] "GET /__/quitquitquit HTTP/1.1" 200 -

[error] /bin/sh: line 1: 31344 Terminated: 15          python3.14 "/Users/patrickschmidt/github-projects/fantasy-sports-assistant/functions/venv/lib/python3.14/site-packages/firebase_functions/private/serving.py"

[info] ✔  functions: Loaded functions definitions from source: analyze_draft, analyze_waivers, get_league_rosters, get_league_users, get_user_drafts, get_user_leagues, update_data. {"metadata":{"emulator":{"name":"functions"},"message":"Loaded functions definitions from source: analyze_draft, analyze_waivers, get_league_rosters, get_league_users, get_user_drafts, get_user_leagues, update_data."}}
[debug] [2026-07-10T16:34:44.872Z] [worker-pool] Shutting down IDLE worker (us-central1-get_user_leagues) {"metadata":{"emulator":{"name":"functions"},"message":"[worker-pool] Shutting down IDLE worker (us-central1-get_user_leagues)"}}
[debug] [2026-07-10T16:34:44.872Z] [worker-us-central1-get_user_leagues-1d0e0b5f-c373-4ed8-afdb-f654701fb76e]: FINISHING {"metadata":{"emulator":{"name":"functions"},"function":{"name":"us-central1-get_user_leagues"},"extension":{},"message":"[worker-us-central1-get_user_leagues-1d0e0b5f-c373-4ed8-afdb-f654701fb76e]: FINISHING"}}
[debug] [2026-07-10T16:34:44.872Z] [worker-pool] Shutting down IDLE worker (us-central1-analyze_waivers) {"metadata":{"emulator":{"name":"functions"},"message":"[worker-pool] Shutting down IDLE worker (us-central1-analyze_waivers)"}}
[debug] [2026-07-10T16:34:44.872Z] [worker-us-central1-analyze_waivers-67dc048e-0a0e-41e3-8870-69b046acd003]: FINISHING {"metadata":{"emulator":{"name":"functions"},"function":{"name":"us-central1-analyze_waivers"},"extension":{},"message":"[worker-us-central1-analyze_waivers-67dc048e-0a0e-41e3-8870-69b046acd003]: FINISHING"}}
[debug] [2026-07-10T16:34:44.872Z] [worker-pool] Shutting down IDLE worker (us-central1-analyze_waivers) {"metadata":{"emulator":{"name":"functions"},"message":"[worker-pool] Shutting down IDLE worker (us-central1-analyze_waivers)"}}
[debug] [2026-07-10T16:34:44.872Z] [worker-us-central1-analyze_waivers-b74e6c08-2db2-4e95-a85b-c3b5f1cb92d0]: FINISHING {"metadata":{"emulator":{"name":"functions"},"function":{"name":"us-central1-analyze_waivers"},"extension":{},"message":"[worker-us-central1-analyze_waivers-b74e6c08-2db2-4e95-a85b-c3b5f1cb92d0]: FINISHING"}}
[debug] [2026-07-10T16:34:44.873Z] [worker-pool] Shutting down IDLE worker (us-central1-get_user_drafts) {"metadata":{"emulator":{"name":"functions"},"message":"[worker-pool] Shutting down IDLE worker (us-central1-get_user_drafts)"}}
[debug] [2026-07-10T16:34:44.873Z] [worker-us-central1-get_user_drafts-0c2656ed-bfbc-4c78-95cd-e49bafa4c8c9]: FINISHING {"metadata":{"emulator":{"name":"functions"},"function":{"name":"us-central1-get_user_drafts"},"extension":{},"message":"[worker-us-central1-get_user_drafts-0c2656ed-bfbc-4c78-95cd-e49bafa4c8c9]: FINISHING"}}
[debug] [2026-07-10T16:34:44.873Z] [worker-pool] Shutting down IDLE worker (us-central1-analyze_draft) {"metadata":{"emulator":{"name":"functions"},"message":"[worker-pool] Shutting down IDLE worker (us-central1-analyze_draft)"}}
[debug] [2026-07-10T16:34:44.873Z] [worker-us-central1-analyze_draft-b34d4ea3-6de0-4ef7-83d1-0f0f1cf5bc30]: FINISHING {"metadata":{"emulator":{"name":"functions"},"function":{"name":"us-central1-analyze_draft"},"extension":{},"message":"[worker-us-central1-analyze_draft-b34d4ea3-6de0-4ef7-83d1-0f0f1cf5bc30]: FINISHING"}}
[debug] [2026-07-10T16:34:44.874Z] [worker-us-central1-analyze_draft-b34d4ea3-6de0-4ef7-83d1-0f0f1cf5bc30]: exited {"metadata":{"emulator":{"name":"functions"},"function":{"name":"us-central1-analyze_draft"},"extension":{},"message":"[worker-us-central1-analyze_draft-b34d4ea3-6de0-4ef7-83d1-0f0f1cf5bc30]: exited"}}
[debug] [2026-07-10T16:34:44.874Z] [worker-us-central1-analyze_draft-b34d4ea3-6de0-4ef7-83d1-0f0f1cf5bc30]: FINISHED {"metadata":{"emulator":{"name":"functions"},"function":{"name":"us-central1-analyze_draft"},"extension":{},"message":"[worker-us-central1-analyze_draft-b34d4ea3-6de0-4ef7-83d1-0f0f1cf5bc30]: FINISHED"}}
[debug] [2026-07-10T16:34:44.874Z] [worker-us-central1-analyze_waivers-b74e6c08-2db2-4e95-a85b-c3b5f1cb92d0]: exited {"metadata":{"emulator":{"name":"functions"},"function":{"name":"us-central1-analyze_waivers"},"extension":{},"message":"[worker-us-central1-analyze_waivers-b74e6c08-2db2-4e95-a85b-c3b5f1cb92d0]: exited"}}
[debug] [2026-07-10T16:34:44.874Z] [worker-us-central1-analyze_waivers-b74e6c08-2db2-4e95-a85b-c3b5f1cb92d0]: FINISHED {"metadata":{"emulator":{"name":"functions"},"function":{"name":"us-central1-analyze_waivers"},"extension":{},"message":"[worker-us-central1-analyze_waivers-b74e6c08-2db2-4e95-a85b-c3b5f1cb92d0]: FINISHED"}}
[debug] [2026-07-10T16:34:44.874Z] [worker-us-central1-get_user_leagues-1d0e0b5f-c373-4ed8-afdb-f654701fb76e]: exited {"metadata":{"emulator":{"name":"functions"},"function":{"name":"us-central1-get_user_leagues"},"extension":{},"message":"[worker-us-central1-get_user_leagues-1d0e0b5f-c373-4ed8-afdb-f654701fb76e]: exited"}}
[debug] [2026-07-10T16:34:44.874Z] [worker-us-central1-get_user_leagues-1d0e0b5f-c373-4ed8-afdb-f654701fb76e]: FINISHED {"metadata":{"emulator":{"name":"functions"},"function":{"name":"us-central1-get_user_leagues"},"extension":{},"message":"[worker-us-central1-get_user_leagues-1d0e0b5f-c373-4ed8-afdb-f654701fb76e]: FINISHED"}}
[debug] [2026-07-10T16:34:44.874Z] [worker-us-central1-get_user_drafts-0c2656ed-bfbc-4c78-95cd-e49bafa4c8c9]: exited {"metadata":{"emulator":{"name":"functions"},"function":{"name":"us-central1-get_user_drafts"},"extension":{},"message":"[worker-us-central1-get_user_drafts-0c2656ed-bfbc-4c78-95cd-e49bafa4c8c9]: exited"}}
[debug] [2026-07-10T16:34:44.874Z] [worker-us-central1-get_user_drafts-0c2656ed-bfbc-4c78-95cd-e49bafa4c8c9]: FINISHED {"metadata":{"emulator":{"name":"functions"},"function":{"name":"us-central1-get_user_drafts"},"extension":{},"message":"[worker-us-central1-get_user_drafts-0c2656ed-bfbc-4c78-95cd-e49bafa4c8c9]: FINISHED"}}
[debug] [2026-07-10T16:34:44.874Z] [worker-us-central1-analyze_waivers-67dc048e-0a0e-41e3-8870-69b046acd003]: exited {"metadata":{"emulator":{"name":"functions"},"function":{"name":"us-central1-analyze_waivers"},"extension":{},"message":"[worker-us-central1-analyze_waivers-67dc048e-0a0e-41e3-8870-69b046acd003]: exited"}}
[debug] [2026-07-10T16:34:44.874Z] [worker-us-central1-analyze_waivers-67dc048e-0a0e-41e3-8870-69b046acd003]: FINISHED {"metadata":{"emulator":{"name":"functions"},"function":{"name":"us-central1-analyze_waivers"},"extension":{},"message":"[worker-us-central1-analyze_waivers-67dc048e-0a0e-41e3-8870-69b046acd003]: FINISHED"}}
[info] >  Fetching college stats for Kendall Paul (3/50)... {"user":"Fetching college stats for Kendall Paul (3/50)...","metadata":{"emulator":{"name":"functions"},"function":{"name":"us-central1-update_data"},"extension":{},"message":">  Fetching college stats for Kendall Paul (3/50)..."}}
[info] >  Fetching college stats for Jalen McMurray (4/50)... {"user":"Fetching college stats for Jalen McMurray (4/50)...","metadata":{"emulator":{"name":"functions"},"function":{"name":"us-central1-update_data"},"extension":{},"message":">  Fetching college stats for Jalen McMurray (4/50)..."}}
[info] >  Fetching college stats for Caden Fordham (5/50)... {"user":"Fetching college stats for Caden Fordham (5/50)...","metadata":{"emulator":{"name":"functions"},"function":{"name":"us-central1-update_data"},"extension":{},"message":">  Fetching college stats for Caden Fordham (5/50)..."}}
[info] >  Fetching college stats for Trey Moore (6/50)... {"user":"Fetching college stats for Trey Moore (6/50)...","metadata":{"emulator":{"name":"functions"},"function":{"name":"us-central1-update_data"},"extension":{},"message":">  Fetching college stats for Trey Moore (6/50)..."}}
[info] >  Fetching college stats for Damon Payne (7/50)... {"user":"Fetching college stats for Damon Payne (7/50)...","metadata":{"emulator":{"name":"functions"},"function":{"name":"us-central1-update_data"},"extension":{},"message":">  Fetching college stats for Damon Payne (7/50)..."}}
[info] >  Fetching college stats for Monkell Goodwine (8/50)... {"user":"Fetching college stats for Monkell Goodwine (8/50)...","metadata":{"emulator":{"name":"functions"},"function":{"name":"us-central1-update_data"},"extension":{},"message":">  Fetching college stats for Monkell Goodwine (8/50)..."}}
[info] >  Fetching college stats for Noah Avinger (9/50)... {"user":"Fetching college stats for Noah Avinger (9/50)...","metadata":{"emulator":{"name":"functions"},"function":{"name":"us-central1-update_data"},"extension":{},"message":">  Fetching college stats for Noah Avinger (9/50)..."}}
[info] >  Fetching college stats for Mory Bamba (10/50)... {"user":"Fetching college stats for Mory Bamba (10/50)...","metadata":{"emulator":{"name":"functions"},"function":{"name":"us-central1-update_data"},"extension":{},"message":">  Fetching college stats for Mory Bamba (10/50)..."}}
[info] >  Fetching college stats for Olasunkonmi Agunloye (11/50)... {"user":"Fetching college stats for Olasunkonmi Agunloye (11/50)...","metadata":{"emulator":{"name":"functions"},"function":{"name":"us-central1-update_data"},"extension":{},"message":">  Fetching college stats for Olasunkonmi Agunloye (11/50)..."}}
[info] >  Fetching college stats for Jahmeer Carter (12/50)... {"user":"Fetching college stats for Jahmeer Carter (12/50)...","metadata":{"emulator":{"name":"functions"},"function":{"name":"us-central1-update_data"},"extension":{},"message":">  Fetching college stats for Jahmeer Carter (12/50)..."}}
[info] >  Fetching college stats for Jack Pyburn (13/50)... {"user":"Fetching college stats for Jack Pyburn (13/50)...","metadata":{"emulator":{"name":"functions"},"function":{"name":"us-central1-update_data"},"extension":{},"message":">  Fetching college stats for Jack Pyburn (13/50)..."}}
[info] >  Fetching college stats for Chris Bell (14/50)... {"user":"Fetching college stats for Chris Bell (14/50)...","metadata":{"emulator":{"name":"functions"},"function":{"name":"us-central1-update_data"},"extension":{},"message":">  Fetching college stats for Chris Bell (14/50)..."}}
[info] >  Fetching college stats for Uar Bernard (15/50)... {"user":"Fetching college stats for Uar Bernard (15/50)...","metadata":{"emulator":{"name":"functions"},"function":{"name":"us-central1-update_data"},"extension":{},"message":">  Fetching college stats for Uar Bernard (15/50)..."}}
[info] >  Fetching college stats for Isiah King (16/50)... {"user":"Fetching college stats for Isiah King (16/50)...","metadata":{"emulator":{"name":"functions"},"function":{"name":"us-central1-update_data"},"extension":{},"message":">  Fetching college stats for Isiah King (16/50)..."}}
[info] >  Fetching college stats for D'Angelo Ponds (17/50)... {"user":"Fetching college stats for D'Angelo Ponds (17/50)...","metadata":{"emulator":{"name":"functions"},"function":{"name":"us-central1-update_data"},"extension":{},"message":">  Fetching college stats for D'Angelo Ponds (17/50)..."}}
[info] >  Fetching college stats for Kelvin Gilliam (18/50)... {"user":"Fetching college stats for Kelvin Gilliam (18/50)...","metadata":{"emulator":{"name":"functions"},"function":{"name":"us-central1-update_data"},"extension":{},"message":">  Fetching college stats for Kelvin Gilliam (18/50)..."}}
[info] >  Fetching college stats for Taurean York (19/50)... {"user":"Fetching college stats for Taurean York (19/50)...","metadata":{"emulator":{"name":"functions"},"function":{"name":"us-central1-update_data"},"extension":{},"message":">  Fetching college stats for Taurean York (19/50)..."}}
[info] >  Fetching college stats for Kapena Gushiken (20/50)... {"user":"Fetching college stats for Kapena Gushiken (20/50)...","metadata":{"emulator":{"name":"functions"},"function":{"name":"us-central1-update_data"},"extension":{},"message":">  Fetching college stats for Kapena Gushiken (20/50)..."}}
[info] >  Fetching college stats for Michael Trigg (21/50)... {"user":"Fetching college stats for Michael Trigg (21/50)...","metadata":{"emulator":{"name":"functions"},"function":{"name":"us-central1-update_data"},"extension":{},"message":">  Fetching college stats for Michael Trigg (21/50)..."}}
[info] >  Fetching college stats for Major Burns (22/50)... {"user":"Fetching college stats for Major Burns (22/50)...","metadata":{"emulator":{"name":"functions"},"function":{"name":"us-central1-update_data"},"extension":{},"message":">  Fetching college stats for Major Burns (22/50)..."}}
[info] >  Fetching college stats for Lwal  Uguak (23/50)... {"user":"Fetching college stats for Lwal  Uguak (23/50)...","metadata":{"emulator":{"name":"functions"},"function":{"name":"us-central1-update_data"},"extension":{},"message":">  Fetching college stats for Lwal  Uguak (23/50)..."}}
[info] >  Fetching college stats for Devin Moore (24/50)... {"user":"Fetching college stats for Devin Moore (24/50)...","metadata":{"emulator":{"name":"functions"},"function":{"name":"us-central1-update_data"},"extension":{},"message":">  Fetching college stats for Devin Moore (24/50)..."}}
[info] >  Fetching college stats for Ja'Qurious Conley (25/50)... {"user":"Fetching college stats for Ja'Qurious Conley (25/50)...","metadata":{"emulator":{"name":"functions"},"function":{"name":"us-central1-update_data"},"extension":{},"message":">  Fetching college stats for Ja'Qurious Conley (25/50)..."}}
[error] ⬢  functions: Failed to handle request for function us-central1-update_data {"metadata":{"emulator":{"name":"functions"},"message":"Failed to handle request for function us-central1-update_data"}}
[error] ⬢  functions: Failed to start functions in /Users/patrickschmidt/github-projects/fantasy-sports-assistant/functions: Failed to load function. {"metadata":{"emulator":{"name":"functions"},"message":"Failed to start functions in /Users/patrickschmidt/github-projects/fantasy-sports-assistant/functions: Failed to load function."}}
[debug] [2026-07-10T16:35:10.114Z] [work-queue] {"queuedWork":[],"queueLength":0,"runningWork":[],"workRunningCount":0}
[info] >  Fetching college stats for Parker Hughes (26/50)... {"user":"Fetching college stats for Parker Hughes (26/50)...","metadata":{"emulator":{"name":"functions"},"function":{"name":"us-central1-update_data"},"extension":{},"message":">  Fetching college stats for Parker Hughes (26/50)..."}}
[info] >  Fetching college stats for Bishop Fitzgerald (27/50)... {"user":"Fetching college stats for Bishop Fitzgerald (27/50)...","metadata":{"emulator":{"name":"functions"},"function":{"name":"us-central1-update_data"},"extension":{},"message":">  Fetching college stats for Bishop Fitzgerald (27/50)..."}}
[info] >  Fetching college stats for Trey Rucker (28/50)... {"user":"Fetching college stats for Trey Rucker (28/50)...","metadata":{"emulator":{"name":"functions"},"function":{"name":"us-central1-update_data"},"extension":{},"message":">  Fetching college stats for Trey Rucker (28/50)..."}}
[info] >  Fetching college stats for Al'zillion Hamilton (29/50)... {"user":"Fetching college stats for Al'zillion Hamilton (29/50)...","metadata":{"emulator":{"name":"functions"},"function":{"name":"us-central1-update_data"},"extension":{},"message":">  Fetching college stats for Al'zillion Hamilton (29/50)..."}}
[info] >  Fetching college stats for Hunter Peck (30/50)... {"user":"Fetching college stats for Hunter Peck (30/50)...","metadata":{"emulator":{"name":"functions"},"function":{"name":"us-central1-update_data"},"extension":{},"message":">  Fetching college stats for Hunter Peck (30/50)..."}}
[info] >  Fetching college stats for Avieon Terrell (31/50)... {"user":"Fetching college stats for Avieon Terrell (31/50)...","metadata":{"emulator":{"name":"functions"},"function":{"name":"us-central1-update_data"},"extension":{},"message":">  Fetching college stats for Avieon Terrell (31/50)..."}}
[info] >  Fetching college stats for Parker Robertson (32/50)... {"user":"Fetching college stats for Parker Robertson (32/50)...","metadata":{"emulator":{"name":"functions"},"function":{"name":"us-central1-update_data"},"extension":{},"message":">  Fetching college stats for Parker Robertson (32/50)..."}}
[info] >  Fetching college stats for Devin Lafayette (33/50)... {"user":"Fetching college stats for Devin Lafayette (33/50)...","metadata":{"emulator":{"name":"functions"},"function":{"name":"us-central1-update_data"},"extension":{},"message":">  Fetching college stats for Devin Lafayette (33/50)..."}}
[info] >  Fetching college stats for Domani Jackson (34/50)... {"user":"Fetching college stats for Domani Jackson (34/50)...","metadata":{"emulator":{"name":"functions"},"function":{"name":"us-central1-update_data"},"extension":{},"message":">  Fetching college stats for Domani Jackson (34/50)..."}}
[info] >  Fetching college stats for Caleb Offord (35/50)... {"user":"Fetching college stats for Caleb Offord (35/50)...","metadata":{"emulator":{"name":"functions"},"function":{"name":"us-central1-update_data"},"extension":{},"message":">  Fetching college stats for Caleb Offord (35/50)..."}}
[info] >  Fetching college stats for Emmanuel McNeil-Warren (36/50)... {"user":"Fetching college stats for Emmanuel McNeil-Warren (36/50)...","metadata":{"emulator":{"name":"functions"},"function":{"name":"us-central1-update_data"},"extension":{},"message":">  Fetching college stats for Emmanuel McNeil-Warren (36/50)..."}}
[info] >  Fetching college stats for Sabastian Harsh (37/50)... {"user":"Fetching college stats for Sabastian Harsh (37/50)...","metadata":{"emulator":{"name":"functions"},"function":{"name":"us-central1-update_data"},"extension":{},"message":">  Fetching college stats for Sabastian Harsh (37/50)..."}}
[info] >  Fetching college stats for Reid Williford (38/50)... {"user":"Fetching college stats for Reid Williford (38/50)...","metadata":{"emulator":{"name":"functions"},"function":{"name":"us-central1-update_data"},"extension":{},"message":">  Fetching college stats for Reid Williford (38/50)..."}}
[info] >  Fetching college stats for Chase Wilson (39/50)... {"user":"Fetching college stats for Chase Wilson (39/50)...","metadata":{"emulator":{"name":"functions"},"function":{"name":"us-central1-update_data"},"extension":{},"message":">  Fetching college stats for Chase Wilson (39/50)..."}}
[info] >  Fetching college stats for Chris Johnson (40/50)... {"user":"Fetching college stats for Chris Johnson (40/50)...","metadata":{"emulator":{"name":"functions"},"function":{"name":"us-central1-update_data"},"extension":{},"message":">  Fetching college stats for Chris Johnson (40/50)..."}}
[info] >  Fetching college stats for CJ Nunnally (41/50)... {"user":"Fetching college stats for CJ Nunnally (41/50)...","metadata":{"emulator":{"name":"functions"},"function":{"name":"us-central1-update_data"},"extension":{},"message":">  Fetching college stats for CJ Nunnally (41/50)..."}}
[info] >  Fetching college stats for Tyler Onyedim (42/50)... {"user":"Fetching college stats for Tyler Onyedim (42/50)...","metadata":{"emulator":{"name":"functions"},"function":{"name":"us-central1-update_data"},"extension":{},"message":">  Fetching college stats for Tyler Onyedim (42/50)..."}}
[info] >  Fetching college stats for Terry Webb (43/50)... {"user":"Fetching college stats for Terry Webb (43/50)...","metadata":{"emulator":{"name":"functions"},"function":{"name":"us-central1-update_data"},"extension":{},"message":">  Fetching college stats for Terry Webb (43/50)..."}}
[info] >  Fetching college stats for Brent Austin (44/50)... {"user":"Fetching college stats for Brent Austin (44/50)...","metadata":{"emulator":{"name":"functions"},"function":{"name":"us-central1-update_data"},"extension":{},"message":">  Fetching college stats for Brent Austin (44/50)..."}}
[info] >  Fetching college stats for De'Zhaun Stribling (45/50)... {"user":"Fetching college stats for De'Zhaun Stribling (45/50)...","metadata":{"emulator":{"name":"functions"},"function":{"name":"us-central1-update_data"},"extension":{},"message":">  Fetching college stats for De'Zhaun Stribling (45/50)..."}}
[info] >  Fetching college stats for Jaylon Guilbeau (46/50)... {"user":"Fetching college stats for Jaylon Guilbeau (46/50)...","metadata":{"emulator":{"name":"functions"},"function":{"name":"us-central1-update_data"},"extension":{},"message":">  Fetching college stats for Jaylon Guilbeau (46/50)..."}}
[info] >  Fetching college stats for Brandon Cisse (47/50)... {"user":"Fetching college stats for Brandon Cisse (47/50)...","metadata":{"emulator":{"name":"functions"},"function":{"name":"us-central1-update_data"},"extension":{},"message":">  Fetching college stats for Brandon Cisse (47/50)..."}}
[info] >  Fetching college stats for Avery Smith (48/50)... {"user":"Fetching college stats for Avery Smith (48/50)...","metadata":{"emulator":{"name":"functions"},"function":{"name":"us-central1-update_data"},"extension":{},"message":">  Fetching college stats for Avery Smith (48/50)..."}}
[info] >  Fetching college stats for Uso Seumalo (49/50)... {"user":"Fetching college stats for Uso Seumalo (49/50)...","metadata":{"emulator":{"name":"functions"},"function":{"name":"us-central1-update_data"},"extension":{},"message":">  Fetching college stats for Uso Seumalo (49/50)..."}}
[info] >  Fetching college stats for Rodney McGraw (50/50)... {"user":"Fetching college stats for Rodney McGraw (50/50)...","metadata":{"emulator":{"name":"functions"},"function":{"name":"us-central1-update_data"},"extension":{},"message":">  Fetching college stats for Rodney McGraw (50/50)..."}}
[debug] [2026-07-10T16:35:36.970Z] [worker-us-central1-update_data-52cc3bc1-a3a2-4305-9cf1-dd39af5c0b0e]: IDLE {"metadata":{"emulator":{"name":"functions"},"function":{"name":"us-central1-update_data"},"extension":{},"message":"[worker-us-central1-update_data-52cc3bc1-a3a2-4305-9cf1-dd39af5c0b0e]: IDLE"}}
[debug] [2026-07-10T16:35:37.102Z] File /Users/patrickschmidt/github-projects/fantasy-sports-assistant/functions/data/college_stats.json changed, reloading triggers {"metadata":{"emulator":{"name":"functions"},"message":"File /Users/patrickschmidt/github-projects/fantasy-sports-assistant/functions/data/college_stats.json changed, reloading triggers"}}
[debug] [2026-07-10T16:35:38.104Z] Customer code is not Node
[debug] [2026-07-10T16:35:38.104Z] Validating python source
[debug] [2026-07-10T16:35:38.104Z] Building python source
[debug] [2026-07-10T16:35:38.104Z] Could not find functions.yaml. Must use http discovery
[debug] [2026-07-10T16:35:38.105Z] Running command with virtualenv: command=., args=["\"/Users/patrickschmidt/github-projects/fantasy-sports-assistant/functions/venv/bin/activate\"","&&","python3.14","-c","\"import firebase_functions; import os; print(os.path.dirname(firebase_functions.__file__))\""]
[debug] [2026-07-10T16:35:38.139Z] stdout: /Users/patrickschmidt/github-projects/fantasy-sports-assistant/functions/venv/lib/python3.14/site-packages/firebase_functions

[debug] [2026-07-10T16:35:38.142Z] Running admin server with args: ["python3.14","\"/Users/patrickschmidt/github-projects/fantasy-sports-assistant/functions/venv/lib/python3.14/site-packages/firebase_functions/private/serving.py\""] and env: {"GCLOUD_PROJECT":"demo-no-project","K_REVISION":"1","PORT":"80","GOOGLE_CLOUD_QUOTA_PROJECT":"demo-no-project","FUNCTIONS_EMULATOR":"true","TZ":"UTC","FIREBASE_DEBUG_MODE":"true","FIREBASE_DEBUG_FEATURES":"{\"skipTokenVerification\":true,\"enableCors\":true}","FIREBASE_EMULATOR_HUB":"127.0.0.1:4400","CLOUD_EVENTARC_EMULATOR_HOST":"http://127.0.0.1:9299","CLOUD_TASKS_EMULATOR_HOST":"127.0.0.1:9499","FIREBASE_CONFIG":"{\"storageBucket\":\"demo-no-project.appspot.com\",\"databaseURL\":\"https://demo-no-project.firebaseio.com\",\"projectId\":\"demo-no-project\"}","GOOGLE_APPLICATION_CREDENTIALS":"/Users/patrickschmidt/.config/firebase/patrick_schmidt.mail_gmail.com_application_default_credentials.json","ADMIN_PORT":"8081"} in /Users/patrickschmidt/github-projects/fantasy-sports-assistant/functions
[debug] [2026-07-10T16:35:38.142Z] Running command with virtualenv: command=., args=["\"/Users/patrickschmidt/github-projects/fantasy-sports-assistant/functions/venv/bin/activate\"","&&","python3.14","\"/Users/patrickschmidt/github-projects/fantasy-sports-assistant/functions/venv/lib/python3.14/site-packages/firebase_functions/private/serving.py\""]
[info]  * Serving Flask app 'serving'
 * Debug mode: off

[error] WARNING: This is a development server. Do not use it in a production deployment. Use a production WSGI server instead.
 * Running on http://127.0.0.1:8081

[error] Press CTRL+C to quit

[error] 127.0.0.1 - - [10/Jul/2026 16:35:38] "GET /__/functions.yaml HTTP/1.1" 200 -

[debug] [2026-07-10T16:35:38.668Z] Got response from /__/functions.yaml endpoints:
  analyze_draft:
    availableMemoryMb: null
    concurrency: null
    entryPoint: analyze_draft
    httpsTrigger: {}
    ingressSettings: null
    labels: {}
    maxInstances: null
    minInstances: null
    platform: gcfv2
    secretEnvironmentVariables: []
    serviceAccountEmail: null
    timeoutSeconds: null
  analyze_waivers:
    availableMemoryMb: null
    concurrency: null
    entryPoint: analyze_waivers
    httpsTrigger: {}
    ingressSettings: null
    labels: {}
    maxInstances: null
    minInstances: null
    platform: gcfv2
    secretEnvironmentVariables: []
    serviceAccountEmail: null
    timeoutSeconds: null
  get_league_rosters:
    availableMemoryMb: null
    concurrency: null
    entryPoint: get_league_rosters
    httpsTrigger: {}
    ingressSettings: null
    labels: {}
    maxInstances: null
    minInstances: null
    platform: gcfv2
    secretEnvironmentVariables: []
    serviceAccountEmail: null
    timeoutSeconds: null
  get_league_users:
    availableMemoryMb: null
    concurrency: null
    entryPoint: get_league_users
    httpsTrigger: {}
    ingressSettings: null
    labels: {}
    maxInstances: null
    minInstances: null
    platform: gcfv2
    secretEnvironmentVariables: []
    serviceAccountEmail: null
    timeoutSeconds: null
  get_user_drafts:
    availableMemoryMb: null
    concurrency: null
    entryPoint: get_user_drafts
    httpsTrigger: {}
    ingressSettings: null
    labels: {}
    maxInstances: null
    minInstances: null
    platform: gcfv2
    secretEnvironmentVariables: []
    serviceAccountEmail: null
    timeoutSeconds: null
  get_user_leagues:
    availableMemoryMb: null
    concurrency: null
    entryPoint: get_user_leagues
    httpsTrigger: {}
    ingressSettings: null
    labels: {}
    maxInstances: null
    minInstances: null
    platform: gcfv2
    secretEnvironmentVariables: []
    serviceAccountEmail: null
    timeoutSeconds: null
  update_data:
    availableMemoryMb: null
    concurrency: null
    entryPoint: update_data
    httpsTrigger: {}
    ingressSettings: null
    labels: {}
    maxInstances: null
    minInstances: null
    platform: gcfv2
    secretEnvironmentVariables: []
    serviceAccountEmail: null
    timeoutSeconds: null
params: []
requiredAPIs: []
specVersion: v1alpha1

[error] 127.0.0.1 - - [10/Jul/2026 16:35:38] "GET /__/quitquitquit HTTP/1.1" 200 -

[error] /bin/sh: line 1: 31371 Terminated: 15          python3.14 "/Users/patrickschmidt/github-projects/fantasy-sports-assistant/functions/venv/lib/python3.14/site-packages/firebase_functions/private/serving.py"

[info] ✔  functions: Loaded functions definitions from source: analyze_draft, analyze_waivers, get_league_rosters, get_league_users, get_user_drafts, get_user_leagues, update_data. {"metadata":{"emulator":{"name":"functions"},"message":"Loaded functions definitions from source: analyze_draft, analyze_waivers, get_league_rosters, get_league_users, get_user_drafts, get_user_leagues, update_data."}}
[debug] [2026-07-10T16:35:38.675Z] [worker-pool] Shutting down IDLE worker (us-central1-update_data) {"metadata":{"emulator":{"name":"functions"},"message":"[worker-pool] Shutting down IDLE worker (us-central1-update_data)"}}
[debug] [2026-07-10T16:35:38.675Z] [worker-us-central1-update_data-52cc3bc1-a3a2-4305-9cf1-dd39af5c0b0e]: FINISHING {"metadata":{"emulator":{"name":"functions"},"function":{"name":"us-central1-update_data"},"extension":{},"message":"[worker-us-central1-update_data-52cc3bc1-a3a2-4305-9cf1-dd39af5c0b0e]: FINISHING"}}
[debug] [2026-07-10T16:35:38.675Z] [worker-us-central1-update_data-52cc3bc1-a3a2-4305-9cf1-dd39af5c0b0e]: exited {"metadata":{"emulator":{"name":"functions"},"function":{"name":"us-central1-update_data"},"extension":{},"message":"[worker-us-central1-update_data-52cc3bc1-a3a2-4305-9cf1-dd39af5c0b0e]: exited"}}
[debug] [2026-07-10T16:35:38.675Z] [worker-us-central1-update_data-52cc3bc1-a3a2-4305-9cf1-dd39af5c0b0e]: FINISHED {"metadata":{"emulator":{"name":"functions"},"function":{"name":"us-central1-update_data"},"extension":{},"message":"[worker-us-central1-update_data-52cc3bc1-a3a2-4305-9cf1-dd39af5c0b0e]: FINISHED"}}
[debug] [2026-07-10T16:48:46.665Z] [work-queue] {"queuedWork":["/demo-no-project/us-central1/get_user_leagues-2026-07-10T16:48:46.665Z"],"queueLength":1,"runningWork":[],"workRunningCount":0}
[debug] [2026-07-10T16:48:46.665Z] [work-queue] {"queuedWork":[],"queueLength":0,"runningWork":["/demo-no-project/us-central1/get_user_leagues-2026-07-10T16:48:46.665Z"],"workRunningCount":1}
[debug] [2026-07-10T16:48:46.665Z] Accepted request GET /demo-no-project/us-central1/get_user_leagues?username=p4t0b4ll3rs --> us-central1-get_user_leagues
[debug] [2026-07-10T16:48:46.667Z] [functions] Runtime ready! Sending request! {"metadata":{"emulator":{"name":"functions"},"message":"[functions] Runtime ready! Sending request!"}}
[debug] [2026-07-10T16:48:46.667Z] [functions] Got req.url=/demo-no-project/us-central1/get_user_leagues?username=p4t0b4ll3rs, mapping to path=/?username=p4t0b4ll3rs {"metadata":{"emulator":{"name":"functions"},"message":"[functions] Got req.url=/demo-no-project/us-central1/get_user_leagues?username=p4t0b4ll3rs, mapping to path=/?username=p4t0b4ll3rs"}}
[debug] [2026-07-10T16:48:46.667Z] [worker-pool] Cleaned up workers for us-central1-get_user_leagues: 1 --> 0 {"metadata":{"emulator":{"name":"functions"},"message":"[worker-pool] Cleaned up workers for us-central1-get_user_leagues: 1 --> 0"}}
[debug] [2026-07-10T16:48:46.667Z] [worker-pool] Cleaned up workers for us-central1-analyze_waivers: 2 --> 0 {"metadata":{"emulator":{"name":"functions"},"message":"[worker-pool] Cleaned up workers for us-central1-analyze_waivers: 2 --> 0"}}
[debug] [2026-07-10T16:48:46.667Z] [worker-pool] Cleaned up workers for us-central1-get_user_drafts: 1 --> 0 {"metadata":{"emulator":{"name":"functions"},"message":"[worker-pool] Cleaned up workers for us-central1-get_user_drafts: 1 --> 0"}}
[debug] [2026-07-10T16:48:46.667Z] [worker-pool] Cleaned up workers for us-central1-analyze_draft: 1 --> 0 {"metadata":{"emulator":{"name":"functions"},"message":"[worker-pool] Cleaned up workers for us-central1-analyze_draft: 1 --> 0"}}
[debug] [2026-07-10T16:48:46.667Z] [worker-pool] Cleaned up workers for us-central1-update_data: 1 --> 0 {"metadata":{"emulator":{"name":"functions"},"message":"[worker-pool] Cleaned up workers for us-central1-update_data: 1 --> 0"}}
[debug] [2026-07-10T16:48:46.669Z] Running command with virtualenv: command=., args=["\"/Users/patrickschmidt/github-projects/fantasy-sports-assistant/functions/venv/bin/activate\"","&&","functions-framework"]
[debug] [2026-07-10T16:48:46.670Z] [worker-pool] addWorker(us-central1-get_user_leagues) {"metadata":{"emulator":{"name":"functions"},"message":"[worker-pool] addWorker(us-central1-get_user_leagues)"}}
[debug] [2026-07-10T16:48:46.670Z] [worker-pool] Adding worker with key us-central1-get_user_leagues, total=1 {"metadata":{"emulator":{"name":"functions"},"message":"[worker-pool] Adding worker with key us-central1-get_user_leagues, total=1"}}
[debug] [2026-07-10T16:48:46.977Z] [worker-us-central1-get_user_leagues-a48c8ed7-d0a3-4379-a91e-cb3a43c93626]: IDLE {"metadata":{"emulator":{"name":"functions"},"function":{"name":"us-central1-get_user_leagues"},"extension":{},"message":"[worker-us-central1-get_user_leagues-a48c8ed7-d0a3-4379-a91e-cb3a43c93626]: IDLE"}}
[debug] [2026-07-10T16:48:46.978Z] [worker-pool] submitRequest(triggerId=us-central1-get_user_leagues) {"metadata":{"emulator":{"name":"functions"},"message":"[worker-pool] submitRequest(triggerId=us-central1-get_user_leagues)"}}
[info] i  functions: Beginning execution of "us-central1-get_user_leagues" {"metadata":{"emulator":{"name":"functions"},"function":{"name":"us-central1-get_user_leagues"},"extension":{},"message":"Beginning execution of \"us-central1-get_user_leagues\""}}
[debug] [2026-07-10T16:48:46.978Z] [worker-us-central1-get_user_leagues-a48c8ed7-d0a3-4379-a91e-cb3a43c93626]: BUSY {"metadata":{"emulator":{"name":"functions"},"function":{"name":"us-central1-get_user_leagues"},"extension":{},"message":"[worker-us-central1-get_user_leagues-a48c8ed7-d0a3-4379-a91e-cb3a43c93626]: BUSY"}}
[debug] [2026-07-10T16:48:47.616Z] Finishing up request with event=pause {"metadata":{"emulator":{"name":"functions"},"function":{"name":"us-central1-get_user_leagues"},"extension":{},"message":"Finishing up request with event=pause"}}
[info] i  functions: Finished "us-central1-get_user_leagues" in 638.770959ms {"metadata":{"emulator":{"name":"functions"},"function":{"name":"us-central1-get_user_leagues"},"extension":{},"message":"Finished \"us-central1-get_user_leagues\" in 638.770959ms"}}
[debug] [2026-07-10T16:48:47.617Z] [worker-us-central1-get_user_leagues-a48c8ed7-d0a3-4379-a91e-cb3a43c93626]: IDLE {"metadata":{"emulator":{"name":"functions"},"function":{"name":"us-central1-get_user_leagues"},"extension":{},"message":"[worker-us-central1-get_user_leagues-a48c8ed7-d0a3-4379-a91e-cb3a43c93626]: IDLE"}}
[debug] [2026-07-10T16:48:47.618Z] Finishing up request with event=finish {"metadata":{"emulator":{"name":"functions"},"function":{"name":"us-central1-get_user_leagues"},"extension":{},"message":"Finishing up request with event=finish"}}
[debug] [2026-07-10T16:48:47.618Z] Finishing up request with event=close {"metadata":{"emulator":{"name":"functions"},"function":{"name":"us-central1-get_user_leagues"},"extension":{},"message":"Finishing up request with event=close"}}
[debug] [2026-07-10T16:48:47.618Z] [work-queue] {"queuedWork":[],"queueLength":0,"runningWork":[],"workRunningCount":0}
[debug] [2026-07-10T16:48:47.620Z] [work-queue] {"queuedWork":["/demo-no-project/us-central1/get_user_drafts-2026-07-10T16:48:47.620Z"],"queueLength":1,"runningWork":[],"workRunningCount":0}
[debug] [2026-07-10T16:48:47.620Z] [work-queue] {"queuedWork":[],"queueLength":0,"runningWork":["/demo-no-project/us-central1/get_user_drafts-2026-07-10T16:48:47.620Z"],"workRunningCount":1}
[debug] [2026-07-10T16:48:47.620Z] Accepted request GET /demo-no-project/us-central1/get_user_drafts?username=p4t0b4ll3rs --> us-central1-get_user_drafts
[debug] [2026-07-10T16:48:47.620Z] [functions] Runtime ready! Sending request! {"metadata":{"emulator":{"name":"functions"},"message":"[functions] Runtime ready! Sending request!"}}
[debug] [2026-07-10T16:48:47.620Z] [functions] Got req.url=/demo-no-project/us-central1/get_user_drafts?username=p4t0b4ll3rs, mapping to path=/?username=p4t0b4ll3rs {"metadata":{"emulator":{"name":"functions"},"message":"[functions] Got req.url=/demo-no-project/us-central1/get_user_drafts?username=p4t0b4ll3rs, mapping to path=/?username=p4t0b4ll3rs"}}
[debug] [2026-07-10T16:48:47.622Z] Running command with virtualenv: command=., args=["\"/Users/patrickschmidt/github-projects/fantasy-sports-assistant/functions/venv/bin/activate\"","&&","functions-framework"]
[debug] [2026-07-10T16:48:47.623Z] [worker-pool] addWorker(us-central1-get_user_drafts) {"metadata":{"emulator":{"name":"functions"},"message":"[worker-pool] addWorker(us-central1-get_user_drafts)"}}
[debug] [2026-07-10T16:48:47.623Z] [worker-pool] Adding worker with key us-central1-get_user_drafts, total=1 {"metadata":{"emulator":{"name":"functions"},"message":"[worker-pool] Adding worker with key us-central1-get_user_drafts, total=1"}}
[debug] [2026-07-10T16:48:47.932Z] [worker-us-central1-get_user_drafts-fb3e6e48-6270-4581-be48-bf3790f5b2ed]: IDLE {"metadata":{"emulator":{"name":"functions"},"function":{"name":"us-central1-get_user_drafts"},"extension":{},"message":"[worker-us-central1-get_user_drafts-fb3e6e48-6270-4581-be48-bf3790f5b2ed]: IDLE"}}
[debug] [2026-07-10T16:48:47.932Z] [worker-pool] submitRequest(triggerId=us-central1-get_user_drafts) {"metadata":{"emulator":{"name":"functions"},"message":"[worker-pool] submitRequest(triggerId=us-central1-get_user_drafts)"}}
[info] i  functions: Beginning execution of "us-central1-get_user_drafts" {"metadata":{"emulator":{"name":"functions"},"function":{"name":"us-central1-get_user_drafts"},"extension":{},"message":"Beginning execution of \"us-central1-get_user_drafts\""}}
[debug] [2026-07-10T16:48:47.932Z] [worker-us-central1-get_user_drafts-fb3e6e48-6270-4581-be48-bf3790f5b2ed]: BUSY {"metadata":{"emulator":{"name":"functions"},"function":{"name":"us-central1-get_user_drafts"},"extension":{},"message":"[worker-us-central1-get_user_drafts-fb3e6e48-6270-4581-be48-bf3790f5b2ed]: BUSY"}}
[debug] [2026-07-10T16:48:48.325Z] Finishing up request with event=pause {"metadata":{"emulator":{"name":"functions"},"function":{"name":"us-central1-get_user_drafts"},"extension":{},"message":"Finishing up request with event=pause"}}
[info] i  functions: Finished "us-central1-get_user_drafts" in 392.814209ms {"metadata":{"emulator":{"name":"functions"},"function":{"name":"us-central1-get_user_drafts"},"extension":{},"message":"Finished \"us-central1-get_user_drafts\" in 392.814209ms"}}
[debug] [2026-07-10T16:48:48.325Z] [worker-us-central1-get_user_drafts-fb3e6e48-6270-4581-be48-bf3790f5b2ed]: IDLE {"metadata":{"emulator":{"name":"functions"},"function":{"name":"us-central1-get_user_drafts"},"extension":{},"message":"[worker-us-central1-get_user_drafts-fb3e6e48-6270-4581-be48-bf3790f5b2ed]: IDLE"}}
[debug] [2026-07-10T16:48:48.325Z] Finishing up request with event=finish {"metadata":{"emulator":{"name":"functions"},"function":{"name":"us-central1-get_user_drafts"},"extension":{},"message":"Finishing up request with event=finish"}}
[debug] [2026-07-10T16:48:48.325Z] Finishing up request with event=close {"metadata":{"emulator":{"name":"functions"},"function":{"name":"us-central1-get_user_drafts"},"extension":{},"message":"Finishing up request with event=close"}}
[debug] [2026-07-10T16:48:48.326Z] [work-queue] {"queuedWork":[],"queueLength":0,"runningWork":[],"workRunningCount":0}
[debug] [2026-07-10T16:48:50.714Z] [work-queue] {"queuedWork":["/demo-no-project/us-central1/update_data-2026-07-10T16:48:50.714Z"],"queueLength":1,"runningWork":[],"workRunningCount":0}
[debug] [2026-07-10T16:48:50.714Z] [work-queue] {"queuedWork":[],"queueLength":0,"runningWork":["/demo-no-project/us-central1/update_data-2026-07-10T16:48:50.714Z"],"workRunningCount":1}
[debug] [2026-07-10T16:48:50.714Z] Accepted request POST /demo-no-project/us-central1/update_data --> us-central1-update_data
[debug] [2026-07-10T16:48:50.715Z] [functions] Runtime ready! Sending request! {"metadata":{"emulator":{"name":"functions"},"message":"[functions] Runtime ready! Sending request!"}}
[debug] [2026-07-10T16:48:50.715Z] [functions] Got req.url=/demo-no-project/us-central1/update_data, mapping to path=/ {"metadata":{"emulator":{"name":"functions"},"message":"[functions] Got req.url=/demo-no-project/us-central1/update_data, mapping to path=/"}}
[debug] [2026-07-10T16:48:50.717Z] Running command with virtualenv: command=., args=["\"/Users/patrickschmidt/github-projects/fantasy-sports-assistant/functions/venv/bin/activate\"","&&","functions-framework"]
[debug] [2026-07-10T16:48:50.720Z] [worker-pool] addWorker(us-central1-update_data) {"metadata":{"emulator":{"name":"functions"},"message":"[worker-pool] addWorker(us-central1-update_data)"}}
[debug] [2026-07-10T16:48:50.720Z] [worker-pool] Adding worker with key us-central1-update_data, total=1 {"metadata":{"emulator":{"name":"functions"},"message":"[worker-pool] Adding worker with key us-central1-update_data, total=1"}}
[info] >  Fetching latest players data... {"user":"Fetching latest players data...","metadata":{"emulator":{"name":"functions"},"function":{"name":"us-central1-update_data"},"extension":{},"message":">  Fetching latest players data..."}}
[debug] [2026-07-10T16:48:52.339Z] File /Users/patrickschmidt/github-projects/fantasy-sports-assistant/functions/data/players.json changed, reloading triggers {"metadata":{"emulator":{"name":"functions"},"message":"File /Users/patrickschmidt/github-projects/fantasy-sports-assistant/functions/data/players.json changed, reloading triggers"}}
[info] >  Fetching stats for 2023... {"user":"Fetching stats for 2023...","metadata":{"emulator":{"name":"functions"},"function":{"name":"us-central1-update_data"},"extension":{},"message":">  Fetching stats for 2023..."}}
[debug] [2026-07-10T16:48:52.477Z] File /Users/patrickschmidt/github-projects/fantasy-sports-assistant/functions/data/players.json changed, reloading triggers {"metadata":{"emulator":{"name":"functions"},"message":"File /Users/patrickschmidt/github-projects/fantasy-sports-assistant/functions/data/players.json changed, reloading triggers"}}
[info] >  Fetching stats for 2024... {"user":"Fetching stats for 2024...","metadata":{"emulator":{"name":"functions"},"function":{"name":"us-central1-update_data"},"extension":{},"message":">  Fetching stats for 2024..."}}
[debug] [2026-07-10T16:48:52.789Z] File /Users/patrickschmidt/github-projects/fantasy-sports-assistant/functions/data/stats_2023.json changed, reloading triggers {"metadata":{"emulator":{"name":"functions"},"message":"File /Users/patrickschmidt/github-projects/fantasy-sports-assistant/functions/data/stats_2023.json changed, reloading triggers"}}
[debug] [2026-07-10T16:48:52.890Z] File /Users/patrickschmidt/github-projects/fantasy-sports-assistant/functions/data/stats_2023.json changed, reloading triggers {"metadata":{"emulator":{"name":"functions"},"message":"File /Users/patrickschmidt/github-projects/fantasy-sports-assistant/functions/data/stats_2023.json changed, reloading triggers"}}
[info] >  Fetching stats for 2025... {"user":"Fetching stats for 2025...","metadata":{"emulator":{"name":"functions"},"function":{"name":"us-central1-update_data"},"extension":{},"message":">  Fetching stats for 2025..."}}
[debug] [2026-07-10T16:48:53.198Z] File /Users/patrickschmidt/github-projects/fantasy-sports-assistant/functions/data/stats_2024.json changed, reloading triggers {"metadata":{"emulator":{"name":"functions"},"message":"File /Users/patrickschmidt/github-projects/fantasy-sports-assistant/functions/data/stats_2024.json changed, reloading triggers"}}
[debug] [2026-07-10T16:48:53.514Z] File /Users/patrickschmidt/github-projects/fantasy-sports-assistant/functions/data/stats_2025.json changed, reloading triggers {"metadata":{"emulator":{"name":"functions"},"message":"File /Users/patrickschmidt/github-projects/fantasy-sports-assistant/functions/data/stats_2025.json changed, reloading triggers"}}
[info] >  Fetching College Stats for rookies via ESPN... {"user":"Fetching College Stats for rookies via ESPN...","metadata":{"emulator":{"name":"functions"},"function":{"name":"us-central1-update_data"},"extension":{},"message":">  Fetching College Stats for rookies via ESPN..."}}
[info] >  Fetching college stats for Drey Norwood (1/50)... {"user":"Fetching college stats for Drey Norwood (1/50)...","metadata":{"emulator":{"name":"functions"},"function":{"name":"us-central1-update_data"},"extension":{},"message":">  Fetching college stats for Drey Norwood (1/50)..."}}
[debug] [2026-07-10T16:48:53.614Z] File /Users/patrickschmidt/github-projects/fantasy-sports-assistant/functions/data/stats_2025.json changed, reloading triggers {"metadata":{"emulator":{"name":"functions"},"message":"File /Users/patrickschmidt/github-projects/fantasy-sports-assistant/functions/data/stats_2025.json changed, reloading triggers"}}
[debug] [2026-07-10T16:48:54.616Z] Customer code is not Node
[debug] [2026-07-10T16:48:54.616Z] Validating python source
[debug] [2026-07-10T16:48:54.616Z] Building python source
[debug] [2026-07-10T16:48:54.616Z] Could not find functions.yaml. Must use http discovery
[debug] [2026-07-10T16:48:54.618Z] Running command with virtualenv: command=., args=["\"/Users/patrickschmidt/github-projects/fantasy-sports-assistant/functions/venv/bin/activate\"","&&","python3.14","-c","\"import firebase_functions; import os; print(os.path.dirname(firebase_functions.__file__))\""]
[info] >  Fetching college stats for Wade Woodaz (2/50)... {"user":"Fetching college stats for Wade Woodaz (2/50)...","metadata":{"emulator":{"name":"functions"},"function":{"name":"us-central1-update_data"},"extension":{},"message":">  Fetching college stats for Wade Woodaz (2/50)..."}}
[debug] [2026-07-10T16:48:54.668Z] stdout: /Users/patrickschmidt/github-projects/fantasy-sports-assistant/functions/venv/lib/python3.14/site-packages/firebase_functions

[debug] [2026-07-10T16:48:54.671Z] Running admin server with args: ["python3.14","\"/Users/patrickschmidt/github-projects/fantasy-sports-assistant/functions/venv/lib/python3.14/site-packages/firebase_functions/private/serving.py\""] and env: {"GCLOUD_PROJECT":"demo-no-project","K_REVISION":"1","PORT":"80","GOOGLE_CLOUD_QUOTA_PROJECT":"demo-no-project","FUNCTIONS_EMULATOR":"true","TZ":"UTC","FIREBASE_DEBUG_MODE":"true","FIREBASE_DEBUG_FEATURES":"{\"skipTokenVerification\":true,\"enableCors\":true}","FIREBASE_EMULATOR_HUB":"127.0.0.1:4400","CLOUD_EVENTARC_EMULATOR_HOST":"http://127.0.0.1:9299","CLOUD_TASKS_EMULATOR_HOST":"127.0.0.1:9499","FIREBASE_CONFIG":"{\"storageBucket\":\"demo-no-project.appspot.com\",\"databaseURL\":\"https://demo-no-project.firebaseio.com\",\"projectId\":\"demo-no-project\"}","GOOGLE_APPLICATION_CREDENTIALS":"/Users/patrickschmidt/.config/firebase/patrick_schmidt.mail_gmail.com_application_default_credentials.json","ADMIN_PORT":"8081"} in /Users/patrickschmidt/github-projects/fantasy-sports-assistant/functions
[debug] [2026-07-10T16:48:54.672Z] Running command with virtualenv: command=., args=["\"/Users/patrickschmidt/github-projects/fantasy-sports-assistant/functions/venv/bin/activate\"","&&","python3.14","\"/Users/patrickschmidt/github-projects/fantasy-sports-assistant/functions/venv/lib/python3.14/site-packages/firebase_functions/private/serving.py\""]
[info]  * Serving Flask app 'serving'
 * Debug mode: off

[error] WARNING: This is a development server. Do not use it in a production deployment. Use a production WSGI server instead.
 * Running on http://127.0.0.1:8081

[error] Press CTRL+C to quit

[error] 127.0.0.1 - - [10/Jul/2026 16:48:55] "GET /__/functions.yaml HTTP/1.1" 200 -

[debug] [2026-07-10T16:48:55.186Z] Got response from /__/functions.yaml endpoints:
  analyze_draft:
    availableMemoryMb: null
    concurrency: null
    entryPoint: analyze_draft
    httpsTrigger: {}
    ingressSettings: null
    labels: {}
    maxInstances: null
    minInstances: null
    platform: gcfv2
    secretEnvironmentVariables: []
    serviceAccountEmail: null
    timeoutSeconds: null
  analyze_waivers:
    availableMemoryMb: null
    concurrency: null
    entryPoint: analyze_waivers
    httpsTrigger: {}
    ingressSettings: null
    labels: {}
    maxInstances: null
    minInstances: null
    platform: gcfv2
    secretEnvironmentVariables: []
    serviceAccountEmail: null
    timeoutSeconds: null
  get_league_rosters:
    availableMemoryMb: null
    concurrency: null
    entryPoint: get_league_rosters
    httpsTrigger: {}
    ingressSettings: null
    labels: {}
    maxInstances: null
    minInstances: null
    platform: gcfv2
    secretEnvironmentVariables: []
    serviceAccountEmail: null
    timeoutSeconds: null
  get_league_users:
    availableMemoryMb: null
    concurrency: null
    entryPoint: get_league_users
    httpsTrigger: {}
    ingressSettings: null
    labels: {}
    maxInstances: null
    minInstances: null
    platform: gcfv2
    secretEnvironmentVariables: []
    serviceAccountEmail: null
    timeoutSeconds: null
  get_user_drafts:
    availableMemoryMb: null
    concurrency: null
    entryPoint: get_user_drafts
    httpsTrigger: {}
    ingressSettings: null
    labels: {}
    maxInstances: null
    minInstances: null
    platform: gcfv2
    secretEnvironmentVariables: []
    serviceAccountEmail: null
    timeoutSeconds: null
  get_user_leagues:
    availableMemoryMb: null
    concurrency: null
    entryPoint: get_user_leagues
    httpsTrigger: {}
    ingressSettings: null
    labels: {}
    maxInstances: null
    minInstances: null
    platform: gcfv2
    secretEnvironmentVariables: []
    serviceAccountEmail: null
    timeoutSeconds: null
  update_data:
    availableMemoryMb: null
    concurrency: null
    entryPoint: update_data
    httpsTrigger: {}
    ingressSettings: null
    labels: {}
    maxInstances: null
    minInstances: null
    platform: gcfv2
    secretEnvironmentVariables: []
    serviceAccountEmail: null
    timeoutSeconds: null
params: []
requiredAPIs: []
specVersion: v1alpha1

[error] 127.0.0.1 - - [10/Jul/2026 16:48:55] "GET /__/quitquitquit HTTP/1.1" 200 -

[error] /bin/sh: line 1: 31524 Terminated: 15          python3.14 "/Users/patrickschmidt/github-projects/fantasy-sports-assistant/functions/venv/lib/python3.14/site-packages/firebase_functions/private/serving.py"

[info] ✔  functions: Loaded functions definitions from source: analyze_draft, analyze_waivers, get_league_rosters, get_league_users, get_user_drafts, get_user_leagues, update_data. {"metadata":{"emulator":{"name":"functions"},"message":"Loaded functions definitions from source: analyze_draft, analyze_waivers, get_league_rosters, get_league_users, get_user_drafts, get_user_leagues, update_data."}}
[debug] [2026-07-10T16:48:55.193Z] [worker-pool] Shutting down IDLE worker (us-central1-get_user_leagues) {"metadata":{"emulator":{"name":"functions"},"message":"[worker-pool] Shutting down IDLE worker (us-central1-get_user_leagues)"}}
[debug] [2026-07-10T16:48:55.193Z] [worker-us-central1-get_user_leagues-a48c8ed7-d0a3-4379-a91e-cb3a43c93626]: FINISHING {"metadata":{"emulator":{"name":"functions"},"function":{"name":"us-central1-get_user_leagues"},"extension":{},"message":"[worker-us-central1-get_user_leagues-a48c8ed7-d0a3-4379-a91e-cb3a43c93626]: FINISHING"}}
[debug] [2026-07-10T16:48:55.193Z] [worker-pool] Shutting down IDLE worker (us-central1-get_user_drafts) {"metadata":{"emulator":{"name":"functions"},"message":"[worker-pool] Shutting down IDLE worker (us-central1-get_user_drafts)"}}
[debug] [2026-07-10T16:48:55.193Z] [worker-us-central1-get_user_drafts-fb3e6e48-6270-4581-be48-bf3790f5b2ed]: FINISHING {"metadata":{"emulator":{"name":"functions"},"function":{"name":"us-central1-get_user_drafts"},"extension":{},"message":"[worker-us-central1-get_user_drafts-fb3e6e48-6270-4581-be48-bf3790f5b2ed]: FINISHING"}}
[debug] [2026-07-10T16:48:55.194Z] [worker-us-central1-get_user_leagues-a48c8ed7-d0a3-4379-a91e-cb3a43c93626]: exited {"metadata":{"emulator":{"name":"functions"},"function":{"name":"us-central1-get_user_leagues"},"extension":{},"message":"[worker-us-central1-get_user_leagues-a48c8ed7-d0a3-4379-a91e-cb3a43c93626]: exited"}}
[debug] [2026-07-10T16:48:55.194Z] [worker-us-central1-get_user_leagues-a48c8ed7-d0a3-4379-a91e-cb3a43c93626]: FINISHED {"metadata":{"emulator":{"name":"functions"},"function":{"name":"us-central1-get_user_leagues"},"extension":{},"message":"[worker-us-central1-get_user_leagues-a48c8ed7-d0a3-4379-a91e-cb3a43c93626]: FINISHED"}}
[debug] [2026-07-10T16:48:55.194Z] [worker-us-central1-get_user_drafts-fb3e6e48-6270-4581-be48-bf3790f5b2ed]: exited {"metadata":{"emulator":{"name":"functions"},"function":{"name":"us-central1-get_user_drafts"},"extension":{},"message":"[worker-us-central1-get_user_drafts-fb3e6e48-6270-4581-be48-bf3790f5b2ed]: exited"}}
[debug] [2026-07-10T16:48:55.194Z] [worker-us-central1-get_user_drafts-fb3e6e48-6270-4581-be48-bf3790f5b2ed]: FINISHED {"metadata":{"emulator":{"name":"functions"},"function":{"name":"us-central1-get_user_drafts"},"extension":{},"message":"[worker-us-central1-get_user_drafts-fb3e6e48-6270-4581-be48-bf3790f5b2ed]: FINISHED"}}
[info] >  Fetching college stats for Aidan Keanaaina (3/50)... {"user":"Fetching college stats for Aidan Keanaaina (3/50)...","metadata":{"emulator":{"name":"functions"},"function":{"name":"us-central1-update_data"},"extension":{},"message":">  Fetching college stats for Aidan Keanaaina (3/50)..."}}
[info] >  Fetching college stats for Cam Miller (4/50)... {"user":"Fetching college stats for Cam Miller (4/50)...","metadata":{"emulator":{"name":"functions"},"function":{"name":"us-central1-update_data"},"extension":{},"message":">  Fetching college stats for Cam Miller (4/50)..."}}
[info] >  Fetching college stats for Tamatoa McDonough (5/50)... {"user":"Fetching college stats for Tamatoa McDonough (5/50)...","metadata":{"emulator":{"name":"functions"},"function":{"name":"us-central1-update_data"},"extension":{},"message":">  Fetching college stats for Tamatoa McDonough (5/50)..."}}
[info] >  Fetching college stats for Chris Brazzell (6/50)... {"user":"Fetching college stats for Chris Brazzell (6/50)...","metadata":{"emulator":{"name":"functions"},"function":{"name":"us-central1-update_data"},"extension":{},"message":">  Fetching college stats for Chris Brazzell (6/50)..."}}
[info] >  Fetching college stats for Payton Zdroik (7/50)... {"user":"Fetching college stats for Payton Zdroik (7/50)...","metadata":{"emulator":{"name":"functions"},"function":{"name":"us-central1-update_data"},"extension":{},"message":">  Fetching college stats for Payton Zdroik (7/50)..."}}
[info] >  Fetching college stats for Lee Hunter (8/50)... {"user":"Fetching college stats for Lee Hunter (8/50)...","metadata":{"emulator":{"name":"functions"},"function":{"name":"us-central1-update_data"},"extension":{},"message":">  Fetching college stats for Lee Hunter (8/50)..."}}
[info] >  Fetching college stats for Christen Miller (9/50)... {"user":"Fetching college stats for Christen Miller (9/50)...","metadata":{"emulator":{"name":"functions"},"function":{"name":"us-central1-update_data"},"extension":{},"message":">  Fetching college stats for Christen Miller (9/50)..."}}
[info] >  Fetching college stats for Stephen Dix (10/50)... {"user":"Fetching college stats for Stephen Dix (10/50)...","metadata":{"emulator":{"name":"functions"},"function":{"name":"us-central1-update_data"},"extension":{},"message":">  Fetching college stats for Stephen Dix (10/50)..."}}
[info] >  Fetching college stats for Jadarian Price (11/50)... {"user":"Fetching college stats for Jadarian Price (11/50)...","metadata":{"emulator":{"name":"functions"},"function":{"name":"us-central1-update_data"},"extension":{},"message":">  Fetching college stats for Jadarian Price (11/50)..."}}
[info] >  Fetching college stats for Elijah Culp (12/50)... {"user":"Fetching college stats for Elijah Culp (12/50)...","metadata":{"emulator":{"name":"functions"},"function":{"name":"us-central1-update_data"},"extension":{},"message":">  Fetching college stats for Elijah Culp (12/50)..."}}
[info] >  Fetching college stats for Romello Height (13/50)... {"user":"Fetching college stats for Romello Height (13/50)...","metadata":{"emulator":{"name":"functions"},"function":{"name":"us-central1-update_data"},"extension":{},"message":">  Fetching college stats for Romello Height (13/50)..."}}
[info] >  Fetching college stats for Julian Neal (14/50)... {"user":"Fetching college stats for Julian Neal (14/50)...","metadata":{"emulator":{"name":"functions"},"function":{"name":"us-central1-update_data"},"extension":{},"message":">  Fetching college stats for Julian Neal (14/50)..."}}
[info] >  Fetching college stats for Jakobe Thomas (15/50)... {"user":"Fetching college stats for Jakobe Thomas (15/50)...","metadata":{"emulator":{"name":"functions"},"function":{"name":"us-central1-update_data"},"extension":{},"message":">  Fetching college stats for Jakobe Thomas (15/50)..."}}
[info] >  Fetching college stats for Theron Gaines (16/50)... {"user":"Fetching college stats for Theron Gaines (16/50)...","metadata":{"emulator":{"name":"functions"},"function":{"name":"us-central1-update_data"},"extension":{},"message":">  Fetching college stats for Theron Gaines (16/50)..."}}
[info] >  Fetching college stats for Jailin Walker (17/50)... {"user":"Fetching college stats for Jailin Walker (17/50)...","metadata":{"emulator":{"name":"functions"},"function":{"name":"us-central1-update_data"},"extension":{},"message":">  Fetching college stats for Jailin Walker (17/50)..."}}
[info] >  Fetching college stats for Caleb Downs (18/50)... {"user":"Fetching college stats for Caleb Downs (18/50)...","metadata":{"emulator":{"name":"functions"},"function":{"name":"us-central1-update_data"},"extension":{},"message":">  Fetching college stats for Caleb Downs (18/50)..."}}
[info] >  Fetching college stats for Tony Grimes (19/50)... {"user":"Fetching college stats for Tony Grimes (19/50)...","metadata":{"emulator":{"name":"functions"},"function":{"name":"us-central1-update_data"},"extension":{},"message":">  Fetching college stats for Tony Grimes (19/50)..."}}
[info] >  Fetching college stats for Cole Wisniewski (20/50)... {"user":"Fetching college stats for Cole Wisniewski (20/50)...","metadata":{"emulator":{"name":"functions"},"function":{"name":"us-central1-update_data"},"extension":{},"message":">  Fetching college stats for Cole Wisniewski (20/50)..."}}
[info] >  Fetching college stats for Will Lee (21/50)... {"user":"Fetching college stats for Will Lee (21/50)...","metadata":{"emulator":{"name":"functions"},"function":{"name":"us-central1-update_data"},"extension":{},"message":">  Fetching college stats for Will Lee (21/50)..."}}
[info] >  Fetching college stats for Devan Boykin (22/50)... {"user":"Fetching college stats for Devan Boykin (22/50)...","metadata":{"emulator":{"name":"functions"},"function":{"name":"us-central1-update_data"},"extension":{},"message":">  Fetching college stats for Devan Boykin (22/50)..."}}
[info] >  Fetching college stats for Bernard Gooden (23/50)... {"user":"Fetching college stats for Bernard Gooden (23/50)...","metadata":{"emulator":{"name":"functions"},"function":{"name":"us-central1-update_data"},"extension":{},"message":">  Fetching college stats for Bernard Gooden (23/50)..."}}
[info] >  Fetching college stats for Joshua Josephs (24/50)... {"user":"Fetching college stats for Joshua Josephs (24/50)...","metadata":{"emulator":{"name":"functions"},"function":{"name":"us-central1-update_data"},"extension":{},"message":">  Fetching college stats for Joshua Josephs (24/50)..."}}
[info] >  Fetching college stats for Malachi Fields (25/50)... {"user":"Fetching college stats for Malachi Fields (25/50)...","metadata":{"emulator":{"name":"functions"},"function":{"name":"us-central1-update_data"},"extension":{},"message":">  Fetching college stats for Malachi Fields (25/50)..."}}
[info] >  Fetching college stats for David Blay (26/50)... {"user":"Fetching college stats for David Blay (26/50)...","metadata":{"emulator":{"name":"functions"},"function":{"name":"us-central1-update_data"},"extension":{},"message":">  Fetching college stats for David Blay (26/50)..."}}
[error] ⬢  functions: Failed to handle request for function us-central1-update_data {"metadata":{"emulator":{"name":"functions"},"message":"Failed to handle request for function us-central1-update_data"}}
[error] ⬢  functions: Failed to start functions in /Users/patrickschmidt/github-projects/fantasy-sports-assistant/functions: Failed to load function. {"metadata":{"emulator":{"name":"functions"},"message":"Failed to start functions in /Users/patrickschmidt/github-projects/fantasy-sports-assistant/functions: Failed to load function."}}
[debug] [2026-07-10T16:49:20.723Z] [work-queue] {"queuedWork":[],"queueLength":0,"runningWork":[],"workRunningCount":0}
[info] >  Fetching college stats for Treydan Stukes (27/50)... {"user":"Fetching college stats for Treydan Stukes (27/50)...","metadata":{"emulator":{"name":"functions"},"function":{"name":"us-central1-update_data"},"extension":{},"message":">  Fetching college stats for Treydan Stukes (27/50)..."}}
[info] >  Fetching college stats for Anthony Lucas (28/50)... {"user":"Fetching college stats for Anthony Lucas (28/50)...","metadata":{"emulator":{"name":"functions"},"function":{"name":"us-central1-update_data"},"extension":{},"message":">  Fetching college stats for Anthony Lucas (28/50)..."}}
[info] >  Fetching college stats for Rodney Shelley (29/50)... {"user":"Fetching college stats for Rodney Shelley (29/50)...","metadata":{"emulator":{"name":"functions"},"function":{"name":"us-central1-update_data"},"extension":{},"message":">  Fetching college stats for Rodney Shelley (29/50)..."}}
[info] >  Fetching college stats for Red Murdock (30/50)... {"user":"Fetching college stats for Red Murdock (30/50)...","metadata":{"emulator":{"name":"functions"},"function":{"name":"us-central1-update_data"},"extension":{},"message":">  Fetching college stats for Red Murdock (30/50)..."}}
[info] >  Fetching college stats for Keyron Crawford (31/50)... {"user":"Fetching college stats for Keyron Crawford (31/50)...","metadata":{"emulator":{"name":"functions"},"function":{"name":"us-central1-update_data"},"extension":{},"message":">  Fetching college stats for Keyron Crawford (31/50)..."}}
[info] >  Fetching college stats for Wayne Matthews (32/50)... {"user":"Fetching college stats for Wayne Matthews (32/50)...","metadata":{"emulator":{"name":"functions"},"function":{"name":"us-central1-update_data"},"extension":{},"message":">  Fetching college stats for Wayne Matthews (32/50)..."}}
[info] >  Fetching college stats for Dashawn Jones (33/50)... {"user":"Fetching college stats for Dashawn Jones (33/50)...","metadata":{"emulator":{"name":"functions"},"function":{"name":"us-central1-update_data"},"extension":{},"message":">  Fetching college stats for Dashawn Jones (33/50)..."}}
[info] >  Fetching college stats for Aamaris Brown (34/50)... {"user":"Fetching college stats for Aamaris Brown (34/50)...","metadata":{"emulator":{"name":"functions"},"function":{"name":"us-central1-update_data"},"extension":{},"message":">  Fetching college stats for Aamaris Brown (34/50)..."}}
[info] >  Fetching college stats for Keyshawn James-Newby (35/50)... {"user":"Fetching college stats for Keyshawn James-Newby (35/50)...","metadata":{"emulator":{"name":"functions"},"function":{"name":"us-central1-update_data"},"extension":{},"message":">  Fetching college stats for Keyshawn James-Newby (35/50)..."}}
[info] >  Fetching college stats for Dion Wilson (36/50)... {"user":"Fetching college stats for Dion Wilson (36/50)...","metadata":{"emulator":{"name":"functions"},"function":{"name":"us-central1-update_data"},"extension":{},"message":">  Fetching college stats for Dion Wilson (36/50)..."}}
[info] >  Fetching college stats for DeShon Singleton (37/50)... {"user":"Fetching college stats for DeShon Singleton (37/50)...","metadata":{"emulator":{"name":"functions"},"function":{"name":"us-central1-update_data"},"extension":{},"message":">  Fetching college stats for DeShon Singleton (37/50)..."}}
[info] >  Fetching college stats for Kendal Daniels (38/50)... {"user":"Fetching college stats for Kendal Daniels (38/50)...","metadata":{"emulator":{"name":"functions"},"function":{"name":"us-central1-update_data"},"extension":{},"message":">  Fetching college stats for Kendal Daniels (38/50)..."}}
[info] >  Fetching college stats for Travis Shaw (39/50)... {"user":"Fetching college stats for Travis Shaw (39/50)...","metadata":{"emulator":{"name":"functions"},"function":{"name":"us-central1-update_data"},"extension":{},"message":">  Fetching college stats for Travis Shaw (39/50)..."}}
[info] >  Fetching college stats for Carnell Tate (40/50)... {"user":"Fetching college stats for Carnell Tate (40/50)...","metadata":{"emulator":{"name":"functions"},"function":{"name":"us-central1-update_data"},"extension":{},"message":">  Fetching college stats for Carnell Tate (40/50)..."}}
[info] >  Fetching college stats for Isaiah Smith (41/50)... {"user":"Fetching college stats for Isaiah Smith (41/50)...","metadata":{"emulator":{"name":"functions"},"function":{"name":"us-central1-update_data"},"extension":{},"message":">  Fetching college stats for Isaiah Smith (41/50)..."}}
[info] >  Fetching college stats for Xavian Sorey (42/50)... {"user":"Fetching college stats for Xavian Sorey (42/50)...","metadata":{"emulator":{"name":"functions"},"function":{"name":"us-central1-update_data"},"extension":{},"message":">  Fetching college stats for Xavian Sorey (42/50)..."}}
[info] >  Fetching college stats for Kendrick Blackshire (43/50)... {"user":"Fetching college stats for Kendrick Blackshire (43/50)...","metadata":{"emulator":{"name":"functions"},"function":{"name":"us-central1-update_data"},"extension":{},"message":">  Fetching college stats for Kendrick Blackshire (43/50)..."}}
[info] >  Fetching college stats for Silas Walters (44/50)... {"user":"Fetching college stats for Silas Walters (44/50)...","metadata":{"emulator":{"name":"functions"},"function":{"name":"us-central1-update_data"},"extension":{},"message":">  Fetching college stats for Silas Walters (44/50)..."}}
[info] >  Fetching college stats for Myles Rowser (45/50)... {"user":"Fetching college stats for Myles Rowser (45/50)...","metadata":{"emulator":{"name":"functions"},"function":{"name":"us-central1-update_data"},"extension":{},"message":">  Fetching college stats for Myles Rowser (45/50)..."}}
[info] >  Fetching college stats for Colton Hood (46/50)... {"user":"Fetching college stats for Colton Hood (46/50)...","metadata":{"emulator":{"name":"functions"},"function":{"name":"us-central1-update_data"},"extension":{},"message":">  Fetching college stats for Colton Hood (46/50)..."}}
[info] >  Fetching college stats for Jaden Keller (47/50)... {"user":"Fetching college stats for Jaden Keller (47/50)...","metadata":{"emulator":{"name":"functions"},"function":{"name":"us-central1-update_data"},"extension":{},"message":">  Fetching college stats for Jaden Keller (47/50)..."}}
[info] >  Fetching college stats for Daveren Rayner (48/50)... {"user":"Fetching college stats for Daveren Rayner (48/50)...","metadata":{"emulator":{"name":"functions"},"function":{"name":"us-central1-update_data"},"extension":{},"message":">  Fetching college stats for Daveren Rayner (48/50)..."}}
[info] >  Fetching college stats for Jeremiyah Love (49/50)... {"user":"Fetching college stats for Jeremiyah Love (49/50)...","metadata":{"emulator":{"name":"functions"},"function":{"name":"us-central1-update_data"},"extension":{},"message":">  Fetching college stats for Jeremiyah Love (49/50)..."}}
[info] >  Fetching college stats for Ahmad Moten (50/50)... {"user":"Fetching college stats for Ahmad Moten (50/50)...","metadata":{"emulator":{"name":"functions"},"function":{"name":"us-central1-update_data"},"extension":{},"message":">  Fetching college stats for Ahmad Moten (50/50)..."}}
[debug] [2026-07-10T16:49:47.408Z] [worker-us-central1-update_data-a2bf5908-7e1c-461a-9221-e8a05f6efe26]: IDLE {"metadata":{"emulator":{"name":"functions"},"function":{"name":"us-central1-update_data"},"extension":{},"message":"[worker-us-central1-update_data-a2bf5908-7e1c-461a-9221-e8a05f6efe26]: IDLE"}}
[debug] [2026-07-10T16:49:47.603Z] File /Users/patrickschmidt/github-projects/fantasy-sports-assistant/functions/data/college_stats.json changed, reloading triggers {"metadata":{"emulator":{"name":"functions"},"message":"File /Users/patrickschmidt/github-projects/fantasy-sports-assistant/functions/data/college_stats.json changed, reloading triggers"}}
[debug] [2026-07-10T16:49:48.604Z] Customer code is not Node
[debug] [2026-07-10T16:49:48.604Z] Validating python source
[debug] [2026-07-10T16:49:48.604Z] Building python source
[debug] [2026-07-10T16:49:48.604Z] Could not find functions.yaml. Must use http discovery
[debug] [2026-07-10T16:49:48.605Z] Running command with virtualenv: command=., args=["\"/Users/patrickschmidt/github-projects/fantasy-sports-assistant/functions/venv/bin/activate\"","&&","python3.14","-c","\"import firebase_functions; import os; print(os.path.dirname(firebase_functions.__file__))\""]
[debug] [2026-07-10T16:49:48.640Z] stdout: /Users/patrickschmidt/github-projects/fantasy-sports-assistant/functions/venv/lib/python3.14/site-packages/firebase_functions

[debug] [2026-07-10T16:49:48.643Z] Running admin server with args: ["python3.14","\"/Users/patrickschmidt/github-projects/fantasy-sports-assistant/functions/venv/lib/python3.14/site-packages/firebase_functions/private/serving.py\""] and env: {"GCLOUD_PROJECT":"demo-no-project","K_REVISION":"1","PORT":"80","GOOGLE_CLOUD_QUOTA_PROJECT":"demo-no-project","FUNCTIONS_EMULATOR":"true","TZ":"UTC","FIREBASE_DEBUG_MODE":"true","FIREBASE_DEBUG_FEATURES":"{\"skipTokenVerification\":true,\"enableCors\":true}","FIREBASE_EMULATOR_HUB":"127.0.0.1:4400","CLOUD_EVENTARC_EMULATOR_HOST":"http://127.0.0.1:9299","CLOUD_TASKS_EMULATOR_HOST":"127.0.0.1:9499","FIREBASE_CONFIG":"{\"storageBucket\":\"demo-no-project.appspot.com\",\"databaseURL\":\"https://demo-no-project.firebaseio.com\",\"projectId\":\"demo-no-project\"}","GOOGLE_APPLICATION_CREDENTIALS":"/Users/patrickschmidt/.config/firebase/patrick_schmidt.mail_gmail.com_application_default_credentials.json","ADMIN_PORT":"8081"} in /Users/patrickschmidt/github-projects/fantasy-sports-assistant/functions
[debug] [2026-07-10T16:49:48.643Z] Running command with virtualenv: command=., args=["\"/Users/patrickschmidt/github-projects/fantasy-sports-assistant/functions/venv/bin/activate\"","&&","python3.14","\"/Users/patrickschmidt/github-projects/fantasy-sports-assistant/functions/venv/lib/python3.14/site-packages/firebase_functions/private/serving.py\""]
[info]  * Serving Flask app 'serving'
 * Debug mode: off

[error] WARNING: This is a development server. Do not use it in a production deployment. Use a production WSGI server instead.
 * Running on http://127.0.0.1:8081

[error] Press CTRL+C to quit

[error] 127.0.0.1 - - [10/Jul/2026 16:49:49] "GET /__/functions.yaml HTTP/1.1" 200 -

[debug] [2026-07-10T16:49:49.159Z] Got response from /__/functions.yaml endpoints:
  analyze_draft:
    availableMemoryMb: null
    concurrency: null
    entryPoint: analyze_draft
    httpsTrigger: {}
    ingressSettings: null
    labels: {}
    maxInstances: null
    minInstances: null
    platform: gcfv2
    secretEnvironmentVariables: []
    serviceAccountEmail: null
    timeoutSeconds: null
  analyze_waivers:
    availableMemoryMb: null
    concurrency: null
    entryPoint: analyze_waivers
    httpsTrigger: {}
    ingressSettings: null
    labels: {}
    maxInstances: null
    minInstances: null
    platform: gcfv2
    secretEnvironmentVariables: []
    serviceAccountEmail: null
    timeoutSeconds: null
  get_league_rosters:
    availableMemoryMb: null
    concurrency: null
    entryPoint: get_league_rosters
    httpsTrigger: {}
    ingressSettings: null
    labels: {}
    maxInstances: null
    minInstances: null
    platform: gcfv2
    secretEnvironmentVariables: []
    serviceAccountEmail: null
    timeoutSeconds: null
  get_league_users:
    availableMemoryMb: null
    concurrency: null
    entryPoint: get_league_users
    httpsTrigger: {}
    ingressSettings: null
    labels: {}
    maxInstances: null
    minInstances: null
    platform: gcfv2
    secretEnvironmentVariables: []
    serviceAccountEmail: null
    timeoutSeconds: null
  get_user_drafts:
    availableMemoryMb: null
    concurrency: null
    entryPoint: get_user_drafts
    httpsTrigger: {}
    ingressSettings: null
    labels: {}
    maxInstances: null
    minInstances: null
    platform: gcfv2
    secretEnvironmentVariables: []
    serviceAccountEmail: null
    timeoutSeconds: null
  get_user_leagues:
    availableMemoryMb: null
    concurrency: null
    entryPoint: get_user_leagues
    httpsTrigger: {}
    ingressSettings: null
    labels: {}
    maxInstances: null
    minInstances: null
    platform: gcfv2
    secretEnvironmentVariables: []
    serviceAccountEmail: null
    timeoutSeconds: null
  update_data:
    availableMemoryMb: null
    concurrency: null
    entryPoint: update_data
    httpsTrigger: {}
    ingressSettings: null
    labels: {}
    maxInstances: null
    minInstances: null
    platform: gcfv2
    secretEnvironmentVariables: []
    serviceAccountEmail: null
    timeoutSeconds: null
params: []
requiredAPIs: []
specVersion: v1alpha1

[error] 127.0.0.1 - - [10/Jul/2026 16:49:49] "GET /__/quitquitquit HTTP/1.1" 200 -

[error] /bin/sh: line 1: 31541 Terminated: 15          python3.14 "/Users/patrickschmidt/github-projects/fantasy-sports-assistant/functions/venv/lib/python3.14/site-packages/firebase_functions/private/serving.py"

[info] ✔  functions: Loaded functions definitions from source: analyze_draft, analyze_waivers, get_league_rosters, get_league_users, get_user_drafts, get_user_leagues, update_data. {"metadata":{"emulator":{"name":"functions"},"message":"Loaded functions definitions from source: analyze_draft, analyze_waivers, get_league_rosters, get_league_users, get_user_drafts, get_user_leagues, update_data."}}
[debug] [2026-07-10T16:49:49.165Z] [worker-pool] Shutting down IDLE worker (us-central1-update_data) {"metadata":{"emulator":{"name":"functions"},"message":"[worker-pool] Shutting down IDLE worker (us-central1-update_data)"}}
[debug] [2026-07-10T16:49:49.165Z] [worker-us-central1-update_data-a2bf5908-7e1c-461a-9221-e8a05f6efe26]: FINISHING {"metadata":{"emulator":{"name":"functions"},"function":{"name":"us-central1-update_data"},"extension":{},"message":"[worker-us-central1-update_data-a2bf5908-7e1c-461a-9221-e8a05f6efe26]: FINISHING"}}
[debug] [2026-07-10T16:49:49.165Z] [worker-us-central1-update_data-a2bf5908-7e1c-461a-9221-e8a05f6efe26]: exited {"metadata":{"emulator":{"name":"functions"},"function":{"name":"us-central1-update_data"},"extension":{},"message":"[worker-us-central1-update_data-a2bf5908-7e1c-461a-9221-e8a05f6efe26]: exited"}}
[debug] [2026-07-10T16:49:49.165Z] [worker-us-central1-update_data-a2bf5908-7e1c-461a-9221-e8a05f6efe26]: FINISHED {"metadata":{"emulator":{"name":"functions"},"function":{"name":"us-central1-update_data"},"extension":{},"message":"[worker-us-central1-update_data-a2bf5908-7e1c-461a-9221-e8a05f6efe26]: FINISHED"}}
[debug] [2026-08-07T20:15:10.188Z] [work-queue] {"queuedWork":["/demo-no-project/us-central1/get_user_leagues-2026-08-07T20:15:10.187Z"],"queueLength":1,"runningWork":[],"workRunningCount":0}
[debug] [2026-08-07T20:15:10.194Z] [work-queue] {"queuedWork":[],"queueLength":0,"runningWork":["/demo-no-project/us-central1/get_user_leagues-2026-08-07T20:15:10.187Z"],"workRunningCount":1}
[debug] [2026-08-07T20:15:10.194Z] Accepted request GET /demo-no-project/us-central1/get_user_leagues?username=p4t0b4ll3rs --> us-central1-get_user_leagues
[debug] [2026-08-07T20:15:10.198Z] [functions] Runtime ready! Sending request! {"metadata":{"emulator":{"name":"functions"},"message":"[functions] Runtime ready! Sending request!"}}
[debug] [2026-08-07T20:15:10.199Z] [functions] Got req.url=/demo-no-project/us-central1/get_user_leagues?username=p4t0b4ll3rs, mapping to path=/?username=p4t0b4ll3rs {"metadata":{"emulator":{"name":"functions"},"message":"[functions] Got req.url=/demo-no-project/us-central1/get_user_leagues?username=p4t0b4ll3rs, mapping to path=/?username=p4t0b4ll3rs"}}
[debug] [2026-08-07T20:15:10.200Z] [worker-pool] Cleaned up workers for us-central1-get_user_leagues: 1 --> 0 {"metadata":{"emulator":{"name":"functions"},"message":"[worker-pool] Cleaned up workers for us-central1-get_user_leagues: 1 --> 0"}}
[debug] [2026-08-07T20:15:10.200Z] [worker-pool] Cleaned up workers for us-central1-get_user_drafts: 1 --> 0 {"metadata":{"emulator":{"name":"functions"},"message":"[worker-pool] Cleaned up workers for us-central1-get_user_drafts: 1 --> 0"}}
[debug] [2026-08-07T20:15:10.200Z] [worker-pool] Cleaned up workers for us-central1-update_data: 1 --> 0 {"metadata":{"emulator":{"name":"functions"},"message":"[worker-pool] Cleaned up workers for us-central1-update_data: 1 --> 0"}}
[debug] [2026-08-07T20:15:10.216Z] Running command with virtualenv: command=., args=["\"/Users/patrickschmidt/github-projects/fantasy-sports-assistant/functions/venv/bin/activate\"","&&","functions-framework"]
[debug] [2026-08-07T20:15:10.218Z] [worker-pool] addWorker(us-central1-get_user_leagues) {"metadata":{"emulator":{"name":"functions"},"message":"[worker-pool] addWorker(us-central1-get_user_leagues)"}}
[debug] [2026-08-07T20:15:10.219Z] [worker-pool] Adding worker with key us-central1-get_user_leagues, total=1 {"metadata":{"emulator":{"name":"functions"},"message":"[worker-pool] Adding worker with key us-central1-get_user_leagues, total=1"}}
[debug] [2026-08-07T20:15:10.735Z] [worker-us-central1-get_user_leagues-bd5eed15-99ca-41fe-bd7c-9dabe301062a]: IDLE {"metadata":{"emulator":{"name":"functions"},"function":{"name":"us-central1-get_user_leagues"},"extension":{},"message":"[worker-us-central1-get_user_leagues-bd5eed15-99ca-41fe-bd7c-9dabe301062a]: IDLE"}}
[debug] [2026-08-07T20:15:10.735Z] [worker-pool] submitRequest(triggerId=us-central1-get_user_leagues) {"metadata":{"emulator":{"name":"functions"},"message":"[worker-pool] submitRequest(triggerId=us-central1-get_user_leagues)"}}
[info] i  functions: Beginning execution of "us-central1-get_user_leagues" {"metadata":{"emulator":{"name":"functions"},"function":{"name":"us-central1-get_user_leagues"},"extension":{},"message":"Beginning execution of \"us-central1-get_user_leagues\""}}
[debug] [2026-08-07T20:15:10.736Z] [worker-us-central1-get_user_leagues-bd5eed15-99ca-41fe-bd7c-9dabe301062a]: BUSY {"metadata":{"emulator":{"name":"functions"},"function":{"name":"us-central1-get_user_leagues"},"extension":{},"message":"[worker-us-central1-get_user_leagues-bd5eed15-99ca-41fe-bd7c-9dabe301062a]: BUSY"}}
[debug] [2026-08-07T20:15:11.329Z] Finishing up request with event=pause {"metadata":{"emulator":{"name":"functions"},"function":{"name":"us-central1-get_user_leagues"},"extension":{},"message":"Finishing up request with event=pause"}}
[info] i  functions: Finished "us-central1-get_user_leagues" in 592.982542ms {"metadata":{"emulator":{"name":"functions"},"function":{"name":"us-central1-get_user_leagues"},"extension":{},"message":"Finished \"us-central1-get_user_leagues\" in 592.982542ms"}}
[debug] [2026-08-07T20:15:11.329Z] [worker-us-central1-get_user_leagues-bd5eed15-99ca-41fe-bd7c-9dabe301062a]: IDLE {"metadata":{"emulator":{"name":"functions"},"function":{"name":"us-central1-get_user_leagues"},"extension":{},"message":"[worker-us-central1-get_user_leagues-bd5eed15-99ca-41fe-bd7c-9dabe301062a]: IDLE"}}
[debug] [2026-08-07T20:15:11.329Z] Finishing up request with event=finish {"metadata":{"emulator":{"name":"functions"},"function":{"name":"us-central1-get_user_leagues"},"extension":{},"message":"Finishing up request with event=finish"}}
[debug] [2026-08-07T20:15:11.329Z] Finishing up request with event=close {"metadata":{"emulator":{"name":"functions"},"function":{"name":"us-central1-get_user_leagues"},"extension":{},"message":"Finishing up request with event=close"}}
[debug] [2026-08-07T20:15:11.329Z] [work-queue] {"queuedWork":[],"queueLength":0,"runningWork":[],"workRunningCount":0}
[debug] [2026-08-07T20:15:11.332Z] [work-queue] {"queuedWork":["/demo-no-project/us-central1/get_user_drafts-2026-08-07T20:15:11.332Z"],"queueLength":1,"runningWork":[],"workRunningCount":0}
[debug] [2026-08-07T20:15:11.332Z] [work-queue] {"queuedWork":[],"queueLength":0,"runningWork":["/demo-no-project/us-central1/get_user_drafts-2026-08-07T20:15:11.332Z"],"workRunningCount":1}
[debug] [2026-08-07T20:15:11.332Z] Accepted request GET /demo-no-project/us-central1/get_user_drafts?username=p4t0b4ll3rs --> us-central1-get_user_drafts
[debug] [2026-08-07T20:15:11.332Z] [functions] Runtime ready! Sending request! {"metadata":{"emulator":{"name":"functions"},"message":"[functions] Runtime ready! Sending request!"}}
[debug] [2026-08-07T20:15:11.333Z] [functions] Got req.url=/demo-no-project/us-central1/get_user_drafts?username=p4t0b4ll3rs, mapping to path=/?username=p4t0b4ll3rs {"metadata":{"emulator":{"name":"functions"},"message":"[functions] Got req.url=/demo-no-project/us-central1/get_user_drafts?username=p4t0b4ll3rs, mapping to path=/?username=p4t0b4ll3rs"}}
[debug] [2026-08-07T20:15:11.334Z] Running command with virtualenv: command=., args=["\"/Users/patrickschmidt/github-projects/fantasy-sports-assistant/functions/venv/bin/activate\"","&&","functions-framework"]
[debug] [2026-08-07T20:15:11.335Z] [worker-pool] addWorker(us-central1-get_user_drafts) {"metadata":{"emulator":{"name":"functions"},"message":"[worker-pool] addWorker(us-central1-get_user_drafts)"}}
[debug] [2026-08-07T20:15:11.335Z] [worker-pool] Adding worker with key us-central1-get_user_drafts, total=1 {"metadata":{"emulator":{"name":"functions"},"message":"[worker-pool] Adding worker with key us-central1-get_user_drafts, total=1"}}
[debug] [2026-08-07T20:15:11.642Z] [worker-us-central1-get_user_drafts-6b52b033-fdd7-4e76-835d-5f7671d28df8]: IDLE {"metadata":{"emulator":{"name":"functions"},"function":{"name":"us-central1-get_user_drafts"},"extension":{},"message":"[worker-us-central1-get_user_drafts-6b52b033-fdd7-4e76-835d-5f7671d28df8]: IDLE"}}
[debug] [2026-08-07T20:15:11.643Z] [worker-pool] submitRequest(triggerId=us-central1-get_user_drafts) {"metadata":{"emulator":{"name":"functions"},"message":"[worker-pool] submitRequest(triggerId=us-central1-get_user_drafts)"}}
[info] i  functions: Beginning execution of "us-central1-get_user_drafts" {"metadata":{"emulator":{"name":"functions"},"function":{"name":"us-central1-get_user_drafts"},"extension":{},"message":"Beginning execution of \"us-central1-get_user_drafts\""}}
[debug] [2026-08-07T20:15:11.643Z] [worker-us-central1-get_user_drafts-6b52b033-fdd7-4e76-835d-5f7671d28df8]: BUSY {"metadata":{"emulator":{"name":"functions"},"function":{"name":"us-central1-get_user_drafts"},"extension":{},"message":"[worker-us-central1-get_user_drafts-6b52b033-fdd7-4e76-835d-5f7671d28df8]: BUSY"}}
[debug] [2026-08-07T20:15:11.983Z] Finishing up request with event=pause {"metadata":{"emulator":{"name":"functions"},"function":{"name":"us-central1-get_user_drafts"},"extension":{},"message":"Finishing up request with event=pause"}}
[info] i  functions: Finished "us-central1-get_user_drafts" in 340.510625ms {"metadata":{"emulator":{"name":"functions"},"function":{"name":"us-central1-get_user_drafts"},"extension":{},"message":"Finished \"us-central1-get_user_drafts\" in 340.510625ms"}}
[debug] [2026-08-07T20:15:11.991Z] [worker-us-central1-get_user_drafts-6b52b033-fdd7-4e76-835d-5f7671d28df8]: IDLE {"metadata":{"emulator":{"name":"functions"},"function":{"name":"us-central1-get_user_drafts"},"extension":{},"message":"[worker-us-central1-get_user_drafts-6b52b033-fdd7-4e76-835d-5f7671d28df8]: IDLE"}}
[debug] [2026-08-07T20:15:11.991Z] Finishing up request with event=finish {"metadata":{"emulator":{"name":"functions"},"function":{"name":"us-central1-get_user_drafts"},"extension":{},"message":"Finishing up request with event=finish"}}
[debug] [2026-08-07T20:15:11.991Z] Finishing up request with event=close {"metadata":{"emulator":{"name":"functions"},"function":{"name":"us-central1-get_user_drafts"},"extension":{},"message":"Finishing up request with event=close"}}
[debug] [2026-08-07T20:15:11.991Z] [work-queue] {"queuedWork":[],"queueLength":0,"runningWork":[],"workRunningCount":0}
[debug] [2026-08-07T20:15:43.260Z] [work-queue] {"queuedWork":["/demo-no-project/us-central1/update_data-2026-08-07T20:15:43.260Z"],"queueLength":1,"runningWork":[],"workRunningCount":0}
[debug] [2026-08-07T20:15:43.260Z] [work-queue] {"queuedWork":[],"queueLength":0,"runningWork":["/demo-no-project/us-central1/update_data-2026-08-07T20:15:43.260Z"],"workRunningCount":1}
[debug] [2026-08-07T20:15:43.261Z] Accepted request POST /demo-no-project/us-central1/update_data --> us-central1-update_data
[debug] [2026-08-07T20:15:43.261Z] [functions] Runtime ready! Sending request! {"metadata":{"emulator":{"name":"functions"},"message":"[functions] Runtime ready! Sending request!"}}
[debug] [2026-08-07T20:15:43.262Z] [functions] Got req.url=/demo-no-project/us-central1/update_data, mapping to path=/ {"metadata":{"emulator":{"name":"functions"},"message":"[functions] Got req.url=/demo-no-project/us-central1/update_data, mapping to path=/"}}
[debug] [2026-08-07T20:15:43.264Z] Running command with virtualenv: command=., args=["\"/Users/patrickschmidt/github-projects/fantasy-sports-assistant/functions/venv/bin/activate\"","&&","functions-framework"]
[debug] [2026-08-07T20:15:43.265Z] [worker-pool] addWorker(us-central1-update_data) {"metadata":{"emulator":{"name":"functions"},"message":"[worker-pool] addWorker(us-central1-update_data)"}}
[debug] [2026-08-07T20:15:43.266Z] [worker-pool] Adding worker with key us-central1-update_data, total=1 {"metadata":{"emulator":{"name":"functions"},"message":"[worker-pool] Adding worker with key us-central1-update_data, total=1"}}
[info] >  Fetching latest players data... {"user":"Fetching latest players data...","metadata":{"emulator":{"name":"functions"},"function":{"name":"us-central1-update_data"},"extension":{},"message":">  Fetching latest players data..."}}
[debug] [2026-08-07T20:15:45.068Z] File /Users/patrickschmidt/github-projects/fantasy-sports-assistant/functions/data/players.json changed, reloading triggers {"metadata":{"emulator":{"name":"functions"},"message":"File /Users/patrickschmidt/github-projects/fantasy-sports-assistant/functions/data/players.json changed, reloading triggers"}}
[info] >  Fetching stats for 2023... {"user":"Fetching stats for 2023...","metadata":{"emulator":{"name":"functions"},"function":{"name":"us-central1-update_data"},"extension":{},"message":">  Fetching stats for 2023..."}}
[debug] [2026-08-07T20:15:45.184Z] File /Users/patrickschmidt/github-projects/fantasy-sports-assistant/functions/data/players.json changed, reloading triggers {"metadata":{"emulator":{"name":"functions"},"message":"File /Users/patrickschmidt/github-projects/fantasy-sports-assistant/functions/data/players.json changed, reloading triggers"}}
[debug] [2026-08-07T20:15:45.639Z] File /Users/patrickschmidt/github-projects/fantasy-sports-assistant/functions/data/stats_2023.json changed, reloading triggers {"metadata":{"emulator":{"name":"functions"},"message":"File /Users/patrickschmidt/github-projects/fantasy-sports-assistant/functions/data/stats_2023.json changed, reloading triggers"}}
[info] >  Fetching stats for 2024... {"user":"Fetching stats for 2024...","metadata":{"emulator":{"name":"functions"},"function":{"name":"us-central1-update_data"},"extension":{},"message":">  Fetching stats for 2024..."}}
[debug] [2026-08-07T20:15:45.739Z] File /Users/patrickschmidt/github-projects/fantasy-sports-assistant/functions/data/stats_2023.json changed, reloading triggers {"metadata":{"emulator":{"name":"functions"},"message":"File /Users/patrickschmidt/github-projects/fantasy-sports-assistant/functions/data/stats_2023.json changed, reloading triggers"}}
[info] >  Fetching stats for 2025... {"user":"Fetching stats for 2025...","metadata":{"emulator":{"name":"functions"},"function":{"name":"us-central1-update_data"},"extension":{},"message":">  Fetching stats for 2025..."}}
[debug] [2026-08-07T20:15:46.460Z] File /Users/patrickschmidt/github-projects/fantasy-sports-assistant/functions/data/stats_2024.json changed, reloading triggers {"metadata":{"emulator":{"name":"functions"},"message":"File /Users/patrickschmidt/github-projects/fantasy-sports-assistant/functions/data/stats_2024.json changed, reloading triggers"}}
[debug] [2026-08-07T20:15:46.814Z] File /Users/patrickschmidt/github-projects/fantasy-sports-assistant/functions/data/stats_2025.json changed, reloading triggers {"metadata":{"emulator":{"name":"functions"},"message":"File /Users/patrickschmidt/github-projects/fantasy-sports-assistant/functions/data/stats_2025.json changed, reloading triggers"}}
[info] >  Fetching College Stats for rookies via ESPN... {"user":"Fetching College Stats for rookies via ESPN...","metadata":{"emulator":{"name":"functions"},"function":{"name":"us-central1-update_data"},"extension":{},"message":">  Fetching College Stats for rookies via ESPN..."}}
[info] >  Fetching college stats for DeCarlos Nicholson (1/50)... {"user":"Fetching college stats for DeCarlos Nicholson (1/50)...","metadata":{"emulator":{"name":"functions"},"function":{"name":"us-central1-update_data"},"extension":{},"message":">  Fetching college stats for DeCarlos Nicholson (1/50)..."}}
[debug] [2026-08-07T20:15:46.915Z] File /Users/patrickschmidt/github-projects/fantasy-sports-assistant/functions/data/stats_2025.json changed, reloading triggers {"metadata":{"emulator":{"name":"functions"},"message":"File /Users/patrickschmidt/github-projects/fantasy-sports-assistant/functions/data/stats_2025.json changed, reloading triggers"}}
[debug] [2026-08-07T20:15:47.920Z] Customer code is not Node
[debug] [2026-08-07T20:15:47.921Z] Validating python source
[debug] [2026-08-07T20:15:47.921Z] Building python source
[debug] [2026-08-07T20:15:47.923Z] Could not find functions.yaml. Must use http discovery
[debug] [2026-08-07T20:15:47.927Z] Running command with virtualenv: command=., args=["\"/Users/patrickschmidt/github-projects/fantasy-sports-assistant/functions/venv/bin/activate\"","&&","python3.14","-c","\"import firebase_functions; import os; print(os.path.dirname(firebase_functions.__file__))\""]
[debug] [2026-08-07T20:15:47.985Z] stdout: /Users/patrickschmidt/github-projects/fantasy-sports-assistant/functions/venv/lib/python3.14/site-packages/firebase_functions

[debug] [2026-08-07T20:15:47.989Z] Running admin server with args: ["python3.14","\"/Users/patrickschmidt/github-projects/fantasy-sports-assistant/functions/venv/lib/python3.14/site-packages/firebase_functions/private/serving.py\""] and env: {"GCLOUD_PROJECT":"demo-no-project","K_REVISION":"1","PORT":"80","GOOGLE_CLOUD_QUOTA_PROJECT":"demo-no-project","FUNCTIONS_EMULATOR":"true","TZ":"UTC","FIREBASE_DEBUG_MODE":"true","FIREBASE_DEBUG_FEATURES":"{\"skipTokenVerification\":true,\"enableCors\":true}","FIREBASE_EMULATOR_HUB":"127.0.0.1:4400","CLOUD_EVENTARC_EMULATOR_HOST":"http://127.0.0.1:9299","CLOUD_TASKS_EMULATOR_HOST":"127.0.0.1:9499","FIREBASE_CONFIG":"{\"storageBucket\":\"demo-no-project.appspot.com\",\"databaseURL\":\"https://demo-no-project.firebaseio.com\",\"projectId\":\"demo-no-project\"}","GOOGLE_APPLICATION_CREDENTIALS":"/Users/patrickschmidt/.config/firebase/patrick_schmidt.mail_gmail.com_application_default_credentials.json","ADMIN_PORT":"8081"} in /Users/patrickschmidt/github-projects/fantasy-sports-assistant/functions
[debug] [2026-08-07T20:15:47.989Z] Running command with virtualenv: command=., args=["\"/Users/patrickschmidt/github-projects/fantasy-sports-assistant/functions/venv/bin/activate\"","&&","python3.14","\"/Users/patrickschmidt/github-projects/fantasy-sports-assistant/functions/venv/lib/python3.14/site-packages/firebase_functions/private/serving.py\""]
[info] >  Fetching college stats for Jarod Washington (2/50)... {"user":"Fetching college stats for Jarod Washington (2/50)...","metadata":{"emulator":{"name":"functions"},"function":{"name":"us-central1-update_data"},"extension":{},"message":">  Fetching college stats for Jarod Washington (2/50)..."}}
[info]  * Serving Flask app 'serving'
 * Debug mode: off

[error] WARNING: This is a development server. Do not use it in a production deployment. Use a production WSGI server instead.
 * Running on http://127.0.0.1:8081

[error] Press CTRL+C to quit

[error] 127.0.0.1 - - [07/Aug/2026 20:15:48] "GET /__/functions.yaml HTTP/1.1" 200 -

[debug] [2026-08-07T20:15:48.509Z] Got response from /__/functions.yaml endpoints:
  analyze_draft:
    availableMemoryMb: null
    concurrency: null
    entryPoint: analyze_draft
    httpsTrigger: {}
    ingressSettings: null
    labels: {}
    maxInstances: null
    minInstances: null
    platform: gcfv2
    secretEnvironmentVariables: []
    serviceAccountEmail: null
    timeoutSeconds: null
  analyze_waivers:
    availableMemoryMb: null
    concurrency: null
    entryPoint: analyze_waivers
    httpsTrigger: {}
    ingressSettings: null
    labels: {}
    maxInstances: null
    minInstances: null
    platform: gcfv2
    secretEnvironmentVariables: []
    serviceAccountEmail: null
    timeoutSeconds: null
  get_league_rosters:
    availableMemoryMb: null
    concurrency: null
    entryPoint: get_league_rosters
    httpsTrigger: {}
    ingressSettings: null
    labels: {}
    maxInstances: null
    minInstances: null
    platform: gcfv2
    secretEnvironmentVariables: []
    serviceAccountEmail: null
    timeoutSeconds: null
  get_league_users:
    availableMemoryMb: null
    concurrency: null
    entryPoint: get_league_users
    httpsTrigger: {}
    ingressSettings: null
    labels: {}
    maxInstances: null
    minInstances: null
    platform: gcfv2
    secretEnvironmentVariables: []
    serviceAccountEmail: null
    timeoutSeconds: null
  get_user_drafts:
    availableMemoryMb: null
    concurrency: null
    entryPoint: get_user_drafts
    httpsTrigger: {}
    ingressSettings: null
    labels: {}
    maxInstances: null
    minInstances: null
    platform: gcfv2
    secretEnvironmentVariables: []
    serviceAccountEmail: null
    timeoutSeconds: null
  get_user_leagues:
    availableMemoryMb: null
    concurrency: null
    entryPoint: get_user_leagues
    httpsTrigger: {}
    ingressSettings: null
    labels: {}
    maxInstances: null
    minInstances: null
    platform: gcfv2
    secretEnvironmentVariables: []
    serviceAccountEmail: null
    timeoutSeconds: null
  update_data:
    availableMemoryMb: null
    concurrency: null
    entryPoint: update_data
    httpsTrigger: {}
    ingressSettings: null
    labels: {}
    maxInstances: null
    minInstances: null
    platform: gcfv2
    secretEnvironmentVariables: []
    serviceAccountEmail: null
    timeoutSeconds: null
params: []
requiredAPIs: []
specVersion: v1alpha1

[error] 127.0.0.1 - - [07/Aug/2026 20:15:48] "GET /__/quitquitquit HTTP/1.1" 200 -

[error] /bin/sh: line 1: 25693 Terminated: 15          python3.14 "/Users/patrickschmidt/github-projects/fantasy-sports-assistant/functions/venv/lib/python3.14/site-packages/firebase_functions/private/serving.py"

[info] ✔  functions: Loaded functions definitions from source: analyze_draft, analyze_waivers, get_league_rosters, get_league_users, get_user_drafts, get_user_leagues, update_data. {"metadata":{"emulator":{"name":"functions"},"message":"Loaded functions definitions from source: analyze_draft, analyze_waivers, get_league_rosters, get_league_users, get_user_drafts, get_user_leagues, update_data."}}
[debug] [2026-08-07T20:15:48.530Z] [worker-pool] Shutting down IDLE worker (us-central1-get_user_leagues) {"metadata":{"emulator":{"name":"functions"},"message":"[worker-pool] Shutting down IDLE worker (us-central1-get_user_leagues)"}}
[debug] [2026-08-07T20:15:48.530Z] [worker-us-central1-get_user_leagues-bd5eed15-99ca-41fe-bd7c-9dabe301062a]: FINISHING {"metadata":{"emulator":{"name":"functions"},"function":{"name":"us-central1-get_user_leagues"},"extension":{},"message":"[worker-us-central1-get_user_leagues-bd5eed15-99ca-41fe-bd7c-9dabe301062a]: FINISHING"}}
[debug] [2026-08-07T20:15:48.530Z] [worker-pool] Shutting down IDLE worker (us-central1-get_user_drafts) {"metadata":{"emulator":{"name":"functions"},"message":"[worker-pool] Shutting down IDLE worker (us-central1-get_user_drafts)"}}
[debug] [2026-08-07T20:15:48.530Z] [worker-us-central1-get_user_drafts-6b52b033-fdd7-4e76-835d-5f7671d28df8]: FINISHING {"metadata":{"emulator":{"name":"functions"},"function":{"name":"us-central1-get_user_drafts"},"extension":{},"message":"[worker-us-central1-get_user_drafts-6b52b033-fdd7-4e76-835d-5f7671d28df8]: FINISHING"}}
[debug] [2026-08-07T20:15:48.530Z] [worker-us-central1-get_user_leagues-bd5eed15-99ca-41fe-bd7c-9dabe301062a]: exited {"metadata":{"emulator":{"name":"functions"},"function":{"name":"us-central1-get_user_leagues"},"extension":{},"message":"[worker-us-central1-get_user_leagues-bd5eed15-99ca-41fe-bd7c-9dabe301062a]: exited"}}
[debug] [2026-08-07T20:15:48.530Z] [worker-us-central1-get_user_leagues-bd5eed15-99ca-41fe-bd7c-9dabe301062a]: FINISHED {"metadata":{"emulator":{"name":"functions"},"function":{"name":"us-central1-get_user_leagues"},"extension":{},"message":"[worker-us-central1-get_user_leagues-bd5eed15-99ca-41fe-bd7c-9dabe301062a]: FINISHED"}}
[debug] [2026-08-07T20:15:48.531Z] [worker-us-central1-get_user_drafts-6b52b033-fdd7-4e76-835d-5f7671d28df8]: exited {"metadata":{"emulator":{"name":"functions"},"function":{"name":"us-central1-get_user_drafts"},"extension":{},"message":"[worker-us-central1-get_user_drafts-6b52b033-fdd7-4e76-835d-5f7671d28df8]: exited"}}
[debug] [2026-08-07T20:15:48.531Z] [worker-us-central1-get_user_drafts-6b52b033-fdd7-4e76-835d-5f7671d28df8]: FINISHED {"metadata":{"emulator":{"name":"functions"},"function":{"name":"us-central1-get_user_drafts"},"extension":{},"message":"[worker-us-central1-get_user_drafts-6b52b033-fdd7-4e76-835d-5f7671d28df8]: FINISHED"}}
[info] >  Fetching college stats for Arvell Reese (3/50)... {"user":"Fetching college stats for Arvell Reese (3/50)...","metadata":{"emulator":{"name":"functions"},"function":{"name":"us-central1-update_data"},"extension":{},"message":">  Fetching college stats for Arvell Reese (3/50)..."}}
[info] >  Fetching college stats for Moose Muhammad (4/50)... {"user":"Fetching college stats for Moose Muhammad (4/50)...","metadata":{"emulator":{"name":"functions"},"function":{"name":"us-central1-update_data"},"extension":{},"message":">  Fetching college stats for Moose Muhammad (4/50)..."}}
[info] >  Fetching college stats for Devon Marshall (5/50)... {"user":"Fetching college stats for Devon Marshall (5/50)...","metadata":{"emulator":{"name":"functions"},"function":{"name":"us-central1-update_data"},"extension":{},"message":">  Fetching college stats for Devon Marshall (5/50)..."}}
[info] >  Fetching college stats for Michael Dansby (6/50)... {"user":"Fetching college stats for Michael Dansby (6/50)...","metadata":{"emulator":{"name":"functions"},"function":{"name":"us-central1-update_data"},"extension":{},"message":">  Fetching college stats for Michael Dansby (6/50)..."}}
[info] >  Fetching college stats for Marc Stampley (7/50)... {"user":"Fetching college stats for Marc Stampley (7/50)...","metadata":{"emulator":{"name":"functions"},"function":{"name":"us-central1-update_data"},"extension":{},"message":">  Fetching college stats for Marc Stampley (7/50)..."}}
[info] >  Fetching college stats for Jacob Rodriguez (8/50)... {"user":"Fetching college stats for Jacob Rodriguez (8/50)...","metadata":{"emulator":{"name":"functions"},"function":{"name":"us-central1-update_data"},"extension":{},"message":">  Fetching college stats for Jacob Rodriguez (8/50)..."}}
[info] >  Fetching college stats for Rayshaun Benny (9/50)... {"user":"Fetching college stats for Rayshaun Benny (9/50)...","metadata":{"emulator":{"name":"functions"},"function":{"name":"us-central1-update_data"},"extension":{},"message":">  Fetching college stats for Rayshaun Benny (9/50)..."}}
[info] >  Fetching college stats for Preston Hodge (10/50)... {"user":"Fetching college stats for Preston Hodge (10/50)...","metadata":{"emulator":{"name":"functions"},"function":{"name":"us-central1-update_data"},"extension":{},"message":">  Fetching college stats for Preston Hodge (10/50)..."}}
[info] >  Fetching college stats for Josiah Trotter (11/50)... {"user":"Fetching college stats for Josiah Trotter (11/50)...","metadata":{"emulator":{"name":"functions"},"function":{"name":"us-central1-update_data"},"extension":{},"message":">  Fetching college stats for Josiah Trotter (11/50)..."}}
[info] >  Fetching college stats for Bobby Jamison-Travis (12/50)... {"user":"Fetching college stats for Bobby Jamison-Travis (12/50)...","metadata":{"emulator":{"name":"functions"},"function":{"name":"us-central1-update_data"},"extension":{},"message":">  Fetching college stats for Bobby Jamison-Travis (12/50)..."}}
[info] >  Fetching college stats for Shad Banks (13/50)... {"user":"Fetching college stats for Shad Banks (13/50)...","metadata":{"emulator":{"name":"functions"},"function":{"name":"us-central1-update_data"},"extension":{},"message":">  Fetching college stats for Shad Banks (13/50)..."}}
[info] >  Fetching college stats for Carlos Allen (14/50)... {"user":"Fetching college stats for Carlos Allen (14/50)...","metadata":{"emulator":{"name":"functions"},"function":{"name":"us-central1-update_data"},"extension":{},"message":">  Fetching college stats for Carlos Allen (14/50)..."}}
[info] >  Fetching college stats for Ephesians Prysock (15/50)... {"user":"Fetching college stats for Ephesians Prysock (15/50)...","metadata":{"emulator":{"name":"functions"},"function":{"name":"us-central1-update_data"},"extension":{},"message":">  Fetching college stats for Ephesians Prysock (15/50)..."}}
[info] >  Fetching college stats for Devin Neal (16/50)... {"user":"Fetching college stats for Devin Neal (16/50)...","metadata":{"emulator":{"name":"functions"},"function":{"name":"us-central1-update_data"},"extension":{},"message":">  Fetching college stats for Devin Neal (16/50)..."}}
[info] >  Fetching college stats for Ethan Burke (17/50)... {"user":"Fetching college stats for Ethan Burke (17/50)...","metadata":{"emulator":{"name":"functions"},"function":{"name":"us-central1-update_data"},"extension":{},"message":">  Fetching college stats for Ethan Burke (17/50)..."}}
[info] >  Fetching college stats for Damonic Williams (18/50)... {"user":"Fetching college stats for Damonic Williams (18/50)...","metadata":{"emulator":{"name":"functions"},"function":{"name":"us-central1-update_data"},"extension":{},"message":">  Fetching college stats for Damonic Williams (18/50)..."}}
[info] >  Fetching college stats for Malik Spencer (19/50)... {"user":"Fetching college stats for Malik Spencer (19/50)...","metadata":{"emulator":{"name":"functions"},"function":{"name":"us-central1-update_data"},"extension":{},"message":">  Fetching college stats for Malik Spencer (19/50)..."}}
[info] >  Fetching college stats for Keyshaun Elliott (20/50)... {"user":"Fetching college stats for Keyshaun Elliott (20/50)...","metadata":{"emulator":{"name":"functions"},"function":{"name":"us-central1-update_data"},"extension":{},"message":">  Fetching college stats for Keyshaun Elliott (20/50)..."}}
[info] >  Fetching college stats for Dominic Bailey (21/50)... {"user":"Fetching college stats for Dominic Bailey (21/50)...","metadata":{"emulator":{"name":"functions"},"function":{"name":"us-central1-update_data"},"extension":{},"message":">  Fetching college stats for Dominic Bailey (21/50)..."}}
[info] >  Fetching college stats for Mason Reiger (22/50)... {"user":"Fetching college stats for Mason Reiger (22/50)...","metadata":{"emulator":{"name":"functions"},"function":{"name":"us-central1-update_data"},"extension":{},"message":">  Fetching college stats for Mason Reiger (22/50)..."}}
[info] >  Fetching college stats for Jerry Wilson (23/50)... {"user":"Fetching college stats for Jerry Wilson (23/50)...","metadata":{"emulator":{"name":"functions"},"function":{"name":"us-central1-update_data"},"extension":{},"message":">  Fetching college stats for Jerry Wilson (23/50)..."}}
[info] >  Fetching college stats for Xavier Holmes (24/50)... {"user":"Fetching college stats for Xavier Holmes (24/50)...","metadata":{"emulator":{"name":"functions"},"function":{"name":"us-central1-update_data"},"extension":{},"message":">  Fetching college stats for Xavier Holmes (24/50)..."}}
[error] ⬢  functions: Failed to handle request for function us-central1-update_data {"metadata":{"emulator":{"name":"functions"},"message":"Failed to handle request for function us-central1-update_data"}}
[error] ⬢  functions: Failed to start functions in /Users/patrickschmidt/github-projects/fantasy-sports-assistant/functions: Failed to load function. {"metadata":{"emulator":{"name":"functions"},"message":"Failed to start functions in /Users/patrickschmidt/github-projects/fantasy-sports-assistant/functions: Failed to load function."}}
[debug] [2026-08-07T20:16:13.267Z] [work-queue] {"queuedWork":[],"queueLength":0,"runningWork":[],"workRunningCount":0}
[info] >  Fetching college stats for T.J. Jackson (25/50)... {"user":"Fetching college stats for T.J. Jackson (25/50)...","metadata":{"emulator":{"name":"functions"},"function":{"name":"us-central1-update_data"},"extension":{},"message":">  Fetching college stats for T.J. Jackson (25/50)..."}}
[info] >  Fetching college stats for Jack Dingle (26/50)... {"user":"Fetching college stats for Jack Dingle (26/50)...","metadata":{"emulator":{"name":"functions"},"function":{"name":"us-central1-update_data"},"extension":{},"message":">  Fetching college stats for Jack Dingle (26/50)..."}}
[info] >  Fetching college stats for Bud Clark (27/50)... {"user":"Fetching college stats for Bud Clark (27/50)...","metadata":{"emulator":{"name":"functions"},"function":{"name":"us-central1-update_data"},"extension":{},"message":">  Fetching college stats for Bud Clark (27/50)..."}}
[info] >  Fetching college stats for Malachi Lawrence (28/50)... {"user":"Fetching college stats for Malachi Lawrence (28/50)...","metadata":{"emulator":{"name":"functions"},"function":{"name":"us-central1-update_data"},"extension":{},"message":">  Fetching college stats for Malachi Lawrence (28/50)..."}}
[info] >  Fetching college stats for Devin Veresuk (29/50)... {"user":"Fetching college stats for Devin Veresuk (29/50)...","metadata":{"emulator":{"name":"functions"},"function":{"name":"us-central1-update_data"},"extension":{},"message":">  Fetching college stats for Devin Veresuk (29/50)..."}}
[info] >  Fetching college stats for Matt Harmon (30/50)... {"user":"Fetching college stats for Matt Harmon (30/50)...","metadata":{"emulator":{"name":"functions"},"function":{"name":"us-central1-update_data"},"extension":{},"message":">  Fetching college stats for Matt Harmon (30/50)..."}}
[info] >  Fetching college stats for Tyre West (31/50)... {"user":"Fetching college stats for Tyre West (31/50)...","metadata":{"emulator":{"name":"functions"},"function":{"name":"us-central1-update_data"},"extension":{},"message":">  Fetching college stats for Tyre West (31/50)..."}}
[info] >  Fetching college stats for Gabe Jacas (32/50)... {"user":"Fetching college stats for Gabe Jacas (32/50)...","metadata":{"emulator":{"name":"functions"},"function":{"name":"us-central1-update_data"},"extension":{},"message":">  Fetching college stats for Gabe Jacas (32/50)..."}}
[info] >  Fetching college stats for Joshua Weru (33/50)... {"user":"Fetching college stats for Joshua Weru (33/50)...","metadata":{"emulator":{"name":"functions"},"function":{"name":"us-central1-update_data"},"extension":{},"message":">  Fetching college stats for Joshua Weru (33/50)..."}}
[info] >  Fetching college stats for Devin Pringle (34/50)... {"user":"Fetching college stats for Devin Pringle (34/50)...","metadata":{"emulator":{"name":"functions"},"function":{"name":"us-central1-update_data"},"extension":{},"message":">  Fetching college stats for Devin Pringle (34/50)..."}}
[info] >  Fetching college stats for Kahlil Saunders (35/50)... {"user":"Fetching college stats for Kahlil Saunders (35/50)...","metadata":{"emulator":{"name":"functions"},"function":{"name":"us-central1-update_data"},"extension":{},"message":">  Fetching college stats for Kahlil Saunders (35/50)..."}}
[info] >  Fetching college stats for Zane Durant (36/50)... {"user":"Fetching college stats for Zane Durant (36/50)...","metadata":{"emulator":{"name":"functions"},"function":{"name":"us-central1-update_data"},"extension":{},"message":">  Fetching college stats for Zane Durant (36/50)..."}}
[info] >  Fetching college stats for Remario-DUP Steppings-DUP (37/50)... {"user":"Fetching college stats for Remario-DUP Steppings-DUP (37/50)...","metadata":{"emulator":{"name":"functions"},"function":{"name":"us-central1-update_data"},"extension":{},"message":">  Fetching college stats for Remario-DUP Steppings-DUP (37/50)..."}}
[info] >  Fetching college stats for Ty Simpson (38/50)... {"user":"Fetching college stats for Ty Simpson (38/50)...","metadata":{"emulator":{"name":"functions"},"function":{"name":"us-central1-update_data"},"extension":{},"message":">  Fetching college stats for Ty Simpson (38/50)..."}}
[info] >  Fetching college stats for Jordan van den Berg (39/50)... {"user":"Fetching college stats for Jordan van den Berg (39/50)...","metadata":{"emulator":{"name":"functions"},"function":{"name":"us-central1-update_data"},"extension":{},"message":">  Fetching college stats for Jordan van den Berg (39/50)..."}}
[info] >  Fetching college stats for Zachariah Branch (40/50)... {"user":"Fetching college stats for Zachariah Branch (40/50)...","metadata":{"emulator":{"name":"functions"},"function":{"name":"us-central1-update_data"},"extension":{},"message":">  Fetching college stats for Zachariah Branch (40/50)..."}}
[info] >  Fetching college stats for Fernando Mendoza (41/50)... {"user":"Fetching college stats for Fernando Mendoza (41/50)...","metadata":{"emulator":{"name":"functions"},"function":{"name":"us-central1-update_data"},"extension":{},"message":">  Fetching college stats for Fernando Mendoza (41/50)..."}}
[info] >  Fetching college stats for Jacobian Guillory (42/50)... {"user":"Fetching college stats for Jacobian Guillory (42/50)...","metadata":{"emulator":{"name":"functions"},"function":{"name":"us-central1-update_data"},"extension":{},"message":">  Fetching college stats for Jacobian Guillory (42/50)..."}}
[info] >  Fetching college stats for Nikhai Hill-Green (43/50)... {"user":"Fetching college stats for Nikhai Hill-Green (43/50)...","metadata":{"emulator":{"name":"functions"},"function":{"name":"us-central1-update_data"},"extension":{},"message":">  Fetching college stats for Nikhai Hill-Green (43/50)..."}}
[info] >  Fetching college stats for Kaytron Allen (44/50)... {"user":"Fetching college stats for Kaytron Allen (44/50)...","metadata":{"emulator":{"name":"functions"},"function":{"name":"us-central1-update_data"},"extension":{},"message":">  Fetching college stats for Kaytron Allen (44/50)..."}}
[info] >  Fetching college stats for Cameron Robertson (45/50)... {"user":"Fetching college stats for Cameron Robertson (45/50)...","metadata":{"emulator":{"name":"functions"},"function":{"name":"us-central1-update_data"},"extension":{},"message":">  Fetching college stats for Cameron Robertson (45/50)..."}}
[info] >  Fetching college stats for Demeco Roland (46/50)... {"user":"Fetching college stats for Demeco Roland (46/50)...","metadata":{"emulator":{"name":"functions"},"function":{"name":"us-central1-update_data"},"extension":{},"message":">  Fetching college stats for Demeco Roland (46/50)..."}}
[info] >  Fetching college stats for Gabriel Rubio (47/50)... {"user":"Fetching college stats for Gabriel Rubio (47/50)...","metadata":{"emulator":{"name":"functions"},"function":{"name":"us-central1-update_data"},"extension":{},"message":">  Fetching college stats for Gabriel Rubio (47/50)..."}}
[info] >  Fetching college stats for Jahquez Robinson (48/50)... {"user":"Fetching college stats for Jahquez Robinson (48/50)...","metadata":{"emulator":{"name":"functions"},"function":{"name":"us-central1-update_data"},"extension":{},"message":">  Fetching college stats for Jahquez Robinson (48/50)..."}}
[info] >  Fetching college stats for Ceyair Wright (49/50)... {"user":"Fetching college stats for Ceyair Wright (49/50)...","metadata":{"emulator":{"name":"functions"},"function":{"name":"us-central1-update_data"},"extension":{},"message":">  Fetching college stats for Ceyair Wright (49/50)..."}}
[info] >  Fetching college stats for Jeffrey M'ba (50/50)... {"user":"Fetching college stats for Jeffrey M'ba (50/50)...","metadata":{"emulator":{"name":"functions"},"function":{"name":"us-central1-update_data"},"extension":{},"message":">  Fetching college stats for Jeffrey M'ba (50/50)..."}}
[debug] [2026-08-07T20:16:46.190Z] [worker-us-central1-update_data-195b2b96-6b1b-4317-b071-0b1e73197891]: IDLE {"metadata":{"emulator":{"name":"functions"},"function":{"name":"us-central1-update_data"},"extension":{},"message":"[worker-us-central1-update_data-195b2b96-6b1b-4317-b071-0b1e73197891]: IDLE"}}
[debug] [2026-08-07T20:16:46.327Z] File /Users/patrickschmidt/github-projects/fantasy-sports-assistant/functions/data/college_stats.json changed, reloading triggers {"metadata":{"emulator":{"name":"functions"},"message":"File /Users/patrickschmidt/github-projects/fantasy-sports-assistant/functions/data/college_stats.json changed, reloading triggers"}}
[debug] [2026-08-07T20:16:47.328Z] Customer code is not Node
[debug] [2026-08-07T20:16:47.328Z] Validating python source
[debug] [2026-08-07T20:16:47.328Z] Building python source
[debug] [2026-08-07T20:16:47.329Z] Could not find functions.yaml. Must use http discovery
[debug] [2026-08-07T20:16:47.329Z] Running command with virtualenv: command=., args=["\"/Users/patrickschmidt/github-projects/fantasy-sports-assistant/functions/venv/bin/activate\"","&&","python3.14","-c","\"import firebase_functions; import os; print(os.path.dirname(firebase_functions.__file__))\""]
[debug] [2026-08-07T20:16:47.378Z] stdout: /Users/patrickschmidt/github-projects/fantasy-sports-assistant/functions/venv/lib/python3.14/site-packages/firebase_functions

[debug] [2026-08-07T20:16:47.382Z] Running admin server with args: ["python3.14","\"/Users/patrickschmidt/github-projects/fantasy-sports-assistant/functions/venv/lib/python3.14/site-packages/firebase_functions/private/serving.py\""] and env: {"GCLOUD_PROJECT":"demo-no-project","K_REVISION":"1","PORT":"80","GOOGLE_CLOUD_QUOTA_PROJECT":"demo-no-project","FUNCTIONS_EMULATOR":"true","TZ":"UTC","FIREBASE_DEBUG_MODE":"true","FIREBASE_DEBUG_FEATURES":"{\"skipTokenVerification\":true,\"enableCors\":true}","FIREBASE_EMULATOR_HUB":"127.0.0.1:4400","CLOUD_EVENTARC_EMULATOR_HOST":"http://127.0.0.1:9299","CLOUD_TASKS_EMULATOR_HOST":"127.0.0.1:9499","FIREBASE_CONFIG":"{\"storageBucket\":\"demo-no-project.appspot.com\",\"databaseURL\":\"https://demo-no-project.firebaseio.com\",\"projectId\":\"demo-no-project\"}","GOOGLE_APPLICATION_CREDENTIALS":"/Users/patrickschmidt/.config/firebase/patrick_schmidt.mail_gmail.com_application_default_credentials.json","ADMIN_PORT":"8081"} in /Users/patrickschmidt/github-projects/fantasy-sports-assistant/functions
[debug] [2026-08-07T20:16:47.382Z] Running command with virtualenv: command=., args=["\"/Users/patrickschmidt/github-projects/fantasy-sports-assistant/functions/venv/bin/activate\"","&&","python3.14","\"/Users/patrickschmidt/github-projects/fantasy-sports-assistant/functions/venv/lib/python3.14/site-packages/firebase_functions/private/serving.py\""]
[info]  * Serving Flask app 'serving'
 * Debug mode: off

[error] WARNING: This is a development server. Do not use it in a production deployment. Use a production WSGI server instead.
 * Running on http://127.0.0.1:8081

[error] Press CTRL+C to quit

[error] 127.0.0.1 - - [07/Aug/2026 20:16:47] "GET /__/functions.yaml HTTP/1.1" 200 -

[debug] [2026-08-07T20:16:47.899Z] Got response from /__/functions.yaml endpoints:
  analyze_draft:
    availableMemoryMb: null
    concurrency: null
    entryPoint: analyze_draft
    httpsTrigger: {}
    ingressSettings: null
    labels: {}
    maxInstances: null
    minInstances: null
    platform: gcfv2
    secretEnvironmentVariables: []
    serviceAccountEmail: null
    timeoutSeconds: null
  analyze_waivers:
    availableMemoryMb: null
    concurrency: null
    entryPoint: analyze_waivers
    httpsTrigger: {}
    ingressSettings: null
    labels: {}
    maxInstances: null
    minInstances: null
    platform: gcfv2
    secretEnvironmentVariables: []
    serviceAccountEmail: null
    timeoutSeconds: null
  get_league_rosters:
    availableMemoryMb: null
    concurrency: null
    entryPoint: get_league_rosters
    httpsTrigger: {}
    ingressSettings: null
    labels: {}
    maxInstances: null
    minInstances: null
    platform: gcfv2
    secretEnvironmentVariables: []
    serviceAccountEmail: null
    timeoutSeconds: null
  get_league_users:
    availableMemoryMb: null
    concurrency: null
    entryPoint: get_league_users
    httpsTrigger: {}
    ingressSettings: null
    labels: {}
    maxInstances: null
    minInstances: null
    platform: gcfv2
    secretEnvironmentVariables: []
    serviceAccountEmail: null
    timeoutSeconds: null
  get_user_drafts:
    availableMemoryMb: null
    concurrency: null
    entryPoint: get_user_drafts
    httpsTrigger: {}
    ingressSettings: null
    labels: {}
    maxInstances: null
    minInstances: null
    platform: gcfv2
    secretEnvironmentVariables: []
    serviceAccountEmail: null
    timeoutSeconds: null
  get_user_leagues:
    availableMemoryMb: null
    concurrency: null
    entryPoint: get_user_leagues
    httpsTrigger: {}
    ingressSettings: null
    labels: {}
    maxInstances: null
    minInstances: null
    platform: gcfv2
    secretEnvironmentVariables: []
    serviceAccountEmail: null
    timeoutSeconds: null
  update_data:
    availableMemoryMb: null
    concurrency: null
    entryPoint: update_data
    httpsTrigger: {}
    ingressSettings: null
    labels: {}
    maxInstances: null
    minInstances: null
    platform: gcfv2
    secretEnvironmentVariables: []
    serviceAccountEmail: null
    timeoutSeconds: null
params: []
requiredAPIs: []
specVersion: v1alpha1

[error] 127.0.0.1 - - [07/Aug/2026 20:16:47] "GET /__/quitquitquit HTTP/1.1" 200 -

[error] /bin/sh: line 1: 25723 Terminated: 15          python3.14 "/Users/patrickschmidt/github-projects/fantasy-sports-assistant/functions/venv/lib/python3.14/site-packages/firebase_functions/private/serving.py"

[info] ✔  functions: Loaded functions definitions from source: analyze_draft, analyze_waivers, get_league_rosters, get_league_users, get_user_drafts, get_user_leagues, update_data. {"metadata":{"emulator":{"name":"functions"},"message":"Loaded functions definitions from source: analyze_draft, analyze_waivers, get_league_rosters, get_league_users, get_user_drafts, get_user_leagues, update_data."}}
[debug] [2026-08-07T20:16:47.912Z] [worker-pool] Shutting down IDLE worker (us-central1-update_data) {"metadata":{"emulator":{"name":"functions"},"message":"[worker-pool] Shutting down IDLE worker (us-central1-update_data)"}}
[debug] [2026-08-07T20:16:47.912Z] [worker-us-central1-update_data-195b2b96-6b1b-4317-b071-0b1e73197891]: FINISHING {"metadata":{"emulator":{"name":"functions"},"function":{"name":"us-central1-update_data"},"extension":{},"message":"[worker-us-central1-update_data-195b2b96-6b1b-4317-b071-0b1e73197891]: FINISHING"}}
[debug] [2026-08-07T20:16:47.912Z] [worker-us-central1-update_data-195b2b96-6b1b-4317-b071-0b1e73197891]: exited {"metadata":{"emulator":{"name":"functions"},"function":{"name":"us-central1-update_data"},"extension":{},"message":"[worker-us-central1-update_data-195b2b96-6b1b-4317-b071-0b1e73197891]: exited"}}
[debug] [2026-08-07T20:16:47.912Z] [worker-us-central1-update_data-195b2b96-6b1b-4317-b071-0b1e73197891]: FINISHED {"metadata":{"emulator":{"name":"functions"},"function":{"name":"us-central1-update_data"},"extension":{},"message":"[worker-us-central1-update_data-195b2b96-6b1b-4317-b071-0b1e73197891]: FINISHED"}}
[debug] [2026-08-07T20:16:57.222Z] [work-queue] {"queuedWork":["/demo-no-project/us-central1/get_user_leagues-2026-08-07T20:16:57.222Z"],"queueLength":1,"runningWork":[],"workRunningCount":0}
[debug] [2026-08-07T20:16:57.222Z] [work-queue] {"queuedWork":[],"queueLength":0,"runningWork":["/demo-no-project/us-central1/get_user_leagues-2026-08-07T20:16:57.222Z"],"workRunningCount":1}
[debug] [2026-08-07T20:16:57.222Z] Accepted request GET /demo-no-project/us-central1/get_user_leagues?username=p4t0b4ll3rs --> us-central1-get_user_leagues
[debug] [2026-08-07T20:16:57.223Z] [functions] Runtime ready! Sending request! {"metadata":{"emulator":{"name":"functions"},"message":"[functions] Runtime ready! Sending request!"}}
[debug] [2026-08-07T20:16:57.223Z] [functions] Got req.url=/demo-no-project/us-central1/get_user_leagues?username=p4t0b4ll3rs, mapping to path=/?username=p4t0b4ll3rs {"metadata":{"emulator":{"name":"functions"},"message":"[functions] Got req.url=/demo-no-project/us-central1/get_user_leagues?username=p4t0b4ll3rs, mapping to path=/?username=p4t0b4ll3rs"}}
[debug] [2026-08-07T20:16:57.223Z] [worker-pool] Cleaned up workers for us-central1-get_user_leagues: 1 --> 0 {"metadata":{"emulator":{"name":"functions"},"message":"[worker-pool] Cleaned up workers for us-central1-get_user_leagues: 1 --> 0"}}
[debug] [2026-08-07T20:16:57.223Z] [worker-pool] Cleaned up workers for us-central1-get_user_drafts: 1 --> 0 {"metadata":{"emulator":{"name":"functions"},"message":"[worker-pool] Cleaned up workers for us-central1-get_user_drafts: 1 --> 0"}}
[debug] [2026-08-07T20:16:57.223Z] [worker-pool] Cleaned up workers for us-central1-update_data: 1 --> 0 {"metadata":{"emulator":{"name":"functions"},"message":"[worker-pool] Cleaned up workers for us-central1-update_data: 1 --> 0"}}
[debug] [2026-08-07T20:16:57.224Z] Running command with virtualenv: command=., args=["\"/Users/patrickschmidt/github-projects/fantasy-sports-assistant/functions/venv/bin/activate\"","&&","functions-framework"]
[debug] [2026-08-07T20:16:57.225Z] [worker-pool] addWorker(us-central1-get_user_leagues) {"metadata":{"emulator":{"name":"functions"},"message":"[worker-pool] addWorker(us-central1-get_user_leagues)"}}
[debug] [2026-08-07T20:16:57.225Z] [worker-pool] Adding worker with key us-central1-get_user_leagues, total=1 {"metadata":{"emulator":{"name":"functions"},"message":"[worker-pool] Adding worker with key us-central1-get_user_leagues, total=1"}}
[debug] [2026-08-07T20:16:57.533Z] [worker-us-central1-get_user_leagues-40d081d8-eb63-49b3-b14c-acc168e4a3e6]: IDLE {"metadata":{"emulator":{"name":"functions"},"function":{"name":"us-central1-get_user_leagues"},"extension":{},"message":"[worker-us-central1-get_user_leagues-40d081d8-eb63-49b3-b14c-acc168e4a3e6]: IDLE"}}
[debug] [2026-08-07T20:16:57.533Z] [worker-pool] submitRequest(triggerId=us-central1-get_user_leagues) {"metadata":{"emulator":{"name":"functions"},"message":"[worker-pool] submitRequest(triggerId=us-central1-get_user_leagues)"}}
[info] i  functions: Beginning execution of "us-central1-get_user_leagues" {"metadata":{"emulator":{"name":"functions"},"function":{"name":"us-central1-get_user_leagues"},"extension":{},"message":"Beginning execution of \"us-central1-get_user_leagues\""}}
[debug] [2026-08-07T20:16:57.534Z] [worker-us-central1-get_user_leagues-40d081d8-eb63-49b3-b14c-acc168e4a3e6]: BUSY {"metadata":{"emulator":{"name":"functions"},"function":{"name":"us-central1-get_user_leagues"},"extension":{},"message":"[worker-us-central1-get_user_leagues-40d081d8-eb63-49b3-b14c-acc168e4a3e6]: BUSY"}}
[debug] [2026-08-07T20:16:57.732Z] Finishing up request with event=pause {"metadata":{"emulator":{"name":"functions"},"function":{"name":"us-central1-get_user_leagues"},"extension":{},"message":"Finishing up request with event=pause"}}
[info] i  functions: Finished "us-central1-get_user_leagues" in 199.082167ms {"metadata":{"emulator":{"name":"functions"},"function":{"name":"us-central1-get_user_leagues"},"extension":{},"message":"Finished \"us-central1-get_user_leagues\" in 199.082167ms"}}
[debug] [2026-08-07T20:16:57.733Z] [worker-us-central1-get_user_leagues-40d081d8-eb63-49b3-b14c-acc168e4a3e6]: IDLE {"metadata":{"emulator":{"name":"functions"},"function":{"name":"us-central1-get_user_leagues"},"extension":{},"message":"[worker-us-central1-get_user_leagues-40d081d8-eb63-49b3-b14c-acc168e4a3e6]: IDLE"}}
[debug] [2026-08-07T20:16:57.733Z] Finishing up request with event=finish {"metadata":{"emulator":{"name":"functions"},"function":{"name":"us-central1-get_user_leagues"},"extension":{},"message":"Finishing up request with event=finish"}}
[debug] [2026-08-07T20:16:57.733Z] Finishing up request with event=close {"metadata":{"emulator":{"name":"functions"},"function":{"name":"us-central1-get_user_leagues"},"extension":{},"message":"Finishing up request with event=close"}}
[debug] [2026-08-07T20:16:57.733Z] [work-queue] {"queuedWork":[],"queueLength":0,"runningWork":[],"workRunningCount":0}
[debug] [2026-08-07T20:17:56.021Z] [work-queue] {"queuedWork":["/demo-no-project/us-central1/update_data-2026-08-07T20:17:56.021Z"],"queueLength":1,"runningWork":[],"workRunningCount":0}
[debug] [2026-08-07T20:17:56.021Z] [work-queue] {"queuedWork":[],"queueLength":0,"runningWork":["/demo-no-project/us-central1/update_data-2026-08-07T20:17:56.021Z"],"workRunningCount":1}
[debug] [2026-08-07T20:17:56.021Z] Accepted request POST /demo-no-project/us-central1/update_data --> us-central1-update_data
[debug] [2026-08-07T20:17:56.022Z] [functions] Runtime ready! Sending request! {"metadata":{"emulator":{"name":"functions"},"message":"[functions] Runtime ready! Sending request!"}}
[debug] [2026-08-07T20:17:56.022Z] [functions] Got req.url=/demo-no-project/us-central1/update_data, mapping to path=/ {"metadata":{"emulator":{"name":"functions"},"message":"[functions] Got req.url=/demo-no-project/us-central1/update_data, mapping to path=/"}}
[debug] [2026-08-07T20:17:56.022Z] Running command with virtualenv: command=., args=["\"/Users/patrickschmidt/github-projects/fantasy-sports-assistant/functions/venv/bin/activate\"","&&","functions-framework"]
[debug] [2026-08-07T20:17:56.023Z] [worker-pool] addWorker(us-central1-update_data) {"metadata":{"emulator":{"name":"functions"},"message":"[worker-pool] addWorker(us-central1-update_data)"}}
[debug] [2026-08-07T20:17:56.023Z] [worker-pool] Adding worker with key us-central1-update_data, total=1 {"metadata":{"emulator":{"name":"functions"},"message":"[worker-pool] Adding worker with key us-central1-update_data, total=1"}}
[info] >  Fetching latest players data... {"user":"Fetching latest players data...","metadata":{"emulator":{"name":"functions"},"function":{"name":"us-central1-update_data"},"extension":{},"message":">  Fetching latest players data..."}}
[debug] [2026-08-07T20:17:57.472Z] File /Users/patrickschmidt/github-projects/fantasy-sports-assistant/functions/data/players.json changed, reloading triggers {"metadata":{"emulator":{"name":"functions"},"message":"File /Users/patrickschmidt/github-projects/fantasy-sports-assistant/functions/data/players.json changed, reloading triggers"}}
[info] >  Fetching stats for 2023... {"user":"Fetching stats for 2023...","metadata":{"emulator":{"name":"functions"},"function":{"name":"us-central1-update_data"},"extension":{},"message":">  Fetching stats for 2023..."}}
[debug] [2026-08-07T20:17:57.579Z] File /Users/patrickschmidt/github-projects/fantasy-sports-assistant/functions/data/players.json changed, reloading triggers {"metadata":{"emulator":{"name":"functions"},"message":"File /Users/patrickschmidt/github-projects/fantasy-sports-assistant/functions/data/players.json changed, reloading triggers"}}
[debug] [2026-08-07T20:17:57.901Z] File /Users/patrickschmidt/github-projects/fantasy-sports-assistant/functions/data/stats_2023.json changed, reloading triggers {"metadata":{"emulator":{"name":"functions"},"message":"File /Users/patrickschmidt/github-projects/fantasy-sports-assistant/functions/data/stats_2023.json changed, reloading triggers"}}
[info] >  Fetching stats for 2024... {"user":"Fetching stats for 2024...","metadata":{"emulator":{"name":"functions"},"function":{"name":"us-central1-update_data"},"extension":{},"message":">  Fetching stats for 2024..."}}
[debug] [2026-08-07T20:17:58.002Z] File /Users/patrickschmidt/github-projects/fantasy-sports-assistant/functions/data/stats_2023.json changed, reloading triggers {"metadata":{"emulator":{"name":"functions"},"message":"File /Users/patrickschmidt/github-projects/fantasy-sports-assistant/functions/data/stats_2023.json changed, reloading triggers"}}
[debug] [2026-08-07T20:17:58.305Z] File /Users/patrickschmidt/github-projects/fantasy-sports-assistant/functions/data/stats_2024.json changed, reloading triggers {"metadata":{"emulator":{"name":"functions"},"message":"File /Users/patrickschmidt/github-projects/fantasy-sports-assistant/functions/data/stats_2024.json changed, reloading triggers"}}
[info] >  Fetching stats for 2025... {"user":"Fetching stats for 2025...","metadata":{"emulator":{"name":"functions"},"function":{"name":"us-central1-update_data"},"extension":{},"message":">  Fetching stats for 2025..."}}
[debug] [2026-08-07T20:17:58.406Z] File /Users/patrickschmidt/github-projects/fantasy-sports-assistant/functions/data/stats_2024.json changed, reloading triggers {"metadata":{"emulator":{"name":"functions"},"message":"File /Users/patrickschmidt/github-projects/fantasy-sports-assistant/functions/data/stats_2024.json changed, reloading triggers"}}
[debug] [2026-08-07T20:17:58.578Z] File /Users/patrickschmidt/github-projects/fantasy-sports-assistant/functions/data/stats_2025.json changed, reloading triggers {"metadata":{"emulator":{"name":"functions"},"message":"File /Users/patrickschmidt/github-projects/fantasy-sports-assistant/functions/data/stats_2025.json changed, reloading triggers"}}
[info] >  Fetching College Stats for rookies via ESPN... {"user":"Fetching College Stats for rookies via ESPN...","metadata":{"emulator":{"name":"functions"},"function":{"name":"us-central1-update_data"},"extension":{},"message":">  Fetching College Stats for rookies via ESPN..."}}
[info] >  Fetching college stats for Jordan Taylor (1/50)... {"user":"Fetching college stats for Jordan Taylor (1/50)...","metadata":{"emulator":{"name":"functions"},"function":{"name":"us-central1-update_data"},"extension":{},"message":">  Fetching college stats for Jordan Taylor (1/50)..."}}
[debug] [2026-08-07T20:17:58.679Z] File /Users/patrickschmidt/github-projects/fantasy-sports-assistant/functions/data/stats_2025.json changed, reloading triggers {"metadata":{"emulator":{"name":"functions"},"message":"File /Users/patrickschmidt/github-projects/fantasy-sports-assistant/functions/data/stats_2025.json changed, reloading triggers"}}
[debug] [2026-08-07T20:17:59.680Z] Customer code is not Node
[debug] [2026-08-07T20:17:59.680Z] Validating python source
[debug] [2026-08-07T20:17:59.680Z] Building python source
[debug] [2026-08-07T20:17:59.681Z] Could not find functions.yaml. Must use http discovery
[debug] [2026-08-07T20:17:59.682Z] Running command with virtualenv: command=., args=["\"/Users/patrickschmidt/github-projects/fantasy-sports-assistant/functions/venv/bin/activate\"","&&","python3.14","-c","\"import firebase_functions; import os; print(os.path.dirname(firebase_functions.__file__))\""]
[debug] [2026-08-07T20:17:59.735Z] stdout: /Users/patrickschmidt/github-projects/fantasy-sports-assistant/functions/venv/lib/python3.14/site-packages/firebase_functions

[debug] [2026-08-07T20:17:59.739Z] Running admin server with args: ["python3.14","\"/Users/patrickschmidt/github-projects/fantasy-sports-assistant/functions/venv/lib/python3.14/site-packages/firebase_functions/private/serving.py\""] and env: {"GCLOUD_PROJECT":"demo-no-project","K_REVISION":"1","PORT":"80","GOOGLE_CLOUD_QUOTA_PROJECT":"demo-no-project","FUNCTIONS_EMULATOR":"true","TZ":"UTC","FIREBASE_DEBUG_MODE":"true","FIREBASE_DEBUG_FEATURES":"{\"skipTokenVerification\":true,\"enableCors\":true}","FIREBASE_EMULATOR_HUB":"127.0.0.1:4400","CLOUD_EVENTARC_EMULATOR_HOST":"http://127.0.0.1:9299","CLOUD_TASKS_EMULATOR_HOST":"127.0.0.1:9499","FIREBASE_CONFIG":"{\"storageBucket\":\"demo-no-project.appspot.com\",\"databaseURL\":\"https://demo-no-project.firebaseio.com\",\"projectId\":\"demo-no-project\"}","GOOGLE_APPLICATION_CREDENTIALS":"/Users/patrickschmidt/.config/firebase/patrick_schmidt.mail_gmail.com_application_default_credentials.json","ADMIN_PORT":"8081"} in /Users/patrickschmidt/github-projects/fantasy-sports-assistant/functions
[debug] [2026-08-07T20:17:59.739Z] Running command with virtualenv: command=., args=["\"/Users/patrickschmidt/github-projects/fantasy-sports-assistant/functions/venv/bin/activate\"","&&","python3.14","\"/Users/patrickschmidt/github-projects/fantasy-sports-assistant/functions/venv/lib/python3.14/site-packages/firebase_functions/private/serving.py\""]
[info] >  Fetching college stats for Mani Powell (2/50)... {"user":"Fetching college stats for Mani Powell (2/50)...","metadata":{"emulator":{"name":"functions"},"function":{"name":"us-central1-update_data"},"extension":{},"message":">  Fetching college stats for Mani Powell (2/50)..."}}
[info]  * Serving Flask app 'serving'
 * Debug mode: off

[error] WARNING: This is a development server. Do not use it in a production deployment. Use a production WSGI server instead.
 * Running on http://127.0.0.1:8081

[error] Press CTRL+C to quit

[error] 127.0.0.1 - - [07/Aug/2026 20:18:00] "GET /__/functions.yaml HTTP/1.1" 200 -

[debug] [2026-08-07T20:18:00.255Z] Got response from /__/functions.yaml endpoints:
  analyze_draft:
    availableMemoryMb: null
    concurrency: null
    entryPoint: analyze_draft
    httpsTrigger: {}
    ingressSettings: null
    labels: {}
    maxInstances: null
    minInstances: null
    platform: gcfv2
    secretEnvironmentVariables: []
    serviceAccountEmail: null
    timeoutSeconds: null
  analyze_waivers:
    availableMemoryMb: null
    concurrency: null
    entryPoint: analyze_waivers
    httpsTrigger: {}
    ingressSettings: null
    labels: {}
    maxInstances: null
    minInstances: null
    platform: gcfv2
    secretEnvironmentVariables: []
    serviceAccountEmail: null
    timeoutSeconds: null
  get_league_rosters:
    availableMemoryMb: null
    concurrency: null
    entryPoint: get_league_rosters
    httpsTrigger: {}
    ingressSettings: null
    labels: {}
    maxInstances: null
    minInstances: null
    platform: gcfv2
    secretEnvironmentVariables: []
    serviceAccountEmail: null
    timeoutSeconds: null
  get_league_users:
    availableMemoryMb: null
    concurrency: null
    entryPoint: get_league_users
    httpsTrigger: {}
    ingressSettings: null
    labels: {}
    maxInstances: null
    minInstances: null
    platform: gcfv2
    secretEnvironmentVariables: []
    serviceAccountEmail: null
    timeoutSeconds: null
  get_user_drafts:
    availableMemoryMb: null
    concurrency: null
    entryPoint: get_user_drafts
    httpsTrigger: {}
    ingressSettings: null
    labels: {}
    maxInstances: null
    minInstances: null
    platform: gcfv2
    secretEnvironmentVariables: []
    serviceAccountEmail: null
    timeoutSeconds: null
  get_user_leagues:
    availableMemoryMb: null
    concurrency: null
    entryPoint: get_user_leagues
    httpsTrigger: {}
    ingressSettings: null
    labels: {}
    maxInstances: null
    minInstances: null
    platform: gcfv2
    secretEnvironmentVariables: []
    serviceAccountEmail: null
    timeoutSeconds: null
  update_data:
    availableMemoryMb: null
    concurrency: null
    entryPoint: update_data
    httpsTrigger: {}
    ingressSettings: null
    labels: {}
    maxInstances: null
    minInstances: null
    platform: gcfv2
    secretEnvironmentVariables: []
    serviceAccountEmail: null
    timeoutSeconds: null
params: []
requiredAPIs: []
specVersion: v1alpha1

[error] 127.0.0.1 - - [07/Aug/2026 20:18:00] "GET /__/quitquitquit HTTP/1.1" 200 -

[error] /bin/sh: line 1: 25747 Terminated: 15          python3.14 "/Users/patrickschmidt/github-projects/fantasy-sports-assistant/functions/venv/lib/python3.14/site-packages/firebase_functions/private/serving.py"

[info] ✔  functions: Loaded functions definitions from source: analyze_draft, analyze_waivers, get_league_rosters, get_league_users, get_user_drafts, get_user_leagues, update_data. {"metadata":{"emulator":{"name":"functions"},"message":"Loaded functions definitions from source: analyze_draft, analyze_waivers, get_league_rosters, get_league_users, get_user_drafts, get_user_leagues, update_data."}}
[debug] [2026-08-07T20:18:00.262Z] [worker-pool] Shutting down IDLE worker (us-central1-get_user_leagues) {"metadata":{"emulator":{"name":"functions"},"message":"[worker-pool] Shutting down IDLE worker (us-central1-get_user_leagues)"}}
[debug] [2026-08-07T20:18:00.262Z] [worker-us-central1-get_user_leagues-40d081d8-eb63-49b3-b14c-acc168e4a3e6]: FINISHING {"metadata":{"emulator":{"name":"functions"},"function":{"name":"us-central1-get_user_leagues"},"extension":{},"message":"[worker-us-central1-get_user_leagues-40d081d8-eb63-49b3-b14c-acc168e4a3e6]: FINISHING"}}
[debug] [2026-08-07T20:18:00.263Z] [worker-us-central1-get_user_leagues-40d081d8-eb63-49b3-b14c-acc168e4a3e6]: exited {"metadata":{"emulator":{"name":"functions"},"function":{"name":"us-central1-get_user_leagues"},"extension":{},"message":"[worker-us-central1-get_user_leagues-40d081d8-eb63-49b3-b14c-acc168e4a3e6]: exited"}}
[debug] [2026-08-07T20:18:00.263Z] [worker-us-central1-get_user_leagues-40d081d8-eb63-49b3-b14c-acc168e4a3e6]: FINISHED {"metadata":{"emulator":{"name":"functions"},"function":{"name":"us-central1-get_user_leagues"},"extension":{},"message":"[worker-us-central1-get_user_leagues-40d081d8-eb63-49b3-b14c-acc168e4a3e6]: FINISHED"}}
[info] >  Fetching college stats for Namdi Obiazor (3/50)... {"user":"Fetching college stats for Namdi Obiazor (3/50)...","metadata":{"emulator":{"name":"functions"},"function":{"name":"us-central1-update_data"},"extension":{},"message":">  Fetching college stats for Namdi Obiazor (3/50)..."}}
[info] >  Fetching college stats for DeMonte Capehart (4/50)... {"user":"Fetching college stats for DeMonte Capehart (4/50)...","metadata":{"emulator":{"name":"functions"},"function":{"name":"us-central1-update_data"},"extension":{},"message":">  Fetching college stats for DeMonte Capehart (4/50)..."}}
[info] >  Fetching college stats for Sean Brown (5/50)... {"user":"Fetching college stats for Sean Brown (5/50)...","metadata":{"emulator":{"name":"functions"},"function":{"name":"us-central1-update_data"},"extension":{},"message":">  Fetching college stats for Sean Brown (5/50)..."}}
[info] >  Fetching college stats for Tyce Westland (6/50)... {"user":"Fetching college stats for Tyce Westland (6/50)...","metadata":{"emulator":{"name":"functions"},"function":{"name":"us-central1-update_data"},"extension":{},"message":">  Fetching college stats for Tyce Westland (6/50)..."}}
[info] >  Fetching college stats for Jordyn Tyson (7/50)... {"user":"Fetching college stats for Jordyn Tyson (7/50)...","metadata":{"emulator":{"name":"functions"},"function":{"name":"us-central1-update_data"},"extension":{},"message":">  Fetching college stats for Jordyn Tyson (7/50)..."}}
[info] >  Fetching college stats for Cade Klubnik (8/50)... {"user":"Fetching college stats for Cade Klubnik (8/50)...","metadata":{"emulator":{"name":"functions"},"function":{"name":"us-central1-update_data"},"extension":{},"message":">  Fetching college stats for Cade Klubnik (8/50)..."}}
[info] >  Fetching college stats for Cole Brevard (9/50)... {"user":"Fetching college stats for Cole Brevard (9/50)...","metadata":{"emulator":{"name":"functions"},"function":{"name":"us-central1-update_data"},"extension":{},"message":">  Fetching college stats for Cole Brevard (9/50)..."}}
[info] >  Fetching college stats for KC Eziomume (10/50)... {"user":"Fetching college stats for KC Eziomume (10/50)...","metadata":{"emulator":{"name":"functions"},"function":{"name":"us-central1-update_data"},"extension":{},"message":">  Fetching college stats for KC Eziomume (10/50)..."}}
[info] >  Fetching college stats for Daniel Rickert (11/50)... {"user":"Fetching college stats for Daniel Rickert (11/50)...","metadata":{"emulator":{"name":"functions"},"function":{"name":"us-central1-update_data"},"extension":{},"message":">  Fetching college stats for Daniel Rickert (11/50)..."}}
[info] >  Fetching college stats for Caleb Banks (12/50)... {"user":"Fetching college stats for Caleb Banks (12/50)...","metadata":{"emulator":{"name":"functions"},"function":{"name":"us-central1-update_data"},"extension":{},"message":">  Fetching college stats for Caleb Banks (12/50)..."}}
[info] >  Fetching college stats for Omar Cooper (13/50)... {"user":"Fetching college stats for Omar Cooper (13/50)...","metadata":{"emulator":{"name":"functions"},"function":{"name":"us-central1-update_data"},"extension":{},"message":">  Fetching college stats for Omar Cooper (13/50)..."}}
[info] >  Fetching college stats for Wesley Bailey (14/50)... {"user":"Fetching college stats for Wesley Bailey (14/50)...","metadata":{"emulator":{"name":"functions"},"function":{"name":"us-central1-update_data"},"extension":{},"message":">  Fetching college stats for Wesley Bailey (14/50)..."}}
[info] >  Fetching college stats for Amari McNeill (15/50)... {"user":"Fetching college stats for Amari McNeill (15/50)...","metadata":{"emulator":{"name":"functions"},"function":{"name":"us-central1-update_data"},"extension":{},"message":">  Fetching college stats for Amari McNeill (15/50)..."}}
[info] >  Fetching college stats for Josh Celiscar (16/50)... {"user":"Fetching college stats for Josh Celiscar (16/50)...","metadata":{"emulator":{"name":"functions"},"function":{"name":"us-central1-update_data"},"extension":{},"message":">  Fetching college stats for Josh Celiscar (16/50)..."}}
[info] >  Fetching college stats for Cade Denhoff (17/50)... {"user":"Fetching college stats for Cade Denhoff (17/50)...","metadata":{"emulator":{"name":"functions"},"function":{"name":"us-central1-update_data"},"extension":{},"message":">  Fetching college stats for Cade Denhoff (17/50)..."}}
[info] >  Fetching college stats for Jay'Viar Suggs (18/50)... {"user":"Fetching college stats for Jay'Viar Suggs (18/50)...","metadata":{"emulator":{"name":"functions"},"function":{"name":"us-central1-update_data"},"extension":{},"message":">  Fetching college stats for Jay'Viar Suggs (18/50)..."}}
[info] >  Fetching college stats for Keionte Scott (19/50)... {"user":"Fetching college stats for Keionte Scott (19/50)...","metadata":{"emulator":{"name":"functions"},"function":{"name":"us-central1-update_data"},"extension":{},"message":">  Fetching college stats for Keionte Scott (19/50)..."}}
[info] >  Fetching college stats for Matthew McDoom (20/50)... {"user":"Fetching college stats for Matthew McDoom (20/50)...","metadata":{"emulator":{"name":"functions"},"function":{"name":"us-central1-update_data"},"extension":{},"message":">  Fetching college stats for Matthew McDoom (20/50)..."}}
[info] >  Fetching college stats for James Thompson (21/50)... {"user":"Fetching college stats for James Thompson (21/50)...","metadata":{"emulator":{"name":"functions"},"function":{"name":"us-central1-update_data"},"extension":{},"message":">  Fetching college stats for James Thompson (21/50)..."}}
[info] >  Fetching college stats for Emmett Johnson (22/50)... {"user":"Fetching college stats for Emmett Johnson (22/50)...","metadata":{"emulator":{"name":"functions"},"function":{"name":"us-central1-update_data"},"extension":{},"message":">  Fetching college stats for Emmett Johnson (22/50)..."}}
[info] >  Fetching college stats for Nate Evans (23/50)... {"user":"Fetching college stats for Nate Evans (23/50)...","metadata":{"emulator":{"name":"functions"},"function":{"name":"us-central1-update_data"},"extension":{},"message":">  Fetching college stats for Nate Evans (23/50)..."}}
[debug] [2026-08-07T20:18:21.704Z] File /Users/patrickschmidt/github-projects/fantasy-sports-assistant/functions/api_core.py changed, reloading triggers {"metadata":{"emulator":{"name":"functions"},"message":"File /Users/patrickschmidt/github-projects/fantasy-sports-assistant/functions/api_core.py changed, reloading triggers"}}
[info] >  Fetching college stats for Nick Andersen (24/50)... {"user":"Fetching college stats for Nick Andersen (24/50)...","metadata":{"emulator":{"name":"functions"},"function":{"name":"us-central1-update_data"},"extension":{},"message":">  Fetching college stats for Nick Andersen (24/50)..."}}
[debug] [2026-08-07T20:18:22.705Z] Customer code is not Node
[debug] [2026-08-07T20:18:22.707Z] Validating python source
[debug] [2026-08-07T20:18:22.707Z] Building python source
[debug] [2026-08-07T20:18:22.708Z] Could not find functions.yaml. Must use http discovery
[debug] [2026-08-07T20:18:22.709Z] Running command with virtualenv: command=., args=["\"/Users/patrickschmidt/github-projects/fantasy-sports-assistant/functions/venv/bin/activate\"","&&","python3.14","-c","\"import firebase_functions; import os; print(os.path.dirname(firebase_functions.__file__))\""]
[debug] [2026-08-07T20:18:22.764Z] stdout: /Users/patrickschmidt/github-projects/fantasy-sports-assistant/functions/venv/lib/python3.14/site-packages/firebase_functions

[debug] [2026-08-07T20:18:22.768Z] Running admin server with args: ["python3.14","\"/Users/patrickschmidt/github-projects/fantasy-sports-assistant/functions/venv/lib/python3.14/site-packages/firebase_functions/private/serving.py\""] and env: {"GCLOUD_PROJECT":"demo-no-project","K_REVISION":"1","PORT":"80","GOOGLE_CLOUD_QUOTA_PROJECT":"demo-no-project","FUNCTIONS_EMULATOR":"true","TZ":"UTC","FIREBASE_DEBUG_MODE":"true","FIREBASE_DEBUG_FEATURES":"{\"skipTokenVerification\":true,\"enableCors\":true}","FIREBASE_EMULATOR_HUB":"127.0.0.1:4400","CLOUD_EVENTARC_EMULATOR_HOST":"http://127.0.0.1:9299","CLOUD_TASKS_EMULATOR_HOST":"127.0.0.1:9499","FIREBASE_CONFIG":"{\"storageBucket\":\"demo-no-project.appspot.com\",\"databaseURL\":\"https://demo-no-project.firebaseio.com\",\"projectId\":\"demo-no-project\"}","GOOGLE_APPLICATION_CREDENTIALS":"/Users/patrickschmidt/.config/firebase/patrick_schmidt.mail_gmail.com_application_default_credentials.json","ADMIN_PORT":"8081"} in /Users/patrickschmidt/github-projects/fantasy-sports-assistant/functions
[debug] [2026-08-07T20:18:22.768Z] Running command with virtualenv: command=., args=["\"/Users/patrickschmidt/github-projects/fantasy-sports-assistant/functions/venv/bin/activate\"","&&","python3.14","\"/Users/patrickschmidt/github-projects/fantasy-sports-assistant/functions/venv/lib/python3.14/site-packages/firebase_functions/private/serving.py\""]
[info]  * Serving Flask app 'serving'
 * Debug mode: off

[error] WARNING: This is a development server. Do not use it in a production deployment. Use a production WSGI server instead.
 * Running on http://127.0.0.1:8081

[error] Press CTRL+C to quit

[error] 127.0.0.1 - - [07/Aug/2026 20:18:23] "GET /__/functions.yaml HTTP/1.1" 200 -

[debug] [2026-08-07T20:18:23.291Z] Got response from /__/functions.yaml endpoints:
  analyze_draft:
    availableMemoryMb: null
    concurrency: null
    entryPoint: analyze_draft
    httpsTrigger: {}
    ingressSettings: null
    labels: {}
    maxInstances: null
    minInstances: null
    platform: gcfv2
    secretEnvironmentVariables: []
    serviceAccountEmail: null
    timeoutSeconds: null
  analyze_waivers:
    availableMemoryMb: null
    concurrency: null
    entryPoint: analyze_waivers
    httpsTrigger: {}
    ingressSettings: null
    labels: {}
    maxInstances: null
    minInstances: null
    platform: gcfv2
    secretEnvironmentVariables: []
    serviceAccountEmail: null
    timeoutSeconds: null
  get_league_rosters:
    availableMemoryMb: null
    concurrency: null
    entryPoint: get_league_rosters
    httpsTrigger: {}
    ingressSettings: null
    labels: {}
    maxInstances: null
    minInstances: null
    platform: gcfv2
    secretEnvironmentVariables: []
    serviceAccountEmail: null
    timeoutSeconds: null
  get_league_users:
    availableMemoryMb: null
    concurrency: null
    entryPoint: get_league_users
    httpsTrigger: {}
    ingressSettings: null
    labels: {}
    maxInstances: null
    minInstances: null
    platform: gcfv2
    secretEnvironmentVariables: []
    serviceAccountEmail: null
    timeoutSeconds: null
  get_user_drafts:
    availableMemoryMb: null
    concurrency: null
    entryPoint: get_user_drafts
    httpsTrigger: {}
    ingressSettings: null
    labels: {}
    maxInstances: null
    minInstances: null
    platform: gcfv2
    secretEnvironmentVariables: []
    serviceAccountEmail: null
    timeoutSeconds: null
  get_user_leagues:
    availableMemoryMb: null
    concurrency: null
    entryPoint: get_user_leagues
    httpsTrigger: {}
    ingressSettings: null
    labels: {}
    maxInstances: null
    minInstances: null
    platform: gcfv2
    secretEnvironmentVariables: []
    serviceAccountEmail: null
    timeoutSeconds: null
  update_data:
    availableMemoryMb: null
    concurrency: null
    entryPoint: update_data
    httpsTrigger: {}
    ingressSettings: null
    labels: {}
    maxInstances: null
    minInstances: null
    platform: gcfv2
    secretEnvironmentVariables: []
    serviceAccountEmail: null
    timeoutSeconds: null
params: []
requiredAPIs: []
specVersion: v1alpha1

[error] 127.0.0.1 - - [07/Aug/2026 20:18:23] "GET /__/quitquitquit HTTP/1.1" 200 -

[error] /bin/sh: line 1: 25767 Terminated: 15          python3.14 "/Users/patrickschmidt/github-projects/fantasy-sports-assistant/functions/venv/lib/python3.14/site-packages/firebase_functions/private/serving.py"

[info] ✔  functions: Loaded functions definitions from source: analyze_draft, analyze_waivers, get_league_rosters, get_league_users, get_user_drafts, get_user_leagues, update_data. {"metadata":{"emulator":{"name":"functions"},"message":"Loaded functions definitions from source: analyze_draft, analyze_waivers, get_league_rosters, get_league_users, get_user_drafts, get_user_leagues, update_data."}}
[debug] [2026-08-07T20:18:23.336Z] File /Users/patrickschmidt/github-projects/fantasy-sports-assistant/functions/__pycache__/api_core.cpython-314.pyc changed, reloading triggers {"metadata":{"emulator":{"name":"functions"},"message":"File /Users/patrickschmidt/github-projects/fantasy-sports-assistant/functions/__pycache__/api_core.cpython-314.pyc changed, reloading triggers"}}
[info] >  Fetching college stats for Kayden McDonald (25/50)... {"user":"Fetching college stats for Kayden McDonald (25/50)...","metadata":{"emulator":{"name":"functions"},"function":{"name":"us-central1-update_data"},"extension":{},"message":">  Fetching college stats for Kayden McDonald (25/50)..."}}
[debug] [2026-08-07T20:18:24.338Z] Customer code is not Node
[debug] [2026-08-07T20:18:24.339Z] Validating python source
[debug] [2026-08-07T20:18:24.339Z] Building python source
[debug] [2026-08-07T20:18:24.339Z] Could not find functions.yaml. Must use http discovery
[debug] [2026-08-07T20:18:24.340Z] Running command with virtualenv: command=., args=["\"/Users/patrickschmidt/github-projects/fantasy-sports-assistant/functions/venv/bin/activate\"","&&","python3.14","-c","\"import firebase_functions; import os; print(os.path.dirname(firebase_functions.__file__))\""]
[info] >  Fetching college stats for Peter Manuma (26/50)... {"user":"Fetching college stats for Peter Manuma (26/50)...","metadata":{"emulator":{"name":"functions"},"function":{"name":"us-central1-update_data"},"extension":{},"message":">  Fetching college stats for Peter Manuma (26/50)..."}}
[debug] [2026-08-07T20:18:24.393Z] stdout: /Users/patrickschmidt/github-projects/fantasy-sports-assistant/functions/venv/lib/python3.14/site-packages/firebase_functions

[debug] [2026-08-07T20:18:24.397Z] Running admin server with args: ["python3.14","\"/Users/patrickschmidt/github-projects/fantasy-sports-assistant/functions/venv/lib/python3.14/site-packages/firebase_functions/private/serving.py\""] and env: {"GCLOUD_PROJECT":"demo-no-project","K_REVISION":"1","PORT":"80","GOOGLE_CLOUD_QUOTA_PROJECT":"demo-no-project","FUNCTIONS_EMULATOR":"true","TZ":"UTC","FIREBASE_DEBUG_MODE":"true","FIREBASE_DEBUG_FEATURES":"{\"skipTokenVerification\":true,\"enableCors\":true}","FIREBASE_EMULATOR_HUB":"127.0.0.1:4400","CLOUD_EVENTARC_EMULATOR_HOST":"http://127.0.0.1:9299","CLOUD_TASKS_EMULATOR_HOST":"127.0.0.1:9499","FIREBASE_CONFIG":"{\"storageBucket\":\"demo-no-project.appspot.com\",\"databaseURL\":\"https://demo-no-project.firebaseio.com\",\"projectId\":\"demo-no-project\"}","GOOGLE_APPLICATION_CREDENTIALS":"/Users/patrickschmidt/.config/firebase/patrick_schmidt.mail_gmail.com_application_default_credentials.json","ADMIN_PORT":"8081"} in /Users/patrickschmidt/github-projects/fantasy-sports-assistant/functions
[debug] [2026-08-07T20:18:24.397Z] Running command with virtualenv: command=., args=["\"/Users/patrickschmidt/github-projects/fantasy-sports-assistant/functions/venv/bin/activate\"","&&","python3.14","\"/Users/patrickschmidt/github-projects/fantasy-sports-assistant/functions/venv/lib/python3.14/site-packages/firebase_functions/private/serving.py\""]
[info]  * Serving Flask app 'serving'
 * Debug mode: off

[error] WARNING: This is a development server. Do not use it in a production deployment. Use a production WSGI server instead.
 * Running on http://127.0.0.1:8081

[error] Press CTRL+C to quit

[error] 127.0.0.1 - - [07/Aug/2026 20:18:24] "GET /__/functions.yaml HTTP/1.1" 200 -

[debug] [2026-08-07T20:18:24.908Z] Got response from /__/functions.yaml endpoints:
  analyze_draft:
    availableMemoryMb: null
    concurrency: null
    entryPoint: analyze_draft
    httpsTrigger: {}
    ingressSettings: null
    labels: {}
    maxInstances: null
    minInstances: null
    platform: gcfv2
    secretEnvironmentVariables: []
    serviceAccountEmail: null
    timeoutSeconds: null
  analyze_waivers:
    availableMemoryMb: null
    concurrency: null
    entryPoint: analyze_waivers
    httpsTrigger: {}
    ingressSettings: null
    labels: {}
    maxInstances: null
    minInstances: null
    platform: gcfv2
    secretEnvironmentVariables: []
    serviceAccountEmail: null
    timeoutSeconds: null
  get_league_rosters:
    availableMemoryMb: null
    concurrency: null
    entryPoint: get_league_rosters
    httpsTrigger: {}
    ingressSettings: null
    labels: {}
    maxInstances: null
    minInstances: null
    platform: gcfv2
    secretEnvironmentVariables: []
    serviceAccountEmail: null
    timeoutSeconds: null
  get_league_users:
    availableMemoryMb: null
    concurrency: null
    entryPoint: get_league_users
    httpsTrigger: {}
    ingressSettings: null
    labels: {}
    maxInstances: null
    minInstances: null
    platform: gcfv2
    secretEnvironmentVariables: []
    serviceAccountEmail: null
    timeoutSeconds: null
  get_user_drafts:
    availableMemoryMb: null
    concurrency: null
    entryPoint: get_user_drafts
    httpsTrigger: {}
    ingressSettings: null
    labels: {}
    maxInstances: null
    minInstances: null
    platform: gcfv2
    secretEnvironmentVariables: []
    serviceAccountEmail: null
    timeoutSeconds: null
  get_user_leagues:
    availableMemoryMb: null
    concurrency: null
    entryPoint: get_user_leagues
    httpsTrigger: {}
    ingressSettings: null
    labels: {}
    maxInstances: null
    minInstances: null
    platform: gcfv2
    secretEnvironmentVariables: []
    serviceAccountEmail: null
    timeoutSeconds: null
  update_data:
    availableMemoryMb: null
    concurrency: null
    entryPoint: update_data
    httpsTrigger: {}
    ingressSettings: null
    labels: {}
    maxInstances: null
    minInstances: null
    platform: gcfv2
    secretEnvironmentVariables: []
    serviceAccountEmail: null
    timeoutSeconds: null
params: []
requiredAPIs: []
specVersion: v1alpha1

[error] 127.0.0.1 - - [07/Aug/2026 20:18:24] "GET /__/quitquitquit HTTP/1.1" 200 -

[error] /bin/sh: line 1: 25779 Terminated: 15          python3.14 "/Users/patrickschmidt/github-projects/fantasy-sports-assistant/functions/venv/lib/python3.14/site-packages/firebase_functions/private/serving.py"

[info] ✔  functions: Loaded functions definitions from source: analyze_draft, analyze_waivers, get_league_rosters, get_league_users, get_user_drafts, get_user_leagues, update_data. {"metadata":{"emulator":{"name":"functions"},"message":"Loaded functions definitions from source: analyze_draft, analyze_waivers, get_league_rosters, get_league_users, get_user_drafts, get_user_leagues, update_data."}}
[info] >  Fetching college stats for Virgil Lemons (27/50)... {"user":"Fetching college stats for Virgil Lemons (27/50)...","metadata":{"emulator":{"name":"functions"},"function":{"name":"us-central1-update_data"},"extension":{},"message":">  Fetching college stats for Virgil Lemons (27/50)..."}}
[error] ⬢  functions: Failed to handle request for function us-central1-update_data {"metadata":{"emulator":{"name":"functions"},"message":"Failed to handle request for function us-central1-update_data"}}
[error] ⬢  functions: Failed to start functions in /Users/patrickschmidt/github-projects/fantasy-sports-assistant/functions: Failed to load function. {"metadata":{"emulator":{"name":"functions"},"message":"Failed to start functions in /Users/patrickschmidt/github-projects/fantasy-sports-assistant/functions: Failed to load function."}}
[debug] [2026-08-07T20:18:26.025Z] [work-queue] {"queuedWork":[],"queueLength":0,"runningWork":[],"workRunningCount":0}
[info] >  Fetching college stats for Bryan Thomas (28/50)... {"user":"Fetching college stats for Bryan Thomas (28/50)...","metadata":{"emulator":{"name":"functions"},"function":{"name":"us-central1-update_data"},"extension":{},"message":">  Fetching college stats for Bryan Thomas (28/50)..."}}
[info] >  Fetching college stats for Nathan Voorhis (29/50)... {"user":"Fetching college stats for Nathan Voorhis (29/50)...","metadata":{"emulator":{"name":"functions"},"function":{"name":"us-central1-update_data"},"extension":{},"message":">  Fetching college stats for Nathan Voorhis (29/50)..."}}
[info] >  Fetching college stats for Bryce Phillips (30/50)... {"user":"Fetching college stats for Bryce Phillips (30/50)...","metadata":{"emulator":{"name":"functions"},"function":{"name":"us-central1-update_data"},"extension":{},"message":">  Fetching college stats for Bryce Phillips (30/50)..."}}
[info] >  Fetching college stats for Fentrell Cypress (31/50)... {"user":"Fetching college stats for Fentrell Cypress (31/50)...","metadata":{"emulator":{"name":"functions"},"function":{"name":"us-central1-update_data"},"extension":{},"message":">  Fetching college stats for Fentrell Cypress (31/50)..."}}
[info] >  Fetching college stats for Ayden Garnes (32/50)... {"user":"Fetching college stats for Ayden Garnes (32/50)...","metadata":{"emulator":{"name":"functions"},"function":{"name":"us-central1-update_data"},"extension":{},"message":">  Fetching college stats for Ayden Garnes (32/50)..."}}
[info] >  Fetching college stats for Jake Golday (33/50)... {"user":"Fetching college stats for Jake Golday (33/50)...","metadata":{"emulator":{"name":"functions"},"function":{"name":"us-central1-update_data"},"extension":{},"message":">  Fetching college stats for Jake Golday (33/50)..."}}
[info] >  Fetching college stats for Tommy McCormick (34/50)... {"user":"Fetching college stats for Tommy McCormick (34/50)...","metadata":{"emulator":{"name":"functions"},"function":{"name":"us-central1-update_data"},"extension":{},"message":">  Fetching college stats for Tommy McCormick (34/50)..."}}
[info] >  Fetching college stats for Heath Harding (35/50)... {"user":"Fetching college stats for Heath Harding (35/50)...","metadata":{"emulator":{"name":"functions"},"function":{"name":"us-central1-update_data"},"extension":{},"message":">  Fetching college stats for Heath Harding (35/50)..."}}
[info] >  Fetching college stats for Tyreek Chappell (36/50)... {"user":"Fetching college stats for Tyreek Chappell (36/50)...","metadata":{"emulator":{"name":"functions"},"function":{"name":"us-central1-update_data"},"extension":{},"message":">  Fetching college stats for Tyreek Chappell (36/50)..."}}
[info] >  Fetching college stats for Prince Dorbah (37/50)... {"user":"Fetching college stats for Prince Dorbah (37/50)...","metadata":{"emulator":{"name":"functions"},"function":{"name":"us-central1-update_data"},"extension":{},"message":">  Fetching college stats for Prince Dorbah (37/50)..."}}
[debug] [2026-08-07T20:18:36.596Z] [work-queue] {"queuedWork":["/demo-no-project/us-central1/get_user_leagues-2026-08-07T20:18:36.596Z"],"queueLength":1,"runningWork":[],"workRunningCount":0}
[debug] [2026-08-07T20:18:36.596Z] [work-queue] {"queuedWork":[],"queueLength":0,"runningWork":["/demo-no-project/us-central1/get_user_leagues-2026-08-07T20:18:36.596Z"],"workRunningCount":1}
[debug] [2026-08-07T20:18:36.596Z] Accepted request GET /demo-no-project/us-central1/get_user_leagues?username=p4t0b4ll3rs&season=2025 --> us-central1-get_user_leagues
[debug] [2026-08-07T20:18:36.597Z] [functions] Runtime ready! Sending request! {"metadata":{"emulator":{"name":"functions"},"message":"[functions] Runtime ready! Sending request!"}}
[debug] [2026-08-07T20:18:36.597Z] [functions] Got req.url=/demo-no-project/us-central1/get_user_leagues?username=p4t0b4ll3rs&season=2025, mapping to path=/?username=p4t0b4ll3rs&season=2025 {"metadata":{"emulator":{"name":"functions"},"message":"[functions] Got req.url=/demo-no-project/us-central1/get_user_leagues?username=p4t0b4ll3rs&season=2025, mapping to path=/?username=p4t0b4ll3rs&season=2025"}}
[debug] [2026-08-07T20:18:36.597Z] [worker-pool] Cleaned up workers for us-central1-get_user_leagues: 1 --> 0 {"metadata":{"emulator":{"name":"functions"},"message":"[worker-pool] Cleaned up workers for us-central1-get_user_leagues: 1 --> 0"}}
[debug] [2026-08-07T20:18:36.599Z] Running command with virtualenv: command=., args=["\"/Users/patrickschmidt/github-projects/fantasy-sports-assistant/functions/venv/bin/activate\"","&&","functions-framework"]
[debug] [2026-08-07T20:18:36.600Z] [worker-pool] addWorker(us-central1-get_user_leagues) {"metadata":{"emulator":{"name":"functions"},"message":"[worker-pool] addWorker(us-central1-get_user_leagues)"}}
[debug] [2026-08-07T20:18:36.600Z] [worker-pool] Adding worker with key us-central1-get_user_leagues, total=1 {"metadata":{"emulator":{"name":"functions"},"message":"[worker-pool] Adding worker with key us-central1-get_user_leagues, total=1"}}
[debug] [2026-08-07T20:18:36.908Z] [worker-us-central1-get_user_leagues-f4eaed3e-4c8f-4d43-8806-a21fba83cca2]: IDLE {"metadata":{"emulator":{"name":"functions"},"function":{"name":"us-central1-get_user_leagues"},"extension":{},"message":"[worker-us-central1-get_user_leagues-f4eaed3e-4c8f-4d43-8806-a21fba83cca2]: IDLE"}}
[debug] [2026-08-07T20:18:36.909Z] [worker-pool] submitRequest(triggerId=us-central1-get_user_leagues) {"metadata":{"emulator":{"name":"functions"},"message":"[worker-pool] submitRequest(triggerId=us-central1-get_user_leagues)"}}
[info] i  functions: Beginning execution of "us-central1-get_user_leagues" {"metadata":{"emulator":{"name":"functions"},"function":{"name":"us-central1-get_user_leagues"},"extension":{},"message":"Beginning execution of \"us-central1-get_user_leagues\""}}
[debug] [2026-08-07T20:18:36.909Z] [worker-us-central1-get_user_leagues-f4eaed3e-4c8f-4d43-8806-a21fba83cca2]: BUSY {"metadata":{"emulator":{"name":"functions"},"function":{"name":"us-central1-get_user_leagues"},"extension":{},"message":"[worker-us-central1-get_user_leagues-f4eaed3e-4c8f-4d43-8806-a21fba83cca2]: BUSY"}}
[info] >  Fetching college stats for Devyn Perkins (38/50)... {"user":"Fetching college stats for Devyn Perkins (38/50)...","metadata":{"emulator":{"name":"functions"},"function":{"name":"us-central1-update_data"},"extension":{},"message":">  Fetching college stats for Devyn Perkins (38/50)..."}}
[debug] [2026-08-07T20:18:37.129Z] Finishing up request with event=pause {"metadata":{"emulator":{"name":"functions"},"function":{"name":"us-central1-get_user_leagues"},"extension":{},"message":"Finishing up request with event=pause"}}
[info] i  functions: Finished "us-central1-get_user_leagues" in 221.067875ms {"metadata":{"emulator":{"name":"functions"},"function":{"name":"us-central1-get_user_leagues"},"extension":{},"message":"Finished \"us-central1-get_user_leagues\" in 221.067875ms"}}
[debug] [2026-08-07T20:18:37.130Z] [worker-us-central1-get_user_leagues-f4eaed3e-4c8f-4d43-8806-a21fba83cca2]: IDLE {"metadata":{"emulator":{"name":"functions"},"function":{"name":"us-central1-get_user_leagues"},"extension":{},"message":"[worker-us-central1-get_user_leagues-f4eaed3e-4c8f-4d43-8806-a21fba83cca2]: IDLE"}}
[debug] [2026-08-07T20:18:37.130Z] Finishing up request with event=finish {"metadata":{"emulator":{"name":"functions"},"function":{"name":"us-central1-get_user_leagues"},"extension":{},"message":"Finishing up request with event=finish"}}
[debug] [2026-08-07T20:18:37.130Z] Finishing up request with event=close {"metadata":{"emulator":{"name":"functions"},"function":{"name":"us-central1-get_user_leagues"},"extension":{},"message":"Finishing up request with event=close"}}
[debug] [2026-08-07T20:18:37.130Z] [work-queue] {"queuedWork":[],"queueLength":0,"runningWork":[],"workRunningCount":0}
[info] >  Fetching college stats for Quintayvious Hutchins (39/50)... {"user":"Fetching college stats for Quintayvious Hutchins (39/50)...","metadata":{"emulator":{"name":"functions"},"function":{"name":"us-central1-update_data"},"extension":{},"message":">  Fetching college stats for Quintayvious Hutchins (39/50)..."}}
[info] >  Fetching college stats for Tamon Lynum (40/50)... {"user":"Fetching college stats for Tamon Lynum (40/50)...","metadata":{"emulator":{"name":"functions"},"function":{"name":"us-central1-update_data"},"extension":{},"message":">  Fetching college stats for Tamon Lynum (40/50)..."}}
[info] >  Fetching college stats for Keli Lawson (41/50)... {"user":"Fetching college stats for Keli Lawson (41/50)...","metadata":{"emulator":{"name":"functions"},"function":{"name":"us-central1-update_data"},"extension":{},"message":">  Fetching college stats for Keli Lawson (41/50)..."}}
[info] >  Fetching college stats for Stephen Hall (42/50)... {"user":"Fetching college stats for Stephen Hall (42/50)...","metadata":{"emulator":{"name":"functions"},"function":{"name":"us-central1-update_data"},"extension":{},"message":">  Fetching college stats for Stephen Hall (42/50)..."}}
[info] >  Fetching college stats for Reid Carrico (43/50)... {"user":"Fetching college stats for Reid Carrico (43/50)...","metadata":{"emulator":{"name":"functions"},"function":{"name":"us-central1-update_data"},"extension":{},"message":">  Fetching college stats for Reid Carrico (43/50)..."}}
[info] >  Fetching college stats for Khordae Sydnor (44/50)... {"user":"Fetching college stats for Khordae Sydnor (44/50)...","metadata":{"emulator":{"name":"functions"},"function":{"name":"us-central1-update_data"},"extension":{},"message":">  Fetching college stats for Khordae Sydnor (44/50)..."}}
[info] >  Fetching college stats for Jordan Wright (45/50)... {"user":"Fetching college stats for Jordan Wright (45/50)...","metadata":{"emulator":{"name":"functions"},"function":{"name":"us-central1-update_data"},"extension":{},"message":">  Fetching college stats for Jordan Wright (45/50)..."}}
[info] >  Fetching college stats for Samuel Dankah (46/50)... {"user":"Fetching college stats for Samuel Dankah (46/50)...","metadata":{"emulator":{"name":"functions"},"function":{"name":"us-central1-update_data"},"extension":{},"message":">  Fetching college stats for Samuel Dankah (46/50)..."}}
[info] >  Fetching college stats for Kenneth Harris (47/50)... {"user":"Fetching college stats for Kenneth Harris (47/50)...","metadata":{"emulator":{"name":"functions"},"function":{"name":"us-central1-update_data"},"extension":{},"message":">  Fetching college stats for Kenneth Harris (47/50)..."}}
[info] >  Fetching college stats for Aiden Fisher (48/50)... {"user":"Fetching college stats for Aiden Fisher (48/50)...","metadata":{"emulator":{"name":"functions"},"function":{"name":"us-central1-update_data"},"extension":{},"message":">  Fetching college stats for Aiden Fisher (48/50)..."}}
[info] >  Fetching college stats for Kaleb Elarms-Orr (49/50)... {"user":"Fetching college stats for Kaleb Elarms-Orr (49/50)...","metadata":{"emulator":{"name":"functions"},"function":{"name":"us-central1-update_data"},"extension":{},"message":">  Fetching college stats for Kaleb Elarms-Orr (49/50)..."}}
[info] >  Fetching college stats for Parker Petersen (50/50)... {"user":"Fetching college stats for Parker Petersen (50/50)...","metadata":{"emulator":{"name":"functions"},"function":{"name":"us-central1-update_data"},"extension":{},"message":">  Fetching college stats for Parker Petersen (50/50)..."}}
[debug] [2026-08-07T20:18:50.876Z] [worker-us-central1-update_data-14b81083-8248-452d-971c-ca6982004212]: IDLE {"metadata":{"emulator":{"name":"functions"},"function":{"name":"us-central1-update_data"},"extension":{},"message":"[worker-us-central1-update_data-14b81083-8248-452d-971c-ca6982004212]: IDLE"}}
[debug] [2026-08-07T20:18:50.962Z] File /Users/patrickschmidt/github-projects/fantasy-sports-assistant/functions/data/college_stats.json changed, reloading triggers {"metadata":{"emulator":{"name":"functions"},"message":"File /Users/patrickschmidt/github-projects/fantasy-sports-assistant/functions/data/college_stats.json changed, reloading triggers"}}
[debug] [2026-08-07T20:18:51.965Z] Customer code is not Node
[debug] [2026-08-07T20:18:51.965Z] Validating python source
[debug] [2026-08-07T20:18:51.965Z] Building python source
[debug] [2026-08-07T20:18:51.966Z] Could not find functions.yaml. Must use http discovery
[debug] [2026-08-07T20:18:51.967Z] Running command with virtualenv: command=., args=["\"/Users/patrickschmidt/github-projects/fantasy-sports-assistant/functions/venv/bin/activate\"","&&","python3.14","-c","\"import firebase_functions; import os; print(os.path.dirname(firebase_functions.__file__))\""]
[debug] [2026-08-07T20:18:52.018Z] stdout: /Users/patrickschmidt/github-projects/fantasy-sports-assistant/functions/venv/lib/python3.14/site-packages/firebase_functions

[debug] [2026-08-07T20:18:52.022Z] Running admin server with args: ["python3.14","\"/Users/patrickschmidt/github-projects/fantasy-sports-assistant/functions/venv/lib/python3.14/site-packages/firebase_functions/private/serving.py\""] and env: {"GCLOUD_PROJECT":"demo-no-project","K_REVISION":"1","PORT":"80","GOOGLE_CLOUD_QUOTA_PROJECT":"demo-no-project","FUNCTIONS_EMULATOR":"true","TZ":"UTC","FIREBASE_DEBUG_MODE":"true","FIREBASE_DEBUG_FEATURES":"{\"skipTokenVerification\":true,\"enableCors\":true}","FIREBASE_EMULATOR_HUB":"127.0.0.1:4400","CLOUD_EVENTARC_EMULATOR_HOST":"http://127.0.0.1:9299","CLOUD_TASKS_EMULATOR_HOST":"127.0.0.1:9499","FIREBASE_CONFIG":"{\"storageBucket\":\"demo-no-project.appspot.com\",\"databaseURL\":\"https://demo-no-project.firebaseio.com\",\"projectId\":\"demo-no-project\"}","GOOGLE_APPLICATION_CREDENTIALS":"/Users/patrickschmidt/.config/firebase/patrick_schmidt.mail_gmail.com_application_default_credentials.json","ADMIN_PORT":"8081"} in /Users/patrickschmidt/github-projects/fantasy-sports-assistant/functions
[debug] [2026-08-07T20:18:52.022Z] Running command with virtualenv: command=., args=["\"/Users/patrickschmidt/github-projects/fantasy-sports-assistant/functions/venv/bin/activate\"","&&","python3.14","\"/Users/patrickschmidt/github-projects/fantasy-sports-assistant/functions/venv/lib/python3.14/site-packages/firebase_functions/private/serving.py\""]
[info]  * Serving Flask app 'serving'
 * Debug mode: off

[error] WARNING: This is a development server. Do not use it in a production deployment. Use a production WSGI server instead.
 * Running on http://127.0.0.1:8081

[error] Press CTRL+C to quit

[error] 127.0.0.1 - - [07/Aug/2026 20:18:52] "GET /__/functions.yaml HTTP/1.1" 200 -

[debug] [2026-08-07T20:18:52.542Z] Got response from /__/functions.yaml endpoints:
  analyze_draft:
    availableMemoryMb: null
    concurrency: null
    entryPoint: analyze_draft
    httpsTrigger: {}
    ingressSettings: null
    labels: {}
    maxInstances: null
    minInstances: null
    platform: gcfv2
    secretEnvironmentVariables: []
    serviceAccountEmail: null
    timeoutSeconds: null
  analyze_waivers:
    availableMemoryMb: null
    concurrency: null
    entryPoint: analyze_waivers
    httpsTrigger: {}
    ingressSettings: null
    labels: {}
    maxInstances: null
    minInstances: null
    platform: gcfv2
    secretEnvironmentVariables: []
    serviceAccountEmail: null
    timeoutSeconds: null
  get_league_rosters:
    availableMemoryMb: null
    concurrency: null
    entryPoint: get_league_rosters
    httpsTrigger: {}
    ingressSettings: null
    labels: {}
    maxInstances: null
    minInstances: null
    platform: gcfv2
    secretEnvironmentVariables: []
    serviceAccountEmail: null
    timeoutSeconds: null
  get_league_users:
    availableMemoryMb: null
    concurrency: null
    entryPoint: get_league_users
    httpsTrigger: {}
    ingressSettings: null
    labels: {}
    maxInstances: null
    minInstances: null
    platform: gcfv2
    secretEnvironmentVariables: []
    serviceAccountEmail: null
    timeoutSeconds: null
  get_user_drafts:
    availableMemoryMb: null
    concurrency: null
    entryPoint: get_user_drafts
    httpsTrigger: {}
    ingressSettings: null
    labels: {}
    maxInstances: null
    minInstances: null
    platform: gcfv2
    secretEnvironmentVariables: []
    serviceAccountEmail: null
    timeoutSeconds: null
  get_user_leagues:
    availableMemoryMb: null
    concurrency: null
    entryPoint: get_user_leagues
    httpsTrigger: {}
    ingressSettings: null
    labels: {}
    maxInstances: null
    minInstances: null
    platform: gcfv2
    secretEnvironmentVariables: []
    serviceAccountEmail: null
    timeoutSeconds: null
  update_data:
    availableMemoryMb: null
    concurrency: null
    entryPoint: update_data
    httpsTrigger: {}
    ingressSettings: null
    labels: {}
    maxInstances: null
    minInstances: null
    platform: gcfv2
    secretEnvironmentVariables: []
    serviceAccountEmail: null
    timeoutSeconds: null
params: []
requiredAPIs: []
specVersion: v1alpha1

[error] 127.0.0.1 - - [07/Aug/2026 20:18:52] "GET /__/quitquitquit HTTP/1.1" 200 -

[error] /bin/sh: line 1: 25824 Terminated: 15          python3.14 "/Users/patrickschmidt/github-projects/fantasy-sports-assistant/functions/venv/lib/python3.14/site-packages/firebase_functions/private/serving.py"

[info] ✔  functions: Loaded functions definitions from source: analyze_draft, analyze_waivers, get_league_rosters, get_league_users, get_user_drafts, get_user_leagues, update_data. {"metadata":{"emulator":{"name":"functions"},"message":"Loaded functions definitions from source: analyze_draft, analyze_waivers, get_league_rosters, get_league_users, get_user_drafts, get_user_leagues, update_data."}}
[debug] [2026-08-07T20:18:52.553Z] [worker-pool] Shutting down IDLE worker (us-central1-get_user_leagues) {"metadata":{"emulator":{"name":"functions"},"message":"[worker-pool] Shutting down IDLE worker (us-central1-get_user_leagues)"}}
[debug] [2026-08-07T20:18:52.553Z] [worker-us-central1-get_user_leagues-f4eaed3e-4c8f-4d43-8806-a21fba83cca2]: FINISHING {"metadata":{"emulator":{"name":"functions"},"function":{"name":"us-central1-get_user_leagues"},"extension":{},"message":"[worker-us-central1-get_user_leagues-f4eaed3e-4c8f-4d43-8806-a21fba83cca2]: FINISHING"}}
[debug] [2026-08-07T20:18:52.553Z] [worker-pool] Shutting down IDLE worker (us-central1-update_data) {"metadata":{"emulator":{"name":"functions"},"message":"[worker-pool] Shutting down IDLE worker (us-central1-update_data)"}}
[debug] [2026-08-07T20:18:52.553Z] [worker-us-central1-update_data-14b81083-8248-452d-971c-ca6982004212]: FINISHING {"metadata":{"emulator":{"name":"functions"},"function":{"name":"us-central1-update_data"},"extension":{},"message":"[worker-us-central1-update_data-14b81083-8248-452d-971c-ca6982004212]: FINISHING"}}
[debug] [2026-08-07T20:18:52.553Z] [worker-us-central1-get_user_leagues-f4eaed3e-4c8f-4d43-8806-a21fba83cca2]: exited {"metadata":{"emulator":{"name":"functions"},"function":{"name":"us-central1-get_user_leagues"},"extension":{},"message":"[worker-us-central1-get_user_leagues-f4eaed3e-4c8f-4d43-8806-a21fba83cca2]: exited"}}
[debug] [2026-08-07T20:18:52.554Z] [worker-us-central1-get_user_leagues-f4eaed3e-4c8f-4d43-8806-a21fba83cca2]: FINISHED {"metadata":{"emulator":{"name":"functions"},"function":{"name":"us-central1-get_user_leagues"},"extension":{},"message":"[worker-us-central1-get_user_leagues-f4eaed3e-4c8f-4d43-8806-a21fba83cca2]: FINISHED"}}
[debug] [2026-08-07T20:18:52.554Z] [worker-us-central1-update_data-14b81083-8248-452d-971c-ca6982004212]: exited {"metadata":{"emulator":{"name":"functions"},"function":{"name":"us-central1-update_data"},"extension":{},"message":"[worker-us-central1-update_data-14b81083-8248-452d-971c-ca6982004212]: exited"}}
[debug] [2026-08-07T20:18:52.554Z] [worker-us-central1-update_data-14b81083-8248-452d-971c-ca6982004212]: FINISHED {"metadata":{"emulator":{"name":"functions"},"function":{"name":"us-central1-update_data"},"extension":{},"message":"[worker-us-central1-update_data-14b81083-8248-452d-971c-ca6982004212]: FINISHED"}}
[debug] [2026-08-07T20:19:13.841Z] [work-queue] {"queuedWork":["/demo-no-project/us-central1/get_user_leagues-2026-08-07T20:19:13.841Z"],"queueLength":1,"runningWork":[],"workRunningCount":0}
[debug] [2026-08-07T20:19:13.841Z] [work-queue] {"queuedWork":[],"queueLength":0,"runningWork":["/demo-no-project/us-central1/get_user_leagues-2026-08-07T20:19:13.841Z"],"workRunningCount":1}
[debug] [2026-08-07T20:19:13.841Z] Accepted request GET /demo-no-project/us-central1/get_user_leagues?username=p4t0b4ll3rs&season=2026 --> us-central1-get_user_leagues
[debug] [2026-08-07T20:19:13.842Z] [functions] Runtime ready! Sending request! {"metadata":{"emulator":{"name":"functions"},"message":"[functions] Runtime ready! Sending request!"}}
[debug] [2026-08-07T20:19:13.842Z] [functions] Got req.url=/demo-no-project/us-central1/get_user_leagues?username=p4t0b4ll3rs&season=2026, mapping to path=/?username=p4t0b4ll3rs&season=2026 {"metadata":{"emulator":{"name":"functions"},"message":"[functions] Got req.url=/demo-no-project/us-central1/get_user_leagues?username=p4t0b4ll3rs&season=2026, mapping to path=/?username=p4t0b4ll3rs&season=2026"}}
[debug] [2026-08-07T20:19:13.842Z] [worker-pool] Cleaned up workers for us-central1-get_user_leagues: 1 --> 0 {"metadata":{"emulator":{"name":"functions"},"message":"[worker-pool] Cleaned up workers for us-central1-get_user_leagues: 1 --> 0"}}
[debug] [2026-08-07T20:19:13.842Z] [worker-pool] Cleaned up workers for us-central1-update_data: 1 --> 0 {"metadata":{"emulator":{"name":"functions"},"message":"[worker-pool] Cleaned up workers for us-central1-update_data: 1 --> 0"}}
[debug] [2026-08-07T20:19:13.844Z] Running command with virtualenv: command=., args=["\"/Users/patrickschmidt/github-projects/fantasy-sports-assistant/functions/venv/bin/activate\"","&&","functions-framework"]
[debug] [2026-08-07T20:19:13.845Z] [worker-pool] addWorker(us-central1-get_user_leagues) {"metadata":{"emulator":{"name":"functions"},"message":"[worker-pool] addWorker(us-central1-get_user_leagues)"}}
[debug] [2026-08-07T20:19:13.845Z] [worker-pool] Adding worker with key us-central1-get_user_leagues, total=1 {"metadata":{"emulator":{"name":"functions"},"message":"[worker-pool] Adding worker with key us-central1-get_user_leagues, total=1"}}
[debug] [2026-08-07T20:19:14.153Z] [worker-us-central1-get_user_leagues-22816314-8ffd-4812-a410-17d69ad00d29]: IDLE {"metadata":{"emulator":{"name":"functions"},"function":{"name":"us-central1-get_user_leagues"},"extension":{},"message":"[worker-us-central1-get_user_leagues-22816314-8ffd-4812-a410-17d69ad00d29]: IDLE"}}
[debug] [2026-08-07T20:19:14.154Z] [worker-pool] submitRequest(triggerId=us-central1-get_user_leagues) {"metadata":{"emulator":{"name":"functions"},"message":"[worker-pool] submitRequest(triggerId=us-central1-get_user_leagues)"}}
[info] i  functions: Beginning execution of "us-central1-get_user_leagues" {"metadata":{"emulator":{"name":"functions"},"function":{"name":"us-central1-get_user_leagues"},"extension":{},"message":"Beginning execution of \"us-central1-get_user_leagues\""}}
[debug] [2026-08-07T20:19:14.154Z] [worker-us-central1-get_user_leagues-22816314-8ffd-4812-a410-17d69ad00d29]: BUSY {"metadata":{"emulator":{"name":"functions"},"function":{"name":"us-central1-get_user_leagues"},"extension":{},"message":"[worker-us-central1-get_user_leagues-22816314-8ffd-4812-a410-17d69ad00d29]: BUSY"}}
[debug] [2026-08-07T20:19:14.354Z] Finishing up request with event=pause {"metadata":{"emulator":{"name":"functions"},"function":{"name":"us-central1-get_user_leagues"},"extension":{},"message":"Finishing up request with event=pause"}}
[info] i  functions: Finished "us-central1-get_user_leagues" in 200.841083ms {"metadata":{"emulator":{"name":"functions"},"function":{"name":"us-central1-get_user_leagues"},"extension":{},"message":"Finished \"us-central1-get_user_leagues\" in 200.841083ms"}}
[debug] [2026-08-07T20:19:14.355Z] [worker-us-central1-get_user_leagues-22816314-8ffd-4812-a410-17d69ad00d29]: IDLE {"metadata":{"emulator":{"name":"functions"},"function":{"name":"us-central1-get_user_leagues"},"extension":{},"message":"[worker-us-central1-get_user_leagues-22816314-8ffd-4812-a410-17d69ad00d29]: IDLE"}}
[debug] [2026-08-07T20:19:14.355Z] Finishing up request with event=finish {"metadata":{"emulator":{"name":"functions"},"function":{"name":"us-central1-get_user_leagues"},"extension":{},"message":"Finishing up request with event=finish"}}
[debug] [2026-08-07T20:19:14.355Z] Finishing up request with event=close {"metadata":{"emulator":{"name":"functions"},"function":{"name":"us-central1-get_user_leagues"},"extension":{},"message":"Finishing up request with event=close"}}
[debug] [2026-08-07T20:19:14.355Z] [work-queue] {"queuedWork":[],"queueLength":0,"runningWork":[],"workRunningCount":0}
[debug] [2026-08-07T20:19:14.357Z] [work-queue] {"queuedWork":["/demo-no-project/us-central1/get_user_drafts-2026-08-07T20:19:14.357Z"],"queueLength":1,"runningWork":[],"workRunningCount":0}
[debug] [2026-08-07T20:19:14.358Z] [work-queue] {"queuedWork":[],"queueLength":0,"runningWork":["/demo-no-project/us-central1/get_user_drafts-2026-08-07T20:19:14.357Z"],"workRunningCount":1}
[debug] [2026-08-07T20:19:14.358Z] Accepted request GET /demo-no-project/us-central1/get_user_drafts?username=p4t0b4ll3rs&season=2026 --> us-central1-get_user_drafts
[debug] [2026-08-07T20:19:14.358Z] [functions] Runtime ready! Sending request! {"metadata":{"emulator":{"name":"functions"},"message":"[functions] Runtime ready! Sending request!"}}
[debug] [2026-08-07T20:19:14.358Z] [functions] Got req.url=/demo-no-project/us-central1/get_user_drafts?username=p4t0b4ll3rs&season=2026, mapping to path=/?username=p4t0b4ll3rs&season=2026 {"metadata":{"emulator":{"name":"functions"},"message":"[functions] Got req.url=/demo-no-project/us-central1/get_user_drafts?username=p4t0b4ll3rs&season=2026, mapping to path=/?username=p4t0b4ll3rs&season=2026"}}
[debug] [2026-08-07T20:19:14.359Z] Running command with virtualenv: command=., args=["\"/Users/patrickschmidt/github-projects/fantasy-sports-assistant/functions/venv/bin/activate\"","&&","functions-framework"]
[debug] [2026-08-07T20:19:14.360Z] [worker-pool] addWorker(us-central1-get_user_drafts) {"metadata":{"emulator":{"name":"functions"},"message":"[worker-pool] addWorker(us-central1-get_user_drafts)"}}
[debug] [2026-08-07T20:19:14.360Z] [worker-pool] Adding worker with key us-central1-get_user_drafts, total=1 {"metadata":{"emulator":{"name":"functions"},"message":"[worker-pool] Adding worker with key us-central1-get_user_drafts, total=1"}}
[debug] [2026-08-07T20:19:14.668Z] [worker-us-central1-get_user_drafts-f8a285fc-4ad6-4731-b050-d71d85001eec]: IDLE {"metadata":{"emulator":{"name":"functions"},"function":{"name":"us-central1-get_user_drafts"},"extension":{},"message":"[worker-us-central1-get_user_drafts-f8a285fc-4ad6-4731-b050-d71d85001eec]: IDLE"}}
[debug] [2026-08-07T20:19:14.668Z] [worker-pool] submitRequest(triggerId=us-central1-get_user_drafts) {"metadata":{"emulator":{"name":"functions"},"message":"[worker-pool] submitRequest(triggerId=us-central1-get_user_drafts)"}}
[info] i  functions: Beginning execution of "us-central1-get_user_drafts" {"metadata":{"emulator":{"name":"functions"},"function":{"name":"us-central1-get_user_drafts"},"extension":{},"message":"Beginning execution of \"us-central1-get_user_drafts\""}}
[debug] [2026-08-07T20:19:14.669Z] [worker-us-central1-get_user_drafts-f8a285fc-4ad6-4731-b050-d71d85001eec]: BUSY {"metadata":{"emulator":{"name":"functions"},"function":{"name":"us-central1-get_user_drafts"},"extension":{},"message":"[worker-us-central1-get_user_drafts-f8a285fc-4ad6-4731-b050-d71d85001eec]: BUSY"}}
[debug] [2026-08-07T20:19:15.042Z] Finishing up request with event=pause {"metadata":{"emulator":{"name":"functions"},"function":{"name":"us-central1-get_user_drafts"},"extension":{},"message":"Finishing up request with event=pause"}}
[info] i  functions: Finished "us-central1-get_user_drafts" in 373.342792ms {"metadata":{"emulator":{"name":"functions"},"function":{"name":"us-central1-get_user_drafts"},"extension":{},"message":"Finished \"us-central1-get_user_drafts\" in 373.342792ms"}}
[debug] [2026-08-07T20:19:15.042Z] [worker-us-central1-get_user_drafts-f8a285fc-4ad6-4731-b050-d71d85001eec]: IDLE {"metadata":{"emulator":{"name":"functions"},"function":{"name":"us-central1-get_user_drafts"},"extension":{},"message":"[worker-us-central1-get_user_drafts-f8a285fc-4ad6-4731-b050-d71d85001eec]: IDLE"}}
[debug] [2026-08-07T20:19:15.042Z] Finishing up request with event=finish {"metadata":{"emulator":{"name":"functions"},"function":{"name":"us-central1-get_user_drafts"},"extension":{},"message":"Finishing up request with event=finish"}}
[debug] [2026-08-07T20:19:15.042Z] Finishing up request with event=close {"metadata":{"emulator":{"name":"functions"},"function":{"name":"us-central1-get_user_drafts"},"extension":{},"message":"Finishing up request with event=close"}}
[debug] [2026-08-07T20:19:15.042Z] [work-queue] {"queuedWork":[],"queueLength":0,"runningWork":[],"workRunningCount":0}
[debug] [2026-08-07T20:19:16.509Z] [work-queue] {"queuedWork":["/demo-no-project/us-central1/get_user_leagues-2026-08-07T20:19:16.509Z"],"queueLength":1,"runningWork":[],"workRunningCount":0}
[debug] [2026-08-07T20:19:16.509Z] [work-queue] {"queuedWork":[],"queueLength":0,"runningWork":["/demo-no-project/us-central1/get_user_leagues-2026-08-07T20:19:16.509Z"],"workRunningCount":1}
[debug] [2026-08-07T20:19:16.509Z] Accepted request GET /demo-no-project/us-central1/get_user_leagues?username=p4t0b4ll3rs&season=2026 --> us-central1-get_user_leagues
[debug] [2026-08-07T20:19:16.509Z] [functions] Runtime ready! Sending request! {"metadata":{"emulator":{"name":"functions"},"message":"[functions] Runtime ready! Sending request!"}}
[debug] [2026-08-07T20:19:16.509Z] [functions] Got req.url=/demo-no-project/us-central1/get_user_leagues?username=p4t0b4ll3rs&season=2026, mapping to path=/?username=p4t0b4ll3rs&season=2026 {"metadata":{"emulator":{"name":"functions"},"message":"[functions] Got req.url=/demo-no-project/us-central1/get_user_leagues?username=p4t0b4ll3rs&season=2026, mapping to path=/?username=p4t0b4ll3rs&season=2026"}}
[debug] [2026-08-07T20:19:16.509Z] [worker-pool] submitRequest(triggerId=us-central1-get_user_leagues) {"metadata":{"emulator":{"name":"functions"},"message":"[worker-pool] submitRequest(triggerId=us-central1-get_user_leagues)"}}
[info] i  functions: Beginning execution of "us-central1-get_user_leagues" {"metadata":{"emulator":{"name":"functions"},"function":{"name":"us-central1-get_user_leagues"},"extension":{},"message":"Beginning execution of \"us-central1-get_user_leagues\""}}
[debug] [2026-08-07T20:19:16.510Z] [worker-us-central1-get_user_leagues-22816314-8ffd-4812-a410-17d69ad00d29]: BUSY {"metadata":{"emulator":{"name":"functions"},"function":{"name":"us-central1-get_user_leagues"},"extension":{},"message":"[worker-us-central1-get_user_leagues-22816314-8ffd-4812-a410-17d69ad00d29]: BUSY"}}
[debug] [2026-08-07T20:19:16.689Z] Finishing up request with event=pause {"metadata":{"emulator":{"name":"functions"},"function":{"name":"us-central1-get_user_leagues"},"extension":{},"message":"Finishing up request with event=pause"}}
[info] i  functions: Finished "us-central1-get_user_leagues" in 179.778166ms {"metadata":{"emulator":{"name":"functions"},"function":{"name":"us-central1-get_user_leagues"},"extension":{},"message":"Finished \"us-central1-get_user_leagues\" in 179.778166ms"}}
[debug] [2026-08-07T20:19:16.690Z] [worker-us-central1-get_user_leagues-22816314-8ffd-4812-a410-17d69ad00d29]: IDLE {"metadata":{"emulator":{"name":"functions"},"function":{"name":"us-central1-get_user_leagues"},"extension":{},"message":"[worker-us-central1-get_user_leagues-22816314-8ffd-4812-a410-17d69ad00d29]: IDLE"}}
[debug] [2026-08-07T20:19:16.690Z] Finishing up request with event=finish {"metadata":{"emulator":{"name":"functions"},"function":{"name":"us-central1-get_user_leagues"},"extension":{},"message":"Finishing up request with event=finish"}}
[debug] [2026-08-07T20:19:16.690Z] Finishing up request with event=close {"metadata":{"emulator":{"name":"functions"},"function":{"name":"us-central1-get_user_leagues"},"extension":{},"message":"Finishing up request with event=close"}}
[debug] [2026-08-07T20:19:16.690Z] [work-queue] {"queuedWork":[],"queueLength":0,"runningWork":[],"workRunningCount":0}
[debug] [2026-08-07T20:19:16.694Z] [work-queue] {"queuedWork":["/demo-no-project/us-central1/get_user_drafts-2026-08-07T20:19:16.694Z"],"queueLength":1,"runningWork":[],"workRunningCount":0}
[debug] [2026-08-07T20:19:16.694Z] [work-queue] {"queuedWork":[],"queueLength":0,"runningWork":["/demo-no-project/us-central1/get_user_drafts-2026-08-07T20:19:16.694Z"],"workRunningCount":1}
[debug] [2026-08-07T20:19:16.694Z] Accepted request GET /demo-no-project/us-central1/get_user_drafts?username=p4t0b4ll3rs&season=2026 --> us-central1-get_user_drafts
[debug] [2026-08-07T20:19:16.695Z] [functions] Runtime ready! Sending request! {"metadata":{"emulator":{"name":"functions"},"message":"[functions] Runtime ready! Sending request!"}}
[debug] [2026-08-07T20:19:16.695Z] [functions] Got req.url=/demo-no-project/us-central1/get_user_drafts?username=p4t0b4ll3rs&season=2026, mapping to path=/?username=p4t0b4ll3rs&season=2026 {"metadata":{"emulator":{"name":"functions"},"message":"[functions] Got req.url=/demo-no-project/us-central1/get_user_drafts?username=p4t0b4ll3rs&season=2026, mapping to path=/?username=p4t0b4ll3rs&season=2026"}}
[debug] [2026-08-07T20:19:16.695Z] [worker-pool] submitRequest(triggerId=us-central1-get_user_drafts) {"metadata":{"emulator":{"name":"functions"},"message":"[worker-pool] submitRequest(triggerId=us-central1-get_user_drafts)"}}
[info] i  functions: Beginning execution of "us-central1-get_user_drafts" {"metadata":{"emulator":{"name":"functions"},"function":{"name":"us-central1-get_user_drafts"},"extension":{},"message":"Beginning execution of \"us-central1-get_user_drafts\""}}
[debug] [2026-08-07T20:19:16.695Z] [worker-us-central1-get_user_drafts-f8a285fc-4ad6-4731-b050-d71d85001eec]: BUSY {"metadata":{"emulator":{"name":"functions"},"function":{"name":"us-central1-get_user_drafts"},"extension":{},"message":"[worker-us-central1-get_user_drafts-f8a285fc-4ad6-4731-b050-d71d85001eec]: BUSY"}}
[debug] [2026-08-07T20:19:16.954Z] Finishing up request with event=pause {"metadata":{"emulator":{"name":"functions"},"function":{"name":"us-central1-get_user_drafts"},"extension":{},"message":"Finishing up request with event=pause"}}
[info] i  functions: Finished "us-central1-get_user_drafts" in 259.2805ms {"metadata":{"emulator":{"name":"functions"},"function":{"name":"us-central1-get_user_drafts"},"extension":{},"message":"Finished \"us-central1-get_user_drafts\" in 259.2805ms"}}
[debug] [2026-08-07T20:19:16.958Z] [worker-us-central1-get_user_drafts-f8a285fc-4ad6-4731-b050-d71d85001eec]: IDLE {"metadata":{"emulator":{"name":"functions"},"function":{"name":"us-central1-get_user_drafts"},"extension":{},"message":"[worker-us-central1-get_user_drafts-f8a285fc-4ad6-4731-b050-d71d85001eec]: IDLE"}}
[debug] [2026-08-07T20:19:16.959Z] Finishing up request with event=finish {"metadata":{"emulator":{"name":"functions"},"function":{"name":"us-central1-get_user_drafts"},"extension":{},"message":"Finishing up request with event=finish"}}
[debug] [2026-08-07T20:19:16.959Z] Finishing up request with event=close {"metadata":{"emulator":{"name":"functions"},"function":{"name":"us-central1-get_user_drafts"},"extension":{},"message":"Finishing up request with event=close"}}
[debug] [2026-08-07T20:19:16.959Z] [work-queue] {"queuedWork":[],"queueLength":0,"runningWork":[],"workRunningCount":0}
[debug] [2026-08-07T20:19:43.655Z] [work-queue] {"queuedWork":["/demo-no-project/us-central1/update_data-2026-08-07T20:19:43.655Z"],"queueLength":1,"runningWork":[],"workRunningCount":0}
[debug] [2026-08-07T20:19:43.655Z] [work-queue] {"queuedWork":[],"queueLength":0,"runningWork":["/demo-no-project/us-central1/update_data-2026-08-07T20:19:43.655Z"],"workRunningCount":1}
[debug] [2026-08-07T20:19:43.655Z] Accepted request POST /demo-no-project/us-central1/update_data --> us-central1-update_data
[debug] [2026-08-07T20:19:43.656Z] [functions] Runtime ready! Sending request! {"metadata":{"emulator":{"name":"functions"},"message":"[functions] Runtime ready! Sending request!"}}
[debug] [2026-08-07T20:19:43.656Z] [functions] Got req.url=/demo-no-project/us-central1/update_data, mapping to path=/ {"metadata":{"emulator":{"name":"functions"},"message":"[functions] Got req.url=/demo-no-project/us-central1/update_data, mapping to path=/"}}
[debug] [2026-08-07T20:19:43.657Z] Running command with virtualenv: command=., args=["\"/Users/patrickschmidt/github-projects/fantasy-sports-assistant/functions/venv/bin/activate\"","&&","functions-framework"]
[debug] [2026-08-07T20:19:43.659Z] [worker-pool] addWorker(us-central1-update_data) {"metadata":{"emulator":{"name":"functions"},"message":"[worker-pool] addWorker(us-central1-update_data)"}}
[debug] [2026-08-07T20:19:43.660Z] [worker-pool] Adding worker with key us-central1-update_data, total=1 {"metadata":{"emulator":{"name":"functions"},"message":"[worker-pool] Adding worker with key us-central1-update_data, total=1"}}
[info] >  Fetching latest players data... {"user":"Fetching latest players data...","metadata":{"emulator":{"name":"functions"},"function":{"name":"us-central1-update_data"},"extension":{},"message":">  Fetching latest players data..."}}
[debug] [2026-08-07T20:19:45.260Z] File /Users/patrickschmidt/github-projects/fantasy-sports-assistant/functions/data/players.json changed, reloading triggers {"metadata":{"emulator":{"name":"functions"},"message":"File /Users/patrickschmidt/github-projects/fantasy-sports-assistant/functions/data/players.json changed, reloading triggers"}}
[info] >  Fetching stats for 2023... {"user":"Fetching stats for 2023...","metadata":{"emulator":{"name":"functions"},"function":{"name":"us-central1-update_data"},"extension":{},"message":">  Fetching stats for 2023..."}}
[debug] [2026-08-07T20:19:45.360Z] File /Users/patrickschmidt/github-projects/fantasy-sports-assistant/functions/data/players.json changed, reloading triggers {"metadata":{"emulator":{"name":"functions"},"message":"File /Users/patrickschmidt/github-projects/fantasy-sports-assistant/functions/data/players.json changed, reloading triggers"}}
[debug] [2026-08-07T20:19:45.702Z] File /Users/patrickschmidt/github-projects/fantasy-sports-assistant/functions/data/stats_2023.json changed, reloading triggers {"metadata":{"emulator":{"name":"functions"},"message":"File /Users/patrickschmidt/github-projects/fantasy-sports-assistant/functions/data/stats_2023.json changed, reloading triggers"}}
[info] >  Fetching stats for 2024... {"user":"Fetching stats for 2024...","metadata":{"emulator":{"name":"functions"},"function":{"name":"us-central1-update_data"},"extension":{},"message":">  Fetching stats for 2024..."}}
[debug] [2026-08-07T20:19:45.802Z] File /Users/patrickschmidt/github-projects/fantasy-sports-assistant/functions/data/stats_2023.json changed, reloading triggers {"metadata":{"emulator":{"name":"functions"},"message":"File /Users/patrickschmidt/github-projects/fantasy-sports-assistant/functions/data/stats_2023.json changed, reloading triggers"}}
[info] >  Fetching stats for 2025... {"user":"Fetching stats for 2025...","metadata":{"emulator":{"name":"functions"},"function":{"name":"us-central1-update_data"},"extension":{},"message":">  Fetching stats for 2025..."}}
[debug] [2026-08-07T20:19:46.139Z] File /Users/patrickschmidt/github-projects/fantasy-sports-assistant/functions/data/stats_2024.json changed, reloading triggers {"metadata":{"emulator":{"name":"functions"},"message":"File /Users/patrickschmidt/github-projects/fantasy-sports-assistant/functions/data/stats_2024.json changed, reloading triggers"}}
[info] >  Fetching College Stats for rookies via ESPN... {"user":"Fetching College Stats for rookies via ESPN...","metadata":{"emulator":{"name":"functions"},"function":{"name":"us-central1-update_data"},"extension":{},"message":">  Fetching College Stats for rookies via ESPN..."}}
[info] >  Fetching college stats for Zion Washington (1/15)... {"user":"Fetching college stats for Zion Washington (1/15)...","metadata":{"emulator":{"name":"functions"},"function":{"name":"us-central1-update_data"},"extension":{},"message":">  Fetching college stats for Zion Washington (1/15)..."}}
[debug] [2026-08-07T20:19:46.495Z] File /Users/patrickschmidt/github-projects/fantasy-sports-assistant/functions/data/stats_2025.json changed, reloading triggers {"metadata":{"emulator":{"name":"functions"},"message":"File /Users/patrickschmidt/github-projects/fantasy-sports-assistant/functions/data/stats_2025.json changed, reloading triggers"}}
[debug] [2026-08-07T20:19:47.497Z] Customer code is not Node
[debug] [2026-08-07T20:19:47.497Z] Validating python source
[debug] [2026-08-07T20:19:47.497Z] Building python source
[debug] [2026-08-07T20:19:47.498Z] Could not find functions.yaml. Must use http discovery
[debug] [2026-08-07T20:19:47.499Z] Running command with virtualenv: command=., args=["\"/Users/patrickschmidt/github-projects/fantasy-sports-assistant/functions/venv/bin/activate\"","&&","python3.14","-c","\"import firebase_functions; import os; print(os.path.dirname(firebase_functions.__file__))\""]
[debug] [2026-08-07T20:19:47.552Z] stdout: /Users/patrickschmidt/github-projects/fantasy-sports-assistant/functions/venv/lib/python3.14/site-packages/firebase_functions

[debug] [2026-08-07T20:19:47.556Z] Running admin server with args: ["python3.14","\"/Users/patrickschmidt/github-projects/fantasy-sports-assistant/functions/venv/lib/python3.14/site-packages/firebase_functions/private/serving.py\""] and env: {"GCLOUD_PROJECT":"demo-no-project","K_REVISION":"1","PORT":"80","GOOGLE_CLOUD_QUOTA_PROJECT":"demo-no-project","FUNCTIONS_EMULATOR":"true","TZ":"UTC","FIREBASE_DEBUG_MODE":"true","FIREBASE_DEBUG_FEATURES":"{\"skipTokenVerification\":true,\"enableCors\":true}","FIREBASE_EMULATOR_HUB":"127.0.0.1:4400","CLOUD_EVENTARC_EMULATOR_HOST":"http://127.0.0.1:9299","CLOUD_TASKS_EMULATOR_HOST":"127.0.0.1:9499","FIREBASE_CONFIG":"{\"storageBucket\":\"demo-no-project.appspot.com\",\"databaseURL\":\"https://demo-no-project.firebaseio.com\",\"projectId\":\"demo-no-project\"}","GOOGLE_APPLICATION_CREDENTIALS":"/Users/patrickschmidt/.config/firebase/patrick_schmidt.mail_gmail.com_application_default_credentials.json","ADMIN_PORT":"8081"} in /Users/patrickschmidt/github-projects/fantasy-sports-assistant/functions
[debug] [2026-08-07T20:19:47.556Z] Running command with virtualenv: command=., args=["\"/Users/patrickschmidt/github-projects/fantasy-sports-assistant/functions/venv/bin/activate\"","&&","python3.14","\"/Users/patrickschmidt/github-projects/fantasy-sports-assistant/functions/venv/lib/python3.14/site-packages/firebase_functions/private/serving.py\""]
[info] >  Fetching college stats for Jadon Canady (2/15)... {"user":"Fetching college stats for Jadon Canady (2/15)...","metadata":{"emulator":{"name":"functions"},"function":{"name":"us-central1-update_data"},"extension":{},"message":">  Fetching college stats for Jadon Canady (2/15)..."}}
[info]  * Serving Flask app 'serving'
 * Debug mode: off

[error] WARNING: This is a development server. Do not use it in a production deployment. Use a production WSGI server instead.
 * Running on http://127.0.0.1:8081

[error] Press CTRL+C to quit

[error] 127.0.0.1 - - [07/Aug/2026 20:19:48] "GET /__/functions.yaml HTTP/1.1" 200 -

[debug] [2026-08-07T20:19:48.073Z] Got response from /__/functions.yaml endpoints:
  analyze_draft:
    availableMemoryMb: null
    concurrency: null
    entryPoint: analyze_draft
    httpsTrigger: {}
    ingressSettings: null
    labels: {}
    maxInstances: null
    minInstances: null
    platform: gcfv2
    secretEnvironmentVariables: []
    serviceAccountEmail: null
    timeoutSeconds: null
  analyze_waivers:
    availableMemoryMb: null
    concurrency: null
    entryPoint: analyze_waivers
    httpsTrigger: {}
    ingressSettings: null
    labels: {}
    maxInstances: null
    minInstances: null
    platform: gcfv2
    secretEnvironmentVariables: []
    serviceAccountEmail: null
    timeoutSeconds: null
  get_league_rosters:
    availableMemoryMb: null
    concurrency: null
    entryPoint: get_league_rosters
    httpsTrigger: {}
    ingressSettings: null
    labels: {}
    maxInstances: null
    minInstances: null
    platform: gcfv2
    secretEnvironmentVariables: []
    serviceAccountEmail: null
    timeoutSeconds: null
  get_league_users:
    availableMemoryMb: null
    concurrency: null
    entryPoint: get_league_users
    httpsTrigger: {}
    ingressSettings: null
    labels: {}
    maxInstances: null
    minInstances: null
    platform: gcfv2
    secretEnvironmentVariables: []
    serviceAccountEmail: null
    timeoutSeconds: null
  get_user_drafts:
    availableMemoryMb: null
    concurrency: null
    entryPoint: get_user_drafts
    httpsTrigger: {}
    ingressSettings: null
    labels: {}
    maxInstances: null
    minInstances: null
    platform: gcfv2
    secretEnvironmentVariables: []
    serviceAccountEmail: null
    timeoutSeconds: null
  get_user_leagues:
    availableMemoryMb: null
    concurrency: null
    entryPoint: get_user_leagues
    httpsTrigger: {}
    ingressSettings: null
    labels: {}
    maxInstances: null
    minInstances: null
    platform: gcfv2
    secretEnvironmentVariables: []
    serviceAccountEmail: null
    timeoutSeconds: null
  update_data:
    availableMemoryMb: null
    concurrency: null
    entryPoint: update_data
    httpsTrigger: {}
    ingressSettings: null
    labels: {}
    maxInstances: null
    minInstances: null
    platform: gcfv2
    secretEnvironmentVariables: []
    serviceAccountEmail: null
    timeoutSeconds: null
params: []
requiredAPIs: []
specVersion: v1alpha1

[error] 127.0.0.1 - - [07/Aug/2026 20:19:48] "GET /__/quitquitquit HTTP/1.1" 200 -

[error] /bin/sh: line 1: 25860 Terminated: 15          python3.14 "/Users/patrickschmidt/github-projects/fantasy-sports-assistant/functions/venv/lib/python3.14/site-packages/firebase_functions/private/serving.py"

[info] ✔  functions: Loaded functions definitions from source: analyze_draft, analyze_waivers, get_league_rosters, get_league_users, get_user_drafts, get_user_leagues, update_data. {"metadata":{"emulator":{"name":"functions"},"message":"Loaded functions definitions from source: analyze_draft, analyze_waivers, get_league_rosters, get_league_users, get_user_drafts, get_user_leagues, update_data."}}
[debug] [2026-08-07T20:19:48.085Z] [worker-pool] Shutting down IDLE worker (us-central1-get_user_leagues) {"metadata":{"emulator":{"name":"functions"},"message":"[worker-pool] Shutting down IDLE worker (us-central1-get_user_leagues)"}}
[debug] [2026-08-07T20:19:48.085Z] [worker-us-central1-get_user_leagues-22816314-8ffd-4812-a410-17d69ad00d29]: FINISHING {"metadata":{"emulator":{"name":"functions"},"function":{"name":"us-central1-get_user_leagues"},"extension":{},"message":"[worker-us-central1-get_user_leagues-22816314-8ffd-4812-a410-17d69ad00d29]: FINISHING"}}
[debug] [2026-08-07T20:19:48.085Z] [worker-pool] Shutting down IDLE worker (us-central1-get_user_drafts) {"metadata":{"emulator":{"name":"functions"},"message":"[worker-pool] Shutting down IDLE worker (us-central1-get_user_drafts)"}}
[debug] [2026-08-07T20:19:48.085Z] [worker-us-central1-get_user_drafts-f8a285fc-4ad6-4731-b050-d71d85001eec]: FINISHING {"metadata":{"emulator":{"name":"functions"},"function":{"name":"us-central1-get_user_drafts"},"extension":{},"message":"[worker-us-central1-get_user_drafts-f8a285fc-4ad6-4731-b050-d71d85001eec]: FINISHING"}}
[debug] [2026-08-07T20:19:48.086Z] [worker-us-central1-get_user_leagues-22816314-8ffd-4812-a410-17d69ad00d29]: exited {"metadata":{"emulator":{"name":"functions"},"function":{"name":"us-central1-get_user_leagues"},"extension":{},"message":"[worker-us-central1-get_user_leagues-22816314-8ffd-4812-a410-17d69ad00d29]: exited"}}
[debug] [2026-08-07T20:19:48.086Z] [worker-us-central1-get_user_leagues-22816314-8ffd-4812-a410-17d69ad00d29]: FINISHED {"metadata":{"emulator":{"name":"functions"},"function":{"name":"us-central1-get_user_leagues"},"extension":{},"message":"[worker-us-central1-get_user_leagues-22816314-8ffd-4812-a410-17d69ad00d29]: FINISHED"}}
[debug] [2026-08-07T20:19:48.086Z] [worker-us-central1-get_user_drafts-f8a285fc-4ad6-4731-b050-d71d85001eec]: exited {"metadata":{"emulator":{"name":"functions"},"function":{"name":"us-central1-get_user_drafts"},"extension":{},"message":"[worker-us-central1-get_user_drafts-f8a285fc-4ad6-4731-b050-d71d85001eec]: exited"}}
[debug] [2026-08-07T20:19:48.086Z] [worker-us-central1-get_user_drafts-f8a285fc-4ad6-4731-b050-d71d85001eec]: FINISHED {"metadata":{"emulator":{"name":"functions"},"function":{"name":"us-central1-get_user_drafts"},"extension":{},"message":"[worker-us-central1-get_user_drafts-f8a285fc-4ad6-4731-b050-d71d85001eec]: FINISHED"}}
[info] >  Fetching college stats for Cameron Ball (3/15)... {"user":"Fetching college stats for Cameron Ball (3/15)...","metadata":{"emulator":{"name":"functions"},"function":{"name":"us-central1-update_data"},"extension":{},"message":">  Fetching college stats for Cameron Ball (3/15)..."}}
[info] >  Fetching college stats for Dillon Thieneman (4/15)... {"user":"Fetching college stats for Dillon Thieneman (4/15)...","metadata":{"emulator":{"name":"functions"},"function":{"name":"us-central1-update_data"},"extension":{},"message":">  Fetching college stats for Dillon Thieneman (4/15)..."}}
[info] >  Fetching college stats for Tacario Davis (5/15)... {"user":"Fetching college stats for Tacario Davis (5/15)...","metadata":{"emulator":{"name":"functions"},"function":{"name":"us-central1-update_data"},"extension":{},"message":">  Fetching college stats for Tacario Davis (5/15)..."}}
[info] >  Fetching college stats for Niles King (6/15)... {"user":"Fetching college stats for Niles King (6/15)...","metadata":{"emulator":{"name":"functions"},"function":{"name":"us-central1-update_data"},"extension":{},"message":">  Fetching college stats for Niles King (6/15)..."}}
[info] >  Fetching college stats for Keith Butler (7/15)... {"user":"Fetching college stats for Keith Butler (7/15)...","metadata":{"emulator":{"name":"functions"},"function":{"name":"us-central1-update_data"},"extension":{},"message":">  Fetching college stats for Keith Butler (7/15)..."}}
[info] >  Fetching college stats for Jalen Stroman (8/15)... {"user":"Fetching college stats for Jalen Stroman (8/15)...","metadata":{"emulator":{"name":"functions"},"function":{"name":"us-central1-update_data"},"extension":{},"message":">  Fetching college stats for Jalen Stroman (8/15)..."}}
[info] >  Fetching college stats for Javin Wright (9/15)... {"user":"Fetching college stats for Javin Wright (9/15)...","metadata":{"emulator":{"name":"functions"},"function":{"name":"us-central1-update_data"},"extension":{},"message":">  Fetching college stats for Javin Wright (9/15)..."}}
[info] >  Fetching college stats for Keldric Faulk (10/15)... {"user":"Fetching college stats for Keldric Faulk (10/15)...","metadata":{"emulator":{"name":"functions"},"function":{"name":"us-central1-update_data"},"extension":{},"message":">  Fetching college stats for Keldric Faulk (10/15)..."}}
[info] >  Fetching college stats for Jackie Marshall (11/15)... {"user":"Fetching college stats for Jackie Marshall (11/15)...","metadata":{"emulator":{"name":"functions"},"function":{"name":"us-central1-update_data"},"extension":{},"message":">  Fetching college stats for Jackie Marshall (11/15)..."}}
[info] >  Fetching college stats for Garrett Nussmeier (12/15)... {"user":"Fetching college stats for Garrett Nussmeier (12/15)...","metadata":{"emulator":{"name":"functions"},"function":{"name":"us-central1-update_data"},"extension":{},"message":">  Fetching college stats for Garrett Nussmeier (12/15)..."}}
[info] >  Fetching college stats for Gracen Halton (13/15)... {"user":"Fetching college stats for Gracen Halton (13/15)...","metadata":{"emulator":{"name":"functions"},"function":{"name":"us-central1-update_data"},"extension":{},"message":">  Fetching college stats for Gracen Halton (13/15)..."}}
[info] >  Fetching college stats for Cam'Ron Stewart (14/15)... {"user":"Fetching college stats for Cam'Ron Stewart (14/15)...","metadata":{"emulator":{"name":"functions"},"function":{"name":"us-central1-update_data"},"extension":{},"message":">  Fetching college stats for Cam'Ron Stewart (14/15)..."}}
[info] >  Fetching college stats for John Miller (15/15)... {"user":"Fetching college stats for John Miller (15/15)...","metadata":{"emulator":{"name":"functions"},"function":{"name":"us-central1-update_data"},"extension":{},"message":">  Fetching college stats for John Miller (15/15)..."}}
[debug] [2026-08-07T20:20:01.925Z] [worker-us-central1-update_data-f2422558-d56a-45bd-a62e-c89dfd9f6860]: IDLE {"metadata":{"emulator":{"name":"functions"},"function":{"name":"us-central1-update_data"},"extension":{},"message":"[worker-us-central1-update_data-f2422558-d56a-45bd-a62e-c89dfd9f6860]: IDLE"}}
[debug] [2026-08-07T20:20:01.925Z] [worker-pool] submitRequest(triggerId=us-central1-update_data) {"metadata":{"emulator":{"name":"functions"},"message":"[worker-pool] submitRequest(triggerId=us-central1-update_data)"}}
[debug] [2026-08-07T20:20:01.925Z] [worker-pool] Cleaned up workers for us-central1-get_user_leagues: 1 --> 0 {"metadata":{"emulator":{"name":"functions"},"message":"[worker-pool] Cleaned up workers for us-central1-get_user_leagues: 1 --> 0"}}
[debug] [2026-08-07T20:20:01.925Z] [worker-pool] Cleaned up workers for us-central1-get_user_drafts: 1 --> 0 {"metadata":{"emulator":{"name":"functions"},"message":"[worker-pool] Cleaned up workers for us-central1-get_user_drafts: 1 --> 0"}}
[info] i  functions: Beginning execution of "us-central1-update_data" {"metadata":{"emulator":{"name":"functions"},"function":{"name":"us-central1-update_data"},"extension":{},"message":"Beginning execution of \"us-central1-update_data\""}}
[debug] [2026-08-07T20:20:01.925Z] [worker-us-central1-update_data-f2422558-d56a-45bd-a62e-c89dfd9f6860]: BUSY {"metadata":{"emulator":{"name":"functions"},"function":{"name":"us-central1-update_data"},"extension":{},"message":"[worker-us-central1-update_data-f2422558-d56a-45bd-a62e-c89dfd9f6860]: BUSY"}}
[info] >  Fetching latest players data... {"user":"Fetching latest players data...","metadata":{"emulator":{"name":"functions"},"function":{"name":"us-central1-update_data"},"extension":{},"message":">  Fetching latest players data..."}}
[debug] [2026-08-07T20:20:02.118Z] File /Users/patrickschmidt/github-projects/fantasy-sports-assistant/functions/data/college_stats.json changed, reloading triggers {"metadata":{"emulator":{"name":"functions"},"message":"File /Users/patrickschmidt/github-projects/fantasy-sports-assistant/functions/data/college_stats.json changed, reloading triggers"}}
[debug] [2026-08-07T20:20:03.000Z] File /Users/patrickschmidt/github-projects/fantasy-sports-assistant/functions/data/players.json changed, reloading triggers {"metadata":{"emulator":{"name":"functions"},"message":"File /Users/patrickschmidt/github-projects/fantasy-sports-assistant/functions/data/players.json changed, reloading triggers"}}
[info] >  Fetching stats for 2023... {"user":"Fetching stats for 2023...","metadata":{"emulator":{"name":"functions"},"function":{"name":"us-central1-update_data"},"extension":{},"message":">  Fetching stats for 2023..."}}
[debug] [2026-08-07T20:20:03.159Z] File /Users/patrickschmidt/github-projects/fantasy-sports-assistant/functions/data/players.json changed, reloading triggers {"metadata":{"emulator":{"name":"functions"},"message":"File /Users/patrickschmidt/github-projects/fantasy-sports-assistant/functions/data/players.json changed, reloading triggers"}}
[info] >  Fetching stats for 2024... {"user":"Fetching stats for 2024...","metadata":{"emulator":{"name":"functions"},"function":{"name":"us-central1-update_data"},"extension":{},"message":">  Fetching stats for 2024..."}}
[debug] [2026-08-07T20:20:03.513Z] File /Users/patrickschmidt/github-projects/fantasy-sports-assistant/functions/data/stats_2023.json changed, reloading triggers {"metadata":{"emulator":{"name":"functions"},"message":"File /Users/patrickschmidt/github-projects/fantasy-sports-assistant/functions/data/stats_2023.json changed, reloading triggers"}}
[info] >  Fetching stats for 2025... {"user":"Fetching stats for 2025...","metadata":{"emulator":{"name":"functions"},"function":{"name":"us-central1-update_data"},"extension":{},"message":">  Fetching stats for 2025..."}}
[debug] [2026-08-07T20:20:03.828Z] File /Users/patrickschmidt/github-projects/fantasy-sports-assistant/functions/data/stats_2024.json changed, reloading triggers {"metadata":{"emulator":{"name":"functions"},"message":"File /Users/patrickschmidt/github-projects/fantasy-sports-assistant/functions/data/stats_2024.json changed, reloading triggers"}}
[info] >  Fetching College Stats for rookies via ESPN... {"user":"Fetching College Stats for rookies via ESPN...","metadata":{"emulator":{"name":"functions"},"function":{"name":"us-central1-update_data"},"extension":{},"message":">  Fetching College Stats for rookies via ESPN..."}}
[info] >  Fetching college stats for Paul Manning (1/15)... {"user":"Fetching college stats for Paul Manning (1/15)...","metadata":{"emulator":{"name":"functions"},"function":{"name":"us-central1-update_data"},"extension":{},"message":">  Fetching college stats for Paul Manning (1/15)..."}}
[debug] [2026-08-07T20:20:04.174Z] File /Users/patrickschmidt/github-projects/fantasy-sports-assistant/functions/data/stats_2025.json changed, reloading triggers {"metadata":{"emulator":{"name":"functions"},"message":"File /Users/patrickschmidt/github-projects/fantasy-sports-assistant/functions/data/stats_2025.json changed, reloading triggers"}}
[debug] [2026-08-07T20:20:05.176Z] Customer code is not Node
[debug] [2026-08-07T20:20:05.177Z] Validating python source
[debug] [2026-08-07T20:20:05.177Z] Building python source
[debug] [2026-08-07T20:20:05.178Z] Could not find functions.yaml. Must use http discovery
[debug] [2026-08-07T20:20:05.179Z] Running command with virtualenv: command=., args=["\"/Users/patrickschmidt/github-projects/fantasy-sports-assistant/functions/venv/bin/activate\"","&&","python3.14","-c","\"import firebase_functions; import os; print(os.path.dirname(firebase_functions.__file__))\""]
[debug] [2026-08-07T20:20:05.250Z] stdout: /Users/patrickschmidt/github-projects/fantasy-sports-assistant/functions/venv/lib/python3.14/site-packages/firebase_functions

[debug] [2026-08-07T20:20:05.254Z] Running admin server with args: ["python3.14","\"/Users/patrickschmidt/github-projects/fantasy-sports-assistant/functions/venv/lib/python3.14/site-packages/firebase_functions/private/serving.py\""] and env: {"GCLOUD_PROJECT":"demo-no-project","K_REVISION":"1","PORT":"80","GOOGLE_CLOUD_QUOTA_PROJECT":"demo-no-project","FUNCTIONS_EMULATOR":"true","TZ":"UTC","FIREBASE_DEBUG_MODE":"true","FIREBASE_DEBUG_FEATURES":"{\"skipTokenVerification\":true,\"enableCors\":true}","FIREBASE_EMULATOR_HUB":"127.0.0.1:4400","CLOUD_EVENTARC_EMULATOR_HOST":"http://127.0.0.1:9299","CLOUD_TASKS_EMULATOR_HOST":"127.0.0.1:9499","FIREBASE_CONFIG":"{\"storageBucket\":\"demo-no-project.appspot.com\",\"databaseURL\":\"https://demo-no-project.firebaseio.com\",\"projectId\":\"demo-no-project\"}","GOOGLE_APPLICATION_CREDENTIALS":"/Users/patrickschmidt/.config/firebase/patrick_schmidt.mail_gmail.com_application_default_credentials.json","ADMIN_PORT":"8081"} in /Users/patrickschmidt/github-projects/fantasy-sports-assistant/functions
[debug] [2026-08-07T20:20:05.254Z] Running command with virtualenv: command=., args=["\"/Users/patrickschmidt/github-projects/fantasy-sports-assistant/functions/venv/bin/activate\"","&&","python3.14","\"/Users/patrickschmidt/github-projects/fantasy-sports-assistant/functions/venv/lib/python3.14/site-packages/firebase_functions/private/serving.py\""]
[info] >  Fetching college stats for Jeadyn Lukus (2/15)... {"user":"Fetching college stats for Jeadyn Lukus (2/15)...","metadata":{"emulator":{"name":"functions"},"function":{"name":"us-central1-update_data"},"extension":{},"message":">  Fetching college stats for Jeadyn Lukus (2/15)..."}}
[info]  * Serving Flask app 'serving'
 * Debug mode: off

[error] WARNING: This is a development server. Do not use it in a production deployment. Use a production WSGI server instead.
 * Running on http://127.0.0.1:8081

[error] Press CTRL+C to quit

[error] 127.0.0.1 - - [07/Aug/2026 20:20:05] "GET /__/functions.yaml HTTP/1.1" 200 -

[debug] [2026-08-07T20:20:05.770Z] Got response from /__/functions.yaml endpoints:
  analyze_draft:
    availableMemoryMb: null
    concurrency: null
    entryPoint: analyze_draft
    httpsTrigger: {}
    ingressSettings: null
    labels: {}
    maxInstances: null
    minInstances: null
    platform: gcfv2
    secretEnvironmentVariables: []
    serviceAccountEmail: null
    timeoutSeconds: null
  analyze_waivers:
    availableMemoryMb: null
    concurrency: null
    entryPoint: analyze_waivers
    httpsTrigger: {}
    ingressSettings: null
    labels: {}
    maxInstances: null
    minInstances: null
    platform: gcfv2
    secretEnvironmentVariables: []
    serviceAccountEmail: null
    timeoutSeconds: null
  get_league_rosters:
    availableMemoryMb: null
    concurrency: null
    entryPoint: get_league_rosters
    httpsTrigger: {}
    ingressSettings: null
    labels: {}
    maxInstances: null
    minInstances: null
    platform: gcfv2
    secretEnvironmentVariables: []
    serviceAccountEmail: null
    timeoutSeconds: null
  get_league_users:
    availableMemoryMb: null
    concurrency: null
    entryPoint: get_league_users
    httpsTrigger: {}
    ingressSettings: null
    labels: {}
    maxInstances: null
    minInstances: null
    platform: gcfv2
    secretEnvironmentVariables: []
    serviceAccountEmail: null
    timeoutSeconds: null
  get_user_drafts:
    availableMemoryMb: null
    concurrency: null
    entryPoint: get_user_drafts
    httpsTrigger: {}
    ingressSettings: null
    labels: {}
    maxInstances: null
    minInstances: null
    platform: gcfv2
    secretEnvironmentVariables: []
    serviceAccountEmail: null
    timeoutSeconds: null
  get_user_leagues:
    availableMemoryMb: null
    concurrency: null
    entryPoint: get_user_leagues
    httpsTrigger: {}
    ingressSettings: null
    labels: {}
    maxInstances: null
    minInstances: null
    platform: gcfv2
    secretEnvironmentVariables: []
    serviceAccountEmail: null
    timeoutSeconds: null
  update_data:
    availableMemoryMb: null
    concurrency: null
    entryPoint: update_data
    httpsTrigger: {}
    ingressSettings: null
    labels: {}
    maxInstances: null
    minInstances: null
    platform: gcfv2
    secretEnvironmentVariables: []
    serviceAccountEmail: null
    timeoutSeconds: null
params: []
requiredAPIs: []
specVersion: v1alpha1

[error] 127.0.0.1 - - [07/Aug/2026 20:20:05] "GET /__/quitquitquit HTTP/1.1" 200 -

[error] /bin/sh: line 1: 25877 Terminated: 15          python3.14 "/Users/patrickschmidt/github-projects/fantasy-sports-assistant/functions/venv/lib/python3.14/site-packages/firebase_functions/private/serving.py"

[info] ✔  functions: Loaded functions definitions from source: analyze_draft, analyze_waivers, get_league_rosters, get_league_users, get_user_drafts, get_user_leagues, update_data. {"metadata":{"emulator":{"name":"functions"},"message":"Loaded functions definitions from source: analyze_draft, analyze_waivers, get_league_rosters, get_league_users, get_user_drafts, get_user_leagues, update_data."}}
[debug] [2026-08-07T20:20:05.777Z] [worker-pool] Marking BUSY worker to finish (us-central1-update_data) {"metadata":{"emulator":{"name":"functions"},"message":"[worker-pool] Marking BUSY worker to finish (us-central1-update_data)"}}
[debug] [2026-08-07T20:20:05.777Z] [worker-us-central1-update_data-f2422558-d56a-45bd-a62e-c89dfd9f6860]: FINISHING {"metadata":{"emulator":{"name":"functions"},"function":{"name":"us-central1-update_data"},"extension":{},"message":"[worker-us-central1-update_data-f2422558-d56a-45bd-a62e-c89dfd9f6860]: FINISHING"}}
[info] >  Fetching college stats for Nicholas Singleton (3/15)... {"user":"Fetching college stats for Nicholas Singleton (3/15)...","metadata":{"emulator":{"name":"functions"},"function":{"name":"us-central1-update_data"},"extension":{},"message":">  Fetching college stats for Nicholas Singleton (3/15)..."}}
[info] >  Fetching college stats for Kendall Bohler (4/15)... {"user":"Fetching college stats for Kendall Bohler (4/15)...","metadata":{"emulator":{"name":"functions"},"function":{"name":"us-central1-update_data"},"extension":{},"message":">  Fetching college stats for Kendall Bohler (4/15)..."}}
[info] >  Fetching college stats for Smith Vilbert (5/15)... {"user":"Fetching college stats for Smith Vilbert (5/15)...","metadata":{"emulator":{"name":"functions"},"function":{"name":"us-central1-update_data"},"extension":{},"message":">  Fetching college stats for Smith Vilbert (5/15)..."}}
[info] >  Fetching college stats for Nadame Tucker (6/15)... {"user":"Fetching college stats for Nadame Tucker (6/15)...","metadata":{"emulator":{"name":"functions"},"function":{"name":"us-central1-update_data"},"extension":{},"message":">  Fetching college stats for Nadame Tucker (6/15)..."}}
[info] >  Fetching college stats for Germie Bernard (7/15)... {"user":"Fetching college stats for Germie Bernard (7/15)...","metadata":{"emulator":{"name":"functions"},"function":{"name":"us-central1-update_data"},"extension":{},"message":">  Fetching college stats for Germie Bernard (7/15)..."}}
[info] >  Fetching college stats for Gavin Holmes (8/15)... {"user":"Fetching college stats for Gavin Holmes (8/15)...","metadata":{"emulator":{"name":"functions"},"function":{"name":"us-central1-update_data"},"extension":{},"message":">  Fetching college stats for Gavin Holmes (8/15)..."}}
[info] >  Fetching college stats for Zxavian Harris (9/15)... {"user":"Fetching college stats for Zxavian Harris (9/15)...","metadata":{"emulator":{"name":"functions"},"function":{"name":"us-central1-update_data"},"extension":{},"message":">  Fetching college stats for Zxavian Harris (9/15)..."}}
[info] >  Fetching college stats for Mike Washington (10/15)... {"user":"Fetching college stats for Mike Washington (10/15)...","metadata":{"emulator":{"name":"functions"},"function":{"name":"us-central1-update_data"},"extension":{},"message":">  Fetching college stats for Mike Washington (10/15)..."}}
[info] >  Fetching college stats for Nick Barrett (11/15)... {"user":"Fetching college stats for Nick Barrett (11/15)...","metadata":{"emulator":{"name":"functions"},"function":{"name":"us-central1-update_data"},"extension":{},"message":">  Fetching college stats for Nick Barrett (11/15)..."}}
[info] >  Fetching college stats for Jack Kelly (12/15)... {"user":"Fetching college stats for Jack Kelly (12/15)...","metadata":{"emulator":{"name":"functions"},"function":{"name":"us-central1-update_data"},"extension":{},"message":">  Fetching college stats for Jack Kelly (12/15)..."}}
[info] >  Fetching college stats for Jeremiah McClendon (13/15)... {"user":"Fetching college stats for Jeremiah McClendon (13/15)...","metadata":{"emulator":{"name":"functions"},"function":{"name":"us-central1-update_data"},"extension":{},"message":">  Fetching college stats for Jeremiah McClendon (13/15)..."}}
[info] >  Fetching college stats for Jimmy Rolder (14/15)... {"user":"Fetching college stats for Jimmy Rolder (14/15)...","metadata":{"emulator":{"name":"functions"},"function":{"name":"us-central1-update_data"},"extension":{},"message":">  Fetching college stats for Jimmy Rolder (14/15)..."}}
[info] >  Fetching college stats for Derrick Moore (15/15)... {"user":"Fetching college stats for Derrick Moore (15/15)...","metadata":{"emulator":{"name":"functions"},"function":{"name":"us-central1-update_data"},"extension":{},"message":">  Fetching college stats for Derrick Moore (15/15)..."}}
[debug] [2026-08-07T20:20:20.273Z] Finishing up request with event=pause {"metadata":{"emulator":{"name":"functions"},"function":{"name":"us-central1-update_data"},"extension":{},"message":"Finishing up request with event=pause"}}
[info] i  functions: Finished "us-central1-update_data" in 18349.0825ms {"metadata":{"emulator":{"name":"functions"},"function":{"name":"us-central1-update_data"},"extension":{},"message":"Finished \"us-central1-update_data\" in 18349.0825ms"}}
[debug] [2026-08-07T20:20:20.274Z] [worker-us-central1-update_data-f2422558-d56a-45bd-a62e-c89dfd9f6860]: IDLE --> FINISHING {"metadata":{"emulator":{"name":"functions"},"function":{"name":"us-central1-update_data"},"extension":{},"message":"[worker-us-central1-update_data-f2422558-d56a-45bd-a62e-c89dfd9f6860]: IDLE --> FINISHING"}}
[debug] [2026-08-07T20:20:20.274Z] Finishing up request with event=finish {"metadata":{"emulator":{"name":"functions"},"function":{"name":"us-central1-update_data"},"extension":{},"message":"Finishing up request with event=finish"}}
[debug] [2026-08-07T20:20:20.274Z] Finishing up request with event=close {"metadata":{"emulator":{"name":"functions"},"function":{"name":"us-central1-update_data"},"extension":{},"message":"Finishing up request with event=close"}}
[debug] [2026-08-07T20:20:20.274Z] [work-queue] {"queuedWork":[],"queueLength":0,"runningWork":[],"workRunningCount":0}
[debug] [2026-08-07T20:20:20.274Z] [worker-us-central1-update_data-f2422558-d56a-45bd-a62e-c89dfd9f6860]: exited {"metadata":{"emulator":{"name":"functions"},"function":{"name":"us-central1-update_data"},"extension":{},"message":"[worker-us-central1-update_data-f2422558-d56a-45bd-a62e-c89dfd9f6860]: exited"}}
[debug] [2026-08-07T20:20:20.275Z] [worker-us-central1-update_data-f2422558-d56a-45bd-a62e-c89dfd9f6860]: FINISHED {"metadata":{"emulator":{"name":"functions"},"function":{"name":"us-central1-update_data"},"extension":{},"message":"[worker-us-central1-update_data-f2422558-d56a-45bd-a62e-c89dfd9f6860]: FINISHED"}}
[debug] [2026-08-07T20:20:20.395Z] File /Users/patrickschmidt/github-projects/fantasy-sports-assistant/functions/data/college_stats.json changed, reloading triggers {"metadata":{"emulator":{"name":"functions"},"message":"File /Users/patrickschmidt/github-projects/fantasy-sports-assistant/functions/data/college_stats.json changed, reloading triggers"}}
[debug] [2026-08-07T20:20:21.396Z] Customer code is not Node
[debug] [2026-08-07T20:20:21.396Z] Validating python source
[debug] [2026-08-07T20:20:21.396Z] Building python source
[debug] [2026-08-07T20:20:21.396Z] Could not find functions.yaml. Must use http discovery
[debug] [2026-08-07T20:20:21.397Z] Running command with virtualenv: command=., args=["\"/Users/patrickschmidt/github-projects/fantasy-sports-assistant/functions/venv/bin/activate\"","&&","python3.14","-c","\"import firebase_functions; import os; print(os.path.dirname(firebase_functions.__file__))\""]
[debug] [2026-08-07T20:20:21.437Z] stdout: /Users/patrickschmidt/github-projects/fantasy-sports-assistant/functions/venv/lib/python3.14/site-packages/firebase_functions

[debug] [2026-08-07T20:20:21.440Z] Running admin server with args: ["python3.14","\"/Users/patrickschmidt/github-projects/fantasy-sports-assistant/functions/venv/lib/python3.14/site-packages/firebase_functions/private/serving.py\""] and env: {"GCLOUD_PROJECT":"demo-no-project","K_REVISION":"1","PORT":"80","GOOGLE_CLOUD_QUOTA_PROJECT":"demo-no-project","FUNCTIONS_EMULATOR":"true","TZ":"UTC","FIREBASE_DEBUG_MODE":"true","FIREBASE_DEBUG_FEATURES":"{\"skipTokenVerification\":true,\"enableCors\":true}","FIREBASE_EMULATOR_HUB":"127.0.0.1:4400","CLOUD_EVENTARC_EMULATOR_HOST":"http://127.0.0.1:9299","CLOUD_TASKS_EMULATOR_HOST":"127.0.0.1:9499","FIREBASE_CONFIG":"{\"storageBucket\":\"demo-no-project.appspot.com\",\"databaseURL\":\"https://demo-no-project.firebaseio.com\",\"projectId\":\"demo-no-project\"}","GOOGLE_APPLICATION_CREDENTIALS":"/Users/patrickschmidt/.config/firebase/patrick_schmidt.mail_gmail.com_application_default_credentials.json","ADMIN_PORT":"8081"} in /Users/patrickschmidt/github-projects/fantasy-sports-assistant/functions
[debug] [2026-08-07T20:20:21.440Z] Running command with virtualenv: command=., args=["\"/Users/patrickschmidt/github-projects/fantasy-sports-assistant/functions/venv/bin/activate\"","&&","python3.14","\"/Users/patrickschmidt/github-projects/fantasy-sports-assistant/functions/venv/lib/python3.14/site-packages/firebase_functions/private/serving.py\""]
[info]  * Serving Flask app 'serving'
 * Debug mode: off

[error] WARNING: This is a development server. Do not use it in a production deployment. Use a production WSGI server instead.
 * Running on http://127.0.0.1:8081

[error] Press CTRL+C to quit

[error] 127.0.0.1 - - [07/Aug/2026 20:20:21] "GET /__/functions.yaml HTTP/1.1" 200 -

[debug] [2026-08-07T20:20:21.959Z] Got response from /__/functions.yaml endpoints:
  analyze_draft:
    availableMemoryMb: null
    concurrency: null
    entryPoint: analyze_draft
    httpsTrigger: {}
    ingressSettings: null
    labels: {}
    maxInstances: null
    minInstances: null
    platform: gcfv2
    secretEnvironmentVariables: []
    serviceAccountEmail: null
    timeoutSeconds: null
  analyze_waivers:
    availableMemoryMb: null
    concurrency: null
    entryPoint: analyze_waivers
    httpsTrigger: {}
    ingressSettings: null
    labels: {}
    maxInstances: null
    minInstances: null
    platform: gcfv2
    secretEnvironmentVariables: []
    serviceAccountEmail: null
    timeoutSeconds: null
  get_league_rosters:
    availableMemoryMb: null
    concurrency: null
    entryPoint: get_league_rosters
    httpsTrigger: {}
    ingressSettings: null
    labels: {}
    maxInstances: null
    minInstances: null
    platform: gcfv2
    secretEnvironmentVariables: []
    serviceAccountEmail: null
    timeoutSeconds: null
  get_league_users:
    availableMemoryMb: null
    concurrency: null
    entryPoint: get_league_users
    httpsTrigger: {}
    ingressSettings: null
    labels: {}
    maxInstances: null
    minInstances: null
    platform: gcfv2
    secretEnvironmentVariables: []
    serviceAccountEmail: null
    timeoutSeconds: null
  get_user_drafts:
    availableMemoryMb: null
    concurrency: null
    entryPoint: get_user_drafts
    httpsTrigger: {}
    ingressSettings: null
    labels: {}
    maxInstances: null
    minInstances: null
    platform: gcfv2
    secretEnvironmentVariables: []
    serviceAccountEmail: null
    timeoutSeconds: null
  get_user_leagues:
    availableMemoryMb: null
    concurrency: null
    entryPoint: get_user_leagues
    httpsTrigger: {}
    ingressSettings: null
    labels: {}
    maxInstances: null
    minInstances: null
    platform: gcfv2
    secretEnvironmentVariables: []
    serviceAccountEmail: null
    timeoutSeconds: null
  update_data:
    availableMemoryMb: null
    concurrency: null
    entryPoint: update_data
    httpsTrigger: {}
    ingressSettings: null
    labels: {}
    maxInstances: null
    minInstances: null
    platform: gcfv2
    secretEnvironmentVariables: []
    serviceAccountEmail: null
    timeoutSeconds: null
params: []
requiredAPIs: []
specVersion: v1alpha1

[error] 127.0.0.1 - - [07/Aug/2026 20:20:21] "GET /__/quitquitquit HTTP/1.1" 200 -

[error] /bin/sh: line 1: 25890 Terminated: 15          python3.14 "/Users/patrickschmidt/github-projects/fantasy-sports-assistant/functions/venv/lib/python3.14/site-packages/firebase_functions/private/serving.py"

[info] ✔  functions: Loaded functions definitions from source: analyze_draft, analyze_waivers, get_league_rosters, get_league_users, get_user_drafts, get_user_leagues, update_data. {"metadata":{"emulator":{"name":"functions"},"message":"Loaded functions definitions from source: analyze_draft, analyze_waivers, get_league_rosters, get_league_users, get_user_drafts, get_user_leagues, update_data."}}
[debug] [2026-08-07T20:25:46.010Z] File /Users/patrickschmidt/github-projects/fantasy-sports-assistant/functions/main.py changed, reloading triggers {"metadata":{"emulator":{"name":"functions"},"message":"File /Users/patrickschmidt/github-projects/fantasy-sports-assistant/functions/main.py changed, reloading triggers"}}
[debug] [2026-08-07T20:25:47.011Z] Customer code is not Node
[debug] [2026-08-07T20:25:47.011Z] Validating python source
[debug] [2026-08-07T20:25:47.011Z] Building python source
[debug] [2026-08-07T20:25:47.011Z] Could not find functions.yaml. Must use http discovery
[debug] [2026-08-07T20:25:47.012Z] Running command with virtualenv: command=., args=["\"/Users/patrickschmidt/github-projects/fantasy-sports-assistant/functions/venv/bin/activate\"","&&","python3.14","-c","\"import firebase_functions; import os; print(os.path.dirname(firebase_functions.__file__))\""]
[debug] [2026-08-07T20:25:47.049Z] stdout: /Users/patrickschmidt/github-projects/fantasy-sports-assistant/functions/venv/lib/python3.14/site-packages/firebase_functions

[debug] [2026-08-07T20:25:47.052Z] Running admin server with args: ["python3.14","\"/Users/patrickschmidt/github-projects/fantasy-sports-assistant/functions/venv/lib/python3.14/site-packages/firebase_functions/private/serving.py\""] and env: {"GCLOUD_PROJECT":"demo-no-project","K_REVISION":"1","PORT":"80","GOOGLE_CLOUD_QUOTA_PROJECT":"demo-no-project","FUNCTIONS_EMULATOR":"true","TZ":"UTC","FIREBASE_DEBUG_MODE":"true","FIREBASE_DEBUG_FEATURES":"{\"skipTokenVerification\":true,\"enableCors\":true}","FIREBASE_EMULATOR_HUB":"127.0.0.1:4400","CLOUD_EVENTARC_EMULATOR_HOST":"http://127.0.0.1:9299","CLOUD_TASKS_EMULATOR_HOST":"127.0.0.1:9499","FIREBASE_CONFIG":"{\"storageBucket\":\"demo-no-project.appspot.com\",\"databaseURL\":\"https://demo-no-project.firebaseio.com\",\"projectId\":\"demo-no-project\"}","GOOGLE_APPLICATION_CREDENTIALS":"/Users/patrickschmidt/.config/firebase/patrick_schmidt.mail_gmail.com_application_default_credentials.json","ADMIN_PORT":"8081"} in /Users/patrickschmidt/github-projects/fantasy-sports-assistant/functions
[debug] [2026-08-07T20:25:47.052Z] Running command with virtualenv: command=., args=["\"/Users/patrickschmidt/github-projects/fantasy-sports-assistant/functions/venv/bin/activate\"","&&","python3.14","\"/Users/patrickschmidt/github-projects/fantasy-sports-assistant/functions/venv/lib/python3.14/site-packages/firebase_functions/private/serving.py\""]
[info]  * Serving Flask app 'serving'

[info]  * Debug mode: off

[error] WARNING: This is a development server. Do not use it in a production deployment. Use a production WSGI server instead.
 * Running on http://127.0.0.1:8081

[error] Press CTRL+C to quit

[error] 127.0.0.1 - - [07/Aug/2026 20:25:47] "GET /__/functions.yaml HTTP/1.1" 200 -

[debug] [2026-08-07T20:25:47.574Z] Got response from /__/functions.yaml endpoints:
  analyze_draft:
    availableMemoryMb: null
    concurrency: null
    entryPoint: analyze_draft
    httpsTrigger: {}
    ingressSettings: null
    labels: {}
    maxInstances: null
    minInstances: null
    platform: gcfv2
    secretEnvironmentVariables: []
    serviceAccountEmail: null
    timeoutSeconds: null
  analyze_waivers:
    availableMemoryMb: null
    concurrency: null
    entryPoint: analyze_waivers
    httpsTrigger: {}
    ingressSettings: null
    labels: {}
    maxInstances: null
    minInstances: null
    platform: gcfv2
    secretEnvironmentVariables: []
    serviceAccountEmail: null
    timeoutSeconds: null
  get_league_rosters:
    availableMemoryMb: null
    concurrency: null
    entryPoint: get_league_rosters
    httpsTrigger: {}
    ingressSettings: null
    labels: {}
    maxInstances: null
    minInstances: null
    platform: gcfv2
    secretEnvironmentVariables: []
    serviceAccountEmail: null
    timeoutSeconds: null
  get_league_users:
    availableMemoryMb: null
    concurrency: null
    entryPoint: get_league_users
    httpsTrigger: {}
    ingressSettings: null
    labels: {}
    maxInstances: null
    minInstances: null
    platform: gcfv2
    secretEnvironmentVariables: []
    serviceAccountEmail: null
    timeoutSeconds: null
  get_single_league:
    availableMemoryMb: null
    concurrency: null
    entryPoint: get_single_league
    httpsTrigger: {}
    ingressSettings: null
    labels: {}
    maxInstances: null
    minInstances: null
    platform: gcfv2
    secretEnvironmentVariables: []
    serviceAccountEmail: null
    timeoutSeconds: null
  get_user_drafts:
    availableMemoryMb: null
    concurrency: null
    entryPoint: get_user_drafts
    httpsTrigger: {}
    ingressSettings: null
    labels: {}
    maxInstances: null
    minInstances: null
    platform: gcfv2
    secretEnvironmentVariables: []
    serviceAccountEmail: null
    timeoutSeconds: null
  get_user_leagues:
    availableMemoryMb: null
    concurrency: null
    entryPoint: get_user_leagues
    httpsTrigger: {}
    ingressSettings: null
    labels: {}
    maxInstances: null
    minInstances: null
    platform: gcfv2
    secretEnvironmentVariables: []
    serviceAccountEmail: null
    timeoutSeconds: null
  update_data:
    availableMemoryMb: null
    concurrency: null
    entryPoint: update_data
    httpsTrigger: {}
    ingressSettings: null
    labels: {}
    maxInstances: null
    minInstances: null
    platform: gcfv2
    secretEnvironmentVariables: []
    serviceAccountEmail: null
    timeoutSeconds: null
params: []
requiredAPIs: []
specVersion: v1alpha1

[error] 127.0.0.1 - - [07/Aug/2026 20:25:47] "GET /__/quitquitquit HTTP/1.1" 200 -

[error] /bin/sh: line 1: 26117 Terminated: 15          python3.14 "/Users/patrickschmidt/github-projects/fantasy-sports-assistant/functions/venv/lib/python3.14/site-packages/firebase_functions/private/serving.py"

[info] ✔  functions: Loaded functions definitions from source: analyze_draft, analyze_waivers, get_league_rosters, get_league_users, get_single_league, get_user_drafts, get_user_leagues, update_data. {"metadata":{"emulator":{"name":"functions"},"message":"Loaded functions definitions from source: analyze_draft, analyze_waivers, get_league_rosters, get_league_users, get_single_league, get_user_drafts, get_user_leagues, update_data."}}
[info] ✔  functions[us-central1-get_single_league]: http function initialized (http://127.0.0.1:5001/demo-no-project/us-central1/get_single_league). {"metadata":{"emulator":{"name":"functions"},"message":"http function initialized (http://127.0.0.1:5001/demo-no-project/us-central1/get_single_league)."}}
[debug] [2026-08-07T20:25:47.670Z] File /Users/patrickschmidt/github-projects/fantasy-sports-assistant/functions/__pycache__/main.cpython-314.pyc changed, reloading triggers {"metadata":{"emulator":{"name":"functions"},"message":"File /Users/patrickschmidt/github-projects/fantasy-sports-assistant/functions/__pycache__/main.cpython-314.pyc changed, reloading triggers"}}
[debug] [2026-08-07T20:25:48.670Z] Customer code is not Node
[debug] [2026-08-07T20:25:48.670Z] Validating python source
[debug] [2026-08-07T20:25:48.670Z] Building python source
[debug] [2026-08-07T20:25:48.671Z] Could not find functions.yaml. Must use http discovery
[debug] [2026-08-07T20:25:48.671Z] Running command with virtualenv: command=., args=["\"/Users/patrickschmidt/github-projects/fantasy-sports-assistant/functions/venv/bin/activate\"","&&","python3.14","-c","\"import firebase_functions; import os; print(os.path.dirname(firebase_functions.__file__))\""]
[debug] [2026-08-07T20:25:48.718Z] stdout: /Users/patrickschmidt/github-projects/fantasy-sports-assistant/functions/venv/lib/python3.14/site-packages/firebase_functions

[debug] [2026-08-07T20:25:48.722Z] Running admin server with args: ["python3.14","\"/Users/patrickschmidt/github-projects/fantasy-sports-assistant/functions/venv/lib/python3.14/site-packages/firebase_functions/private/serving.py\""] and env: {"GCLOUD_PROJECT":"demo-no-project","K_REVISION":"1","PORT":"80","GOOGLE_CLOUD_QUOTA_PROJECT":"demo-no-project","FUNCTIONS_EMULATOR":"true","TZ":"UTC","FIREBASE_DEBUG_MODE":"true","FIREBASE_DEBUG_FEATURES":"{\"skipTokenVerification\":true,\"enableCors\":true}","FIREBASE_EMULATOR_HUB":"127.0.0.1:4400","CLOUD_EVENTARC_EMULATOR_HOST":"http://127.0.0.1:9299","CLOUD_TASKS_EMULATOR_HOST":"127.0.0.1:9499","FIREBASE_CONFIG":"{\"storageBucket\":\"demo-no-project.appspot.com\",\"databaseURL\":\"https://demo-no-project.firebaseio.com\",\"projectId\":\"demo-no-project\"}","GOOGLE_APPLICATION_CREDENTIALS":"/Users/patrickschmidt/.config/firebase/patrick_schmidt.mail_gmail.com_application_default_credentials.json","ADMIN_PORT":"8081"} in /Users/patrickschmidt/github-projects/fantasy-sports-assistant/functions
[debug] [2026-08-07T20:25:48.722Z] Running command with virtualenv: command=., args=["\"/Users/patrickschmidt/github-projects/fantasy-sports-assistant/functions/venv/bin/activate\"","&&","python3.14","\"/Users/patrickschmidt/github-projects/fantasy-sports-assistant/functions/venv/lib/python3.14/site-packages/firebase_functions/private/serving.py\""]
[info]  * Serving Flask app 'serving'
 * Debug mode: off

[error] WARNING: This is a development server. Do not use it in a production deployment. Use a production WSGI server instead.
 * Running on http://127.0.0.1:8081

[error] Press CTRL+C to quit

[error] 127.0.0.1 - - [07/Aug/2026 20:25:49] "GET /__/functions.yaml HTTP/1.1" 200 -

[debug] [2026-08-07T20:25:49.242Z] Got response from /__/functions.yaml endpoints:
  analyze_draft:
    availableMemoryMb: null
    concurrency: null
    entryPoint: analyze_draft
    httpsTrigger: {}
    ingressSettings: null
    labels: {}
    maxInstances: null
    minInstances: null
    platform: gcfv2
    secretEnvironmentVariables: []
    serviceAccountEmail: null
    timeoutSeconds: null
  analyze_waivers:
    availableMemoryMb: null
    concurrency: null
    entryPoint: analyze_waivers
    httpsTrigger: {}
    ingressSettings: null
    labels: {}
    maxInstances: null
    minInstances: null
    platform: gcfv2
    secretEnvironmentVariables: []
    serviceAccountEmail: null
    timeoutSeconds: null
  get_league_rosters:
    availableMemoryMb: null
    concurrency: null
    entryPoint: get_league_rosters
    httpsTrigger: {}
    ingressSettings: null
    labels: {}
    maxInstances: null
    minInstances: null
    platform: gcfv2
    secretEnvironmentVariables: []
    serviceAccountEmail: null
    timeoutSeconds: null
  get_league_users:
    availableMemoryMb: null
    concurrency: null
    entryPoint: get_league_users
    httpsTrigger: {}
    ingressSettings: null
    labels: {}
    maxInstances: null
    minInstances: null
    platform: gcfv2
    secretEnvironmentVariables: []
    serviceAccountEmail: null
    timeoutSeconds: null
  get_single_league:
    availableMemoryMb: null
    concurrency: null
    entryPoint: get_single_league
    httpsTrigger: {}
    ingressSettings: null
    labels: {}
    maxInstances: null
    minInstances: null
    platform: gcfv2
    secretEnvironmentVariables: []
    serviceAccountEmail: null
    timeoutSeconds: null
  get_user_drafts:
    availableMemoryMb: null
    concurrency: null
    entryPoint: get_user_drafts
    httpsTrigger: {}
    ingressSettings: null
    labels: {}
    maxInstances: null
    minInstances: null
    platform: gcfv2
    secretEnvironmentVariables: []
    serviceAccountEmail: null
    timeoutSeconds: null
  get_user_leagues:
    availableMemoryMb: null
    concurrency: null
    entryPoint: get_user_leagues
    httpsTrigger: {}
    ingressSettings: null
    labels: {}
    maxInstances: null
    minInstances: null
    platform: gcfv2
    secretEnvironmentVariables: []
    serviceAccountEmail: null
    timeoutSeconds: null
  update_data:
    availableMemoryMb: null
    concurrency: null
    entryPoint: update_data
    httpsTrigger: {}
    ingressSettings: null
    labels: {}
    maxInstances: null
    minInstances: null
    platform: gcfv2
    secretEnvironmentVariables: []
    serviceAccountEmail: null
    timeoutSeconds: null
params: []
requiredAPIs: []
specVersion: v1alpha1

[error] 127.0.0.1 - - [07/Aug/2026 20:25:49] "GET /__/quitquitquit HTTP/1.1" 200 -

[error] /bin/sh: line 1: 26127 Terminated: 15          python3.14 "/Users/patrickschmidt/github-projects/fantasy-sports-assistant/functions/venv/lib/python3.14/site-packages/firebase_functions/private/serving.py"

[info] ✔  functions: Loaded functions definitions from source: analyze_draft, analyze_waivers, get_league_rosters, get_league_users, get_single_league, get_user_drafts, get_user_leagues, update_data. {"metadata":{"emulator":{"name":"functions"},"message":"Loaded functions definitions from source: analyze_draft, analyze_waivers, get_league_rosters, get_league_users, get_single_league, get_user_drafts, get_user_leagues, update_data."}}
[debug] [2026-08-07T20:26:33.051Z] [work-queue] {"queuedWork":["/demo-no-project/us-central1/get_single_league-2026-08-07T20:26:33.051Z"],"queueLength":1,"runningWork":[],"workRunningCount":0}
[debug] [2026-08-07T20:26:33.051Z] [work-queue] {"queuedWork":[],"queueLength":0,"runningWork":["/demo-no-project/us-central1/get_single_league-2026-08-07T20:26:33.051Z"],"workRunningCount":1}
[debug] [2026-08-07T20:26:33.051Z] Accepted request GET /demo-no-project/us-central1/get_single_league?league_id=1318881290115633152 --> us-central1-get_single_league
[debug] [2026-08-07T20:26:33.051Z] [functions] Runtime ready! Sending request! {"metadata":{"emulator":{"name":"functions"},"message":"[functions] Runtime ready! Sending request!"}}
[debug] [2026-08-07T20:26:33.051Z] [functions] Got req.url=/demo-no-project/us-central1/get_single_league?league_id=1318881290115633152, mapping to path=/?league_id=1318881290115633152 {"metadata":{"emulator":{"name":"functions"},"message":"[functions] Got req.url=/demo-no-project/us-central1/get_single_league?league_id=1318881290115633152, mapping to path=/?league_id=1318881290115633152"}}
[debug] [2026-08-07T20:26:33.051Z] [worker-pool] Cleaned up workers for us-central1-update_data: 1 --> 0 {"metadata":{"emulator":{"name":"functions"},"message":"[worker-pool] Cleaned up workers for us-central1-update_data: 1 --> 0"}}
[debug] [2026-08-07T20:26:33.052Z] Running command with virtualenv: command=., args=["\"/Users/patrickschmidt/github-projects/fantasy-sports-assistant/functions/venv/bin/activate\"","&&","functions-framework"]
[debug] [2026-08-07T20:26:33.052Z] [worker-pool] addWorker(us-central1-get_single_league) {"metadata":{"emulator":{"name":"functions"},"message":"[worker-pool] addWorker(us-central1-get_single_league)"}}
[debug] [2026-08-07T20:26:33.052Z] [worker-pool] Adding worker with key us-central1-get_single_league, total=1 {"metadata":{"emulator":{"name":"functions"},"message":"[worker-pool] Adding worker with key us-central1-get_single_league, total=1"}}
[debug] [2026-08-07T20:26:33.360Z] [worker-us-central1-get_single_league-88baf688-9c84-468f-aac2-33102b5a1898]: IDLE {"metadata":{"emulator":{"name":"functions"},"function":{"name":"us-central1-get_single_league"},"extension":{},"message":"[worker-us-central1-get_single_league-88baf688-9c84-468f-aac2-33102b5a1898]: IDLE"}}
[debug] [2026-08-07T20:26:33.360Z] [worker-pool] submitRequest(triggerId=us-central1-get_single_league) {"metadata":{"emulator":{"name":"functions"},"message":"[worker-pool] submitRequest(triggerId=us-central1-get_single_league)"}}
[info] i  functions: Beginning execution of "us-central1-get_single_league" {"metadata":{"emulator":{"name":"functions"},"function":{"name":"us-central1-get_single_league"},"extension":{},"message":"Beginning execution of \"us-central1-get_single_league\""}}
[debug] [2026-08-07T20:26:33.360Z] [worker-us-central1-get_single_league-88baf688-9c84-468f-aac2-33102b5a1898]: BUSY {"metadata":{"emulator":{"name":"functions"},"function":{"name":"us-central1-get_single_league"},"extension":{},"message":"[worker-us-central1-get_single_league-88baf688-9c84-468f-aac2-33102b5a1898]: BUSY"}}
[debug] [2026-08-07T20:26:33.606Z] Finishing up request with event=pause {"metadata":{"emulator":{"name":"functions"},"function":{"name":"us-central1-get_single_league"},"extension":{},"message":"Finishing up request with event=pause"}}
[info] i  functions: Finished "us-central1-get_single_league" in 245.701084ms {"metadata":{"emulator":{"name":"functions"},"function":{"name":"us-central1-get_single_league"},"extension":{},"message":"Finished \"us-central1-get_single_league\" in 245.701084ms"}}
[debug] [2026-08-07T20:26:33.606Z] [worker-us-central1-get_single_league-88baf688-9c84-468f-aac2-33102b5a1898]: IDLE {"metadata":{"emulator":{"name":"functions"},"function":{"name":"us-central1-get_single_league"},"extension":{},"message":"[worker-us-central1-get_single_league-88baf688-9c84-468f-aac2-33102b5a1898]: IDLE"}}
[debug] [2026-08-07T20:26:33.606Z] Finishing up request with event=finish {"metadata":{"emulator":{"name":"functions"},"function":{"name":"us-central1-get_single_league"},"extension":{},"message":"Finishing up request with event=finish"}}
[debug] [2026-08-07T20:26:33.606Z] Finishing up request with event=close {"metadata":{"emulator":{"name":"functions"},"function":{"name":"us-central1-get_single_league"},"extension":{},"message":"Finishing up request with event=close"}}
[debug] [2026-08-07T20:26:33.606Z] [work-queue] {"queuedWork":[],"queueLength":0,"runningWork":[],"workRunningCount":0}
[debug] [2026-08-07T20:29:45.114Z] File /Users/patrickschmidt/github-projects/fantasy-sports-assistant/functions/main.py changed, reloading triggers {"metadata":{"emulator":{"name":"functions"},"message":"File /Users/patrickschmidt/github-projects/fantasy-sports-assistant/functions/main.py changed, reloading triggers"}}
[debug] [2026-08-07T20:29:46.116Z] Customer code is not Node
[debug] [2026-08-07T20:29:46.116Z] Validating python source
[debug] [2026-08-07T20:29:46.116Z] Building python source
[debug] [2026-08-07T20:29:46.117Z] Could not find functions.yaml. Must use http discovery
[debug] [2026-08-07T20:29:46.117Z] Running command with virtualenv: command=., args=["\"/Users/patrickschmidt/github-projects/fantasy-sports-assistant/functions/venv/bin/activate\"","&&","python3.14","-c","\"import firebase_functions; import os; print(os.path.dirname(firebase_functions.__file__))\""]
[debug] [2026-08-07T20:29:46.163Z] stdout: /Users/patrickschmidt/github-projects/fantasy-sports-assistant/functions/venv/lib/python3.14/site-packages/firebase_functions

[debug] [2026-08-07T20:29:46.166Z] Running admin server with args: ["python3.14","\"/Users/patrickschmidt/github-projects/fantasy-sports-assistant/functions/venv/lib/python3.14/site-packages/firebase_functions/private/serving.py\""] and env: {"GCLOUD_PROJECT":"demo-no-project","K_REVISION":"1","PORT":"80","GOOGLE_CLOUD_QUOTA_PROJECT":"demo-no-project","FUNCTIONS_EMULATOR":"true","TZ":"UTC","FIREBASE_DEBUG_MODE":"true","FIREBASE_DEBUG_FEATURES":"{\"skipTokenVerification\":true,\"enableCors\":true}","FIREBASE_EMULATOR_HUB":"127.0.0.1:4400","CLOUD_EVENTARC_EMULATOR_HOST":"http://127.0.0.1:9299","CLOUD_TASKS_EMULATOR_HOST":"127.0.0.1:9499","FIREBASE_CONFIG":"{\"storageBucket\":\"demo-no-project.appspot.com\",\"databaseURL\":\"https://demo-no-project.firebaseio.com\",\"projectId\":\"demo-no-project\"}","GOOGLE_APPLICATION_CREDENTIALS":"/Users/patrickschmidt/.config/firebase/patrick_schmidt.mail_gmail.com_application_default_credentials.json","ADMIN_PORT":"8081"} in /Users/patrickschmidt/github-projects/fantasy-sports-assistant/functions
[debug] [2026-08-07T20:29:46.166Z] Running command with virtualenv: command=., args=["\"/Users/patrickschmidt/github-projects/fantasy-sports-assistant/functions/venv/bin/activate\"","&&","python3.14","\"/Users/patrickschmidt/github-projects/fantasy-sports-assistant/functions/venv/lib/python3.14/site-packages/firebase_functions/private/serving.py\""]
[info]  * Serving Flask app 'serving'
 * Debug mode: off

[error] WARNING: This is a development server. Do not use it in a production deployment. Use a production WSGI server instead.
 * Running on http://127.0.0.1:8081

[error] Press CTRL+C to quit

[debug] [2026-08-07T20:29:46.672Z] File /Users/patrickschmidt/github-projects/fantasy-sports-assistant/functions/__pycache__/main.cpython-314.pyc changed, reloading triggers {"metadata":{"emulator":{"name":"functions"},"message":"File /Users/patrickschmidt/github-projects/fantasy-sports-assistant/functions/__pycache__/main.cpython-314.pyc changed, reloading triggers"}}
[error] 127.0.0.1 - - [07/Aug/2026 20:29:46] "GET /__/functions.yaml HTTP/1.1" 200 -

[debug] [2026-08-07T20:29:46.683Z] Got response from /__/functions.yaml endpoints:
  analyze_draft:
    availableMemoryMb: null
    concurrency: null
    entryPoint: analyze_draft
    httpsTrigger: {}
    ingressSettings: null
    labels: {}
    maxInstances: null
    minInstances: null
    platform: gcfv2
    secretEnvironmentVariables: []
    serviceAccountEmail: null
    timeoutSeconds: null
  analyze_waivers:
    availableMemoryMb: null
    concurrency: null
    entryPoint: analyze_waivers
    httpsTrigger: {}
    ingressSettings: null
    labels: {}
    maxInstances: null
    minInstances: null
    platform: gcfv2
    secretEnvironmentVariables: []
    serviceAccountEmail: null
    timeoutSeconds: null
  get_league_rosters:
    availableMemoryMb: null
    concurrency: null
    entryPoint: get_league_rosters
    httpsTrigger: {}
    ingressSettings: null
    labels: {}
    maxInstances: null
    minInstances: null
    platform: gcfv2
    secretEnvironmentVariables: []
    serviceAccountEmail: null
    timeoutSeconds: null
  get_league_users:
    availableMemoryMb: null
    concurrency: null
    entryPoint: get_league_users
    httpsTrigger: {}
    ingressSettings: null
    labels: {}
    maxInstances: null
    minInstances: null
    platform: gcfv2
    secretEnvironmentVariables: []
    serviceAccountEmail: null
    timeoutSeconds: null
  get_single_league:
    availableMemoryMb: null
    concurrency: null
    entryPoint: get_single_league
    httpsTrigger: {}
    ingressSettings: null
    labels: {}
    maxInstances: null
    minInstances: null
    platform: gcfv2
    secretEnvironmentVariables: []
    serviceAccountEmail: null
    timeoutSeconds: null
  get_user_drafts:
    availableMemoryMb: null
    concurrency: null
    entryPoint: get_user_drafts
    httpsTrigger: {}
    ingressSettings: null
    labels: {}
    maxInstances: null
    minInstances: null
    platform: gcfv2
    secretEnvironmentVariables: []
    serviceAccountEmail: null
    timeoutSeconds: null
  get_user_leagues:
    availableMemoryMb: null
    concurrency: null
    entryPoint: get_user_leagues
    httpsTrigger: {}
    ingressSettings: null
    labels: {}
    maxInstances: null
    minInstances: null
    platform: gcfv2
    secretEnvironmentVariables: []
    serviceAccountEmail: null
    timeoutSeconds: null
  update_data:
    availableMemoryMb: null
    concurrency: null
    entryPoint: update_data
    httpsTrigger: {}
    ingressSettings: null
    labels: {}
    maxInstances: null
    minInstances: null
    platform: gcfv2
    secretEnvironmentVariables: []
    serviceAccountEmail: null
    timeoutSeconds: null
params: []
requiredAPIs: []
specVersion: v1alpha1

[error] 127.0.0.1 - - [07/Aug/2026 20:29:46] "GET /__/quitquitquit HTTP/1.1" 200 -

[error] /bin/sh: line 1: 26220 Terminated: 15          python3.14 "/Users/patrickschmidt/github-projects/fantasy-sports-assistant/functions/venv/lib/python3.14/site-packages/firebase_functions/private/serving.py"

[info] ✔  functions: Loaded functions definitions from source: analyze_draft, analyze_waivers, get_league_rosters, get_league_users, get_single_league, get_user_drafts, get_user_leagues, update_data. {"metadata":{"emulator":{"name":"functions"},"message":"Loaded functions definitions from source: analyze_draft, analyze_waivers, get_league_rosters, get_league_users, get_single_league, get_user_drafts, get_user_leagues, update_data."}}
[debug] [2026-08-07T20:29:46.688Z] [worker-pool] Shutting down IDLE worker (us-central1-get_single_league) {"metadata":{"emulator":{"name":"functions"},"message":"[worker-pool] Shutting down IDLE worker (us-central1-get_single_league)"}}
[debug] [2026-08-07T20:29:46.688Z] [worker-us-central1-get_single_league-88baf688-9c84-468f-aac2-33102b5a1898]: FINISHING {"metadata":{"emulator":{"name":"functions"},"function":{"name":"us-central1-get_single_league"},"extension":{},"message":"[worker-us-central1-get_single_league-88baf688-9c84-468f-aac2-33102b5a1898]: FINISHING"}}
[debug] [2026-08-07T20:29:46.689Z] [worker-us-central1-get_single_league-88baf688-9c84-468f-aac2-33102b5a1898]: exited {"metadata":{"emulator":{"name":"functions"},"function":{"name":"us-central1-get_single_league"},"extension":{},"message":"[worker-us-central1-get_single_league-88baf688-9c84-468f-aac2-33102b5a1898]: exited"}}
[debug] [2026-08-07T20:29:46.689Z] [worker-us-central1-get_single_league-88baf688-9c84-468f-aac2-33102b5a1898]: FINISHED {"metadata":{"emulator":{"name":"functions"},"function":{"name":"us-central1-get_single_league"},"extension":{},"message":"[worker-us-central1-get_single_league-88baf688-9c84-468f-aac2-33102b5a1898]: FINISHED"}}
[debug] [2026-08-07T20:29:47.673Z] Customer code is not Node
[debug] [2026-08-07T20:29:47.674Z] Validating python source
[debug] [2026-08-07T20:29:47.674Z] Building python source
[debug] [2026-08-07T20:29:47.674Z] Could not find functions.yaml. Must use http discovery
[debug] [2026-08-07T20:29:47.674Z] Running command with virtualenv: command=., args=["\"/Users/patrickschmidt/github-projects/fantasy-sports-assistant/functions/venv/bin/activate\"","&&","python3.14","-c","\"import firebase_functions; import os; print(os.path.dirname(firebase_functions.__file__))\""]
[debug] [2026-08-07T20:29:47.703Z] stdout: /Users/patrickschmidt/github-projects/fantasy-sports-assistant/functions/venv/lib/python3.14/site-packages/firebase_functions

[debug] [2026-08-07T20:29:47.706Z] Running admin server with args: ["python3.14","\"/Users/patrickschmidt/github-projects/fantasy-sports-assistant/functions/venv/lib/python3.14/site-packages/firebase_functions/private/serving.py\""] and env: {"GCLOUD_PROJECT":"demo-no-project","K_REVISION":"1","PORT":"80","GOOGLE_CLOUD_QUOTA_PROJECT":"demo-no-project","FUNCTIONS_EMULATOR":"true","TZ":"UTC","FIREBASE_DEBUG_MODE":"true","FIREBASE_DEBUG_FEATURES":"{\"skipTokenVerification\":true,\"enableCors\":true}","FIREBASE_EMULATOR_HUB":"127.0.0.1:4400","CLOUD_EVENTARC_EMULATOR_HOST":"http://127.0.0.1:9299","CLOUD_TASKS_EMULATOR_HOST":"127.0.0.1:9499","FIREBASE_CONFIG":"{\"storageBucket\":\"demo-no-project.appspot.com\",\"databaseURL\":\"https://demo-no-project.firebaseio.com\",\"projectId\":\"demo-no-project\"}","GOOGLE_APPLICATION_CREDENTIALS":"/Users/patrickschmidt/.config/firebase/patrick_schmidt.mail_gmail.com_application_default_credentials.json","ADMIN_PORT":"8081"} in /Users/patrickschmidt/github-projects/fantasy-sports-assistant/functions
[debug] [2026-08-07T20:29:47.706Z] Running command with virtualenv: command=., args=["\"/Users/patrickschmidt/github-projects/fantasy-sports-assistant/functions/venv/bin/activate\"","&&","python3.14","\"/Users/patrickschmidt/github-projects/fantasy-sports-assistant/functions/venv/lib/python3.14/site-packages/firebase_functions/private/serving.py\""]
[info]  * Serving Flask app 'serving'
 * Debug mode: off

[error] WARNING: This is a development server. Do not use it in a production deployment. Use a production WSGI server instead.
 * Running on http://127.0.0.1:8081

[error] Press CTRL+C to quit

[error] 127.0.0.1 - - [07/Aug/2026 20:29:48] "GET /__/functions.yaml HTTP/1.1" 200 -

[debug] [2026-08-07T20:29:48.230Z] Got response from /__/functions.yaml endpoints:
  analyze_draft:
    availableMemoryMb: null
    concurrency: null
    entryPoint: analyze_draft
    httpsTrigger: {}
    ingressSettings: null
    labels: {}
    maxInstances: null
    minInstances: null
    platform: gcfv2
    secretEnvironmentVariables: []
    serviceAccountEmail: null
    timeoutSeconds: null
  analyze_waivers:
    availableMemoryMb: null
    concurrency: null
    entryPoint: analyze_waivers
    httpsTrigger: {}
    ingressSettings: null
    labels: {}
    maxInstances: null
    minInstances: null
    platform: gcfv2
    secretEnvironmentVariables: []
    serviceAccountEmail: null
    timeoutSeconds: null
  get_league_rosters:
    availableMemoryMb: null
    concurrency: null
    entryPoint: get_league_rosters
    httpsTrigger: {}
    ingressSettings: null
    labels: {}
    maxInstances: null
    minInstances: null
    platform: gcfv2
    secretEnvironmentVariables: []
    serviceAccountEmail: null
    timeoutSeconds: null
  get_league_users:
    availableMemoryMb: null
    concurrency: null
    entryPoint: get_league_users
    httpsTrigger: {}
    ingressSettings: null
    labels: {}
    maxInstances: null
    minInstances: null
    platform: gcfv2
    secretEnvironmentVariables: []
    serviceAccountEmail: null
    timeoutSeconds: null
  get_single_league:
    availableMemoryMb: null
    concurrency: null
    entryPoint: get_single_league
    httpsTrigger: {}
    ingressSettings: null
    labels: {}
    maxInstances: null
    minInstances: null
    platform: gcfv2
    secretEnvironmentVariables: []
    serviceAccountEmail: null
    timeoutSeconds: null
  get_user_drafts:
    availableMemoryMb: null
    concurrency: null
    entryPoint: get_user_drafts
    httpsTrigger: {}
    ingressSettings: null
    labels: {}
    maxInstances: null
    minInstances: null
    platform: gcfv2
    secretEnvironmentVariables: []
    serviceAccountEmail: null
    timeoutSeconds: null
  get_user_leagues:
    availableMemoryMb: null
    concurrency: null
    entryPoint: get_user_leagues
    httpsTrigger: {}
    ingressSettings: null
    labels: {}
    maxInstances: null
    minInstances: null
    platform: gcfv2
    secretEnvironmentVariables: []
    serviceAccountEmail: null
    timeoutSeconds: null
  update_data:
    availableMemoryMb: null
    concurrency: null
    entryPoint: update_data
    httpsTrigger: {}
    ingressSettings: null
    labels: {}
    maxInstances: null
    minInstances: null
    platform: gcfv2
    secretEnvironmentVariables: []
    serviceAccountEmail: null
    timeoutSeconds: null
params: []
requiredAPIs: []
specVersion: v1alpha1

[error] 127.0.0.1 - - [07/Aug/2026 20:29:48] "GET /__/quitquitquit HTTP/1.1" 200 -

[error] /bin/sh: line 1: 26229 Terminated: 15          python3.14 "/Users/patrickschmidt/github-projects/fantasy-sports-assistant/functions/venv/lib/python3.14/site-packages/firebase_functions/private/serving.py"

[info] ✔  functions: Loaded functions definitions from source: analyze_draft, analyze_waivers, get_league_rosters, get_league_users, get_single_league, get_user_drafts, get_user_leagues, update_data. {"metadata":{"emulator":{"name":"functions"},"message":"Loaded functions definitions from source: analyze_draft, analyze_waivers, get_league_rosters, get_league_users, get_single_league, get_user_drafts, get_user_leagues, update_data."}}
[debug] [2026-08-07T20:29:49.776Z] File /Users/patrickschmidt/github-projects/fantasy-sports-assistant/functions/api_core.py changed, reloading triggers {"metadata":{"emulator":{"name":"functions"},"message":"File /Users/patrickschmidt/github-projects/fantasy-sports-assistant/functions/api_core.py changed, reloading triggers"}}
[debug] [2026-08-07T20:29:50.777Z] Customer code is not Node
[debug] [2026-08-07T20:29:50.778Z] Validating python source
[debug] [2026-08-07T20:29:50.778Z] Building python source
[debug] [2026-08-07T20:29:50.778Z] Could not find functions.yaml. Must use http discovery
[debug] [2026-08-07T20:29:50.779Z] Running command with virtualenv: command=., args=["\"/Users/patrickschmidt/github-projects/fantasy-sports-assistant/functions/venv/bin/activate\"","&&","python3.14","-c","\"import firebase_functions; import os; print(os.path.dirname(firebase_functions.__file__))\""]
[debug] [2026-08-07T20:29:50.829Z] stdout: /Users/patrickschmidt/github-projects/fantasy-sports-assistant/functions/venv/lib/python3.14/site-packages/firebase_functions

[debug] [2026-08-07T20:29:50.832Z] Running admin server with args: ["python3.14","\"/Users/patrickschmidt/github-projects/fantasy-sports-assistant/functions/venv/lib/python3.14/site-packages/firebase_functions/private/serving.py\""] and env: {"GCLOUD_PROJECT":"demo-no-project","K_REVISION":"1","PORT":"80","GOOGLE_CLOUD_QUOTA_PROJECT":"demo-no-project","FUNCTIONS_EMULATOR":"true","TZ":"UTC","FIREBASE_DEBUG_MODE":"true","FIREBASE_DEBUG_FEATURES":"{\"skipTokenVerification\":true,\"enableCors\":true}","FIREBASE_EMULATOR_HUB":"127.0.0.1:4400","CLOUD_EVENTARC_EMULATOR_HOST":"http://127.0.0.1:9299","CLOUD_TASKS_EMULATOR_HOST":"127.0.0.1:9499","FIREBASE_CONFIG":"{\"storageBucket\":\"demo-no-project.appspot.com\",\"databaseURL\":\"https://demo-no-project.firebaseio.com\",\"projectId\":\"demo-no-project\"}","GOOGLE_APPLICATION_CREDENTIALS":"/Users/patrickschmidt/.config/firebase/patrick_schmidt.mail_gmail.com_application_default_credentials.json","ADMIN_PORT":"8081"} in /Users/patrickschmidt/github-projects/fantasy-sports-assistant/functions
[debug] [2026-08-07T20:29:50.832Z] Running command with virtualenv: command=., args=["\"/Users/patrickschmidt/github-projects/fantasy-sports-assistant/functions/venv/bin/activate\"","&&","python3.14","\"/Users/patrickschmidt/github-projects/fantasy-sports-assistant/functions/venv/lib/python3.14/site-packages/firebase_functions/private/serving.py\""]
[info]  * Serving Flask app 'serving'
 * Debug mode: off

[error] WARNING: This is a development server. Do not use it in a production deployment. Use a production WSGI server instead.
 * Running on http://127.0.0.1:8081

[error] Press CTRL+C to quit

[error] 127.0.0.1 - - [07/Aug/2026 20:29:51] "GET /__/functions.yaml HTTP/1.1" 200 -

[debug] [2026-08-07T20:29:51.351Z] Got response from /__/functions.yaml endpoints:
  analyze_draft:
    availableMemoryMb: null
    concurrency: null
    entryPoint: analyze_draft
    httpsTrigger: {}
    ingressSettings: null
    labels: {}
    maxInstances: null
    minInstances: null
    platform: gcfv2
    secretEnvironmentVariables: []
    serviceAccountEmail: null
    timeoutSeconds: null
  analyze_waivers:
    availableMemoryMb: null
    concurrency: null
    entryPoint: analyze_waivers
    httpsTrigger: {}
    ingressSettings: null
    labels: {}
    maxInstances: null
    minInstances: null
    platform: gcfv2
    secretEnvironmentVariables: []
    serviceAccountEmail: null
    timeoutSeconds: null
  get_league_rosters:
    availableMemoryMb: null
    concurrency: null
    entryPoint: get_league_rosters
    httpsTrigger: {}
    ingressSettings: null
    labels: {}
    maxInstances: null
    minInstances: null
    platform: gcfv2
    secretEnvironmentVariables: []
    serviceAccountEmail: null
    timeoutSeconds: null
  get_league_users:
    availableMemoryMb: null
    concurrency: null
    entryPoint: get_league_users
    httpsTrigger: {}
    ingressSettings: null
    labels: {}
    maxInstances: null
    minInstances: null
    platform: gcfv2
    secretEnvironmentVariables: []
    serviceAccountEmail: null
    timeoutSeconds: null
  get_single_league:
    availableMemoryMb: null
    concurrency: null
    entryPoint: get_single_league
    httpsTrigger: {}
    ingressSettings: null
    labels: {}
    maxInstances: null
    minInstances: null
    platform: gcfv2
    secretEnvironmentVariables: []
    serviceAccountEmail: null
    timeoutSeconds: null
  get_user_drafts:
    availableMemoryMb: null
    concurrency: null
    entryPoint: get_user_drafts
    httpsTrigger: {}
    ingressSettings: null
    labels: {}
    maxInstances: null
    minInstances: null
    platform: gcfv2
    secretEnvironmentVariables: []
    serviceAccountEmail: null
    timeoutSeconds: null
  get_user_leagues:
    availableMemoryMb: null
    concurrency: null
    entryPoint: get_user_leagues
    httpsTrigger: {}
    ingressSettings: null
    labels: {}
    maxInstances: null
    minInstances: null
    platform: gcfv2
    secretEnvironmentVariables: []
    serviceAccountEmail: null
    timeoutSeconds: null
  update_data:
    availableMemoryMb: null
    concurrency: null
    entryPoint: update_data
    httpsTrigger: {}
    ingressSettings: null
    labels: {}
    maxInstances: null
    minInstances: null
    platform: gcfv2
    secretEnvironmentVariables: []
    serviceAccountEmail: null
    timeoutSeconds: null
params: []
requiredAPIs: []
specVersion: v1alpha1

[error] 127.0.0.1 - - [07/Aug/2026 20:29:51] "GET /__/quitquitquit HTTP/1.1" 200 -

[error] /bin/sh: line 1: 26237 Terminated: 15          python3.14 "/Users/patrickschmidt/github-projects/fantasy-sports-assistant/functions/venv/lib/python3.14/site-packages/firebase_functions/private/serving.py"

[info] ✔  functions: Loaded functions definitions from source: analyze_draft, analyze_waivers, get_league_rosters, get_league_users, get_single_league, get_user_drafts, get_user_leagues, update_data. {"metadata":{"emulator":{"name":"functions"},"message":"Loaded functions definitions from source: analyze_draft, analyze_waivers, get_league_rosters, get_league_users, get_single_league, get_user_drafts, get_user_leagues, update_data."}}
[debug] [2026-08-07T20:29:51.394Z] File /Users/patrickschmidt/github-projects/fantasy-sports-assistant/functions/__pycache__/api_core.cpython-314.pyc changed, reloading triggers {"metadata":{"emulator":{"name":"functions"},"message":"File /Users/patrickschmidt/github-projects/fantasy-sports-assistant/functions/__pycache__/api_core.cpython-314.pyc changed, reloading triggers"}}
[debug] [2026-08-07T20:29:52.397Z] Customer code is not Node
[debug] [2026-08-07T20:29:52.398Z] Validating python source
[debug] [2026-08-07T20:29:52.398Z] Building python source
[debug] [2026-08-07T20:29:52.398Z] Could not find functions.yaml. Must use http discovery
[debug] [2026-08-07T20:29:52.401Z] Running command with virtualenv: command=., args=["\"/Users/patrickschmidt/github-projects/fantasy-sports-assistant/functions/venv/bin/activate\"","&&","python3.14","-c","\"import firebase_functions; import os; print(os.path.dirname(firebase_functions.__file__))\""]
[debug] [2026-08-07T20:29:52.448Z] stdout: /Users/patrickschmidt/github-projects/fantasy-sports-assistant/functions/venv/lib/python3.14/site-packages/firebase_functions

[debug] [2026-08-07T20:29:52.451Z] Running admin server with args: ["python3.14","\"/Users/patrickschmidt/github-projects/fantasy-sports-assistant/functions/venv/lib/python3.14/site-packages/firebase_functions/private/serving.py\""] and env: {"GCLOUD_PROJECT":"demo-no-project","K_REVISION":"1","PORT":"80","GOOGLE_CLOUD_QUOTA_PROJECT":"demo-no-project","FUNCTIONS_EMULATOR":"true","TZ":"UTC","FIREBASE_DEBUG_MODE":"true","FIREBASE_DEBUG_FEATURES":"{\"skipTokenVerification\":true,\"enableCors\":true}","FIREBASE_EMULATOR_HUB":"127.0.0.1:4400","CLOUD_EVENTARC_EMULATOR_HOST":"http://127.0.0.1:9299","CLOUD_TASKS_EMULATOR_HOST":"127.0.0.1:9499","FIREBASE_CONFIG":"{\"storageBucket\":\"demo-no-project.appspot.com\",\"databaseURL\":\"https://demo-no-project.firebaseio.com\",\"projectId\":\"demo-no-project\"}","GOOGLE_APPLICATION_CREDENTIALS":"/Users/patrickschmidt/.config/firebase/patrick_schmidt.mail_gmail.com_application_default_credentials.json","ADMIN_PORT":"8081"} in /Users/patrickschmidt/github-projects/fantasy-sports-assistant/functions
[debug] [2026-08-07T20:29:52.451Z] Running command with virtualenv: command=., args=["\"/Users/patrickschmidt/github-projects/fantasy-sports-assistant/functions/venv/bin/activate\"","&&","python3.14","\"/Users/patrickschmidt/github-projects/fantasy-sports-assistant/functions/venv/lib/python3.14/site-packages/firebase_functions/private/serving.py\""]
[info]  * Serving Flask app 'serving'
 * Debug mode: off

[error] WARNING: This is a development server. Do not use it in a production deployment. Use a production WSGI server instead.
 * Running on http://127.0.0.1:8081

[error] Press CTRL+C to quit

[error] 127.0.0.1 - - [07/Aug/2026 20:29:52] "GET /__/functions.yaml HTTP/1.1" 200 -

[debug] [2026-08-07T20:29:52.974Z] Got response from /__/functions.yaml endpoints:
  analyze_draft:
    availableMemoryMb: null
    concurrency: null
    entryPoint: analyze_draft
    httpsTrigger: {}
    ingressSettings: null
    labels: {}
    maxInstances: null
    minInstances: null
    platform: gcfv2
    secretEnvironmentVariables: []
    serviceAccountEmail: null
    timeoutSeconds: null
  analyze_waivers:
    availableMemoryMb: null
    concurrency: null
    entryPoint: analyze_waivers
    httpsTrigger: {}
    ingressSettings: null
    labels: {}
    maxInstances: null
    minInstances: null
    platform: gcfv2
    secretEnvironmentVariables: []
    serviceAccountEmail: null
    timeoutSeconds: null
  get_league_rosters:
    availableMemoryMb: null
    concurrency: null
    entryPoint: get_league_rosters
    httpsTrigger: {}
    ingressSettings: null
    labels: {}
    maxInstances: null
    minInstances: null
    platform: gcfv2
    secretEnvironmentVariables: []
    serviceAccountEmail: null
    timeoutSeconds: null
  get_league_users:
    availableMemoryMb: null
    concurrency: null
    entryPoint: get_league_users
    httpsTrigger: {}
    ingressSettings: null
    labels: {}
    maxInstances: null
    minInstances: null
    platform: gcfv2
    secretEnvironmentVariables: []
    serviceAccountEmail: null
    timeoutSeconds: null
  get_single_league:
    availableMemoryMb: null
    concurrency: null
    entryPoint: get_single_league
    httpsTrigger: {}
    ingressSettings: null
    labels: {}
    maxInstances: null
    minInstances: null
    platform: gcfv2
    secretEnvironmentVariables: []
    serviceAccountEmail: null
    timeoutSeconds: null
  get_user_drafts:
    availableMemoryMb: null
    concurrency: null
    entryPoint: get_user_drafts
    httpsTrigger: {}
    ingressSettings: null
    labels: {}
    maxInstances: null
    minInstances: null
    platform: gcfv2
    secretEnvironmentVariables: []
    serviceAccountEmail: null
    timeoutSeconds: null
  get_user_leagues:
    availableMemoryMb: null
    concurrency: null
    entryPoint: get_user_leagues
    httpsTrigger: {}
    ingressSettings: null
    labels: {}
    maxInstances: null
    minInstances: null
    platform: gcfv2
    secretEnvironmentVariables: []
    serviceAccountEmail: null
    timeoutSeconds: null
  update_data:
    availableMemoryMb: null
    concurrency: null
    entryPoint: update_data
    httpsTrigger: {}
    ingressSettings: null
    labels: {}
    maxInstances: null
    minInstances: null
    platform: gcfv2
    secretEnvironmentVariables: []
    serviceAccountEmail: null
    timeoutSeconds: null
params: []
requiredAPIs: []
specVersion: v1alpha1

[error] 127.0.0.1 - - [07/Aug/2026 20:29:52] "GET /__/quitquitquit HTTP/1.1" 200 -

[error] /bin/sh: line 1: 26249 Terminated: 15          python3.14 "/Users/patrickschmidt/github-projects/fantasy-sports-assistant/functions/venv/lib/python3.14/site-packages/firebase_functions/private/serving.py"

[info] ✔  functions: Loaded functions definitions from source: analyze_draft, analyze_waivers, get_league_rosters, get_league_users, get_single_league, get_user_drafts, get_user_leagues, update_data. {"metadata":{"emulator":{"name":"functions"},"message":"Loaded functions definitions from source: analyze_draft, analyze_waivers, get_league_rosters, get_league_users, get_single_league, get_user_drafts, get_user_leagues, update_data."}}
[debug] [2026-08-07T20:30:36.721Z] [work-queue] {"queuedWork":["/demo-no-project/us-central1/get_user_leagues-2026-08-07T20:30:36.721Z"],"queueLength":1,"runningWork":[],"workRunningCount":0}
[debug] [2026-08-07T20:30:36.721Z] [work-queue] {"queuedWork":[],"queueLength":0,"runningWork":["/demo-no-project/us-central1/get_user_leagues-2026-08-07T20:30:36.721Z"],"workRunningCount":1}
[debug] [2026-08-07T20:30:36.721Z] Accepted request GET /demo-no-project/us-central1/get_user_leagues?username=p4t0b4ll3rs&season=all --> us-central1-get_user_leagues
[debug] [2026-08-07T20:30:36.722Z] [functions] Runtime ready! Sending request! {"metadata":{"emulator":{"name":"functions"},"message":"[functions] Runtime ready! Sending request!"}}
[debug] [2026-08-07T20:30:36.722Z] [functions] Got req.url=/demo-no-project/us-central1/get_user_leagues?username=p4t0b4ll3rs&season=all, mapping to path=/?username=p4t0b4ll3rs&season=all {"metadata":{"emulator":{"name":"functions"},"message":"[functions] Got req.url=/demo-no-project/us-central1/get_user_leagues?username=p4t0b4ll3rs&season=all, mapping to path=/?username=p4t0b4ll3rs&season=all"}}
[debug] [2026-08-07T20:30:36.722Z] [worker-pool] Cleaned up workers for us-central1-get_single_league: 1 --> 0 {"metadata":{"emulator":{"name":"functions"},"message":"[worker-pool] Cleaned up workers for us-central1-get_single_league: 1 --> 0"}}
[debug] [2026-08-07T20:30:36.722Z] Running command with virtualenv: command=., args=["\"/Users/patrickschmidt/github-projects/fantasy-sports-assistant/functions/venv/bin/activate\"","&&","functions-framework"]
[debug] [2026-08-07T20:30:36.723Z] [worker-pool] addWorker(us-central1-get_user_leagues) {"metadata":{"emulator":{"name":"functions"},"message":"[worker-pool] addWorker(us-central1-get_user_leagues)"}}
[debug] [2026-08-07T20:30:36.723Z] [worker-pool] Adding worker with key us-central1-get_user_leagues, total=1 {"metadata":{"emulator":{"name":"functions"},"message":"[worker-pool] Adding worker with key us-central1-get_user_leagues, total=1"}}
[debug] [2026-08-07T20:30:37.133Z] [worker-us-central1-get_user_leagues-894a00b0-619b-45fd-a372-ee371b371b69]: IDLE {"metadata":{"emulator":{"name":"functions"},"function":{"name":"us-central1-get_user_leagues"},"extension":{},"message":"[worker-us-central1-get_user_leagues-894a00b0-619b-45fd-a372-ee371b371b69]: IDLE"}}
[debug] [2026-08-07T20:30:37.133Z] [worker-pool] submitRequest(triggerId=us-central1-get_user_leagues) {"metadata":{"emulator":{"name":"functions"},"message":"[worker-pool] submitRequest(triggerId=us-central1-get_user_leagues)"}}
[info] i  functions: Beginning execution of "us-central1-get_user_leagues" {"metadata":{"emulator":{"name":"functions"},"function":{"name":"us-central1-get_user_leagues"},"extension":{},"message":"Beginning execution of \"us-central1-get_user_leagues\""}}
[debug] [2026-08-07T20:30:37.133Z] [worker-us-central1-get_user_leagues-894a00b0-619b-45fd-a372-ee371b371b69]: BUSY {"metadata":{"emulator":{"name":"functions"},"function":{"name":"us-central1-get_user_leagues"},"extension":{},"message":"[worker-us-central1-get_user_leagues-894a00b0-619b-45fd-a372-ee371b371b69]: BUSY"}}
[debug] [2026-08-07T20:30:37.909Z] Finishing up request with event=pause {"metadata":{"emulator":{"name":"functions"},"function":{"name":"us-central1-get_user_leagues"},"extension":{},"message":"Finishing up request with event=pause"}}
[info] i  functions: Finished "us-central1-get_user_leagues" in 775.540875ms {"metadata":{"emulator":{"name":"functions"},"function":{"name":"us-central1-get_user_leagues"},"extension":{},"message":"Finished \"us-central1-get_user_leagues\" in 775.540875ms"}}
[debug] [2026-08-07T20:30:37.909Z] [worker-us-central1-get_user_leagues-894a00b0-619b-45fd-a372-ee371b371b69]: IDLE {"metadata":{"emulator":{"name":"functions"},"function":{"name":"us-central1-get_user_leagues"},"extension":{},"message":"[worker-us-central1-get_user_leagues-894a00b0-619b-45fd-a372-ee371b371b69]: IDLE"}}
[debug] [2026-08-07T20:30:37.909Z] [work-queue] {"queuedWork":[],"queueLength":0,"runningWork":[],"workRunningCount":0}
[debug] [2026-08-07T20:30:37.910Z] Finishing up request with event=pause {"metadata":{"emulator":{"name":"functions"},"function":{"name":"us-central1-get_user_leagues"},"extension":{},"message":"Finishing up request with event=pause"}}
[debug] [2026-08-07T20:30:37.910Z] Finishing up request with event=finish {"metadata":{"emulator":{"name":"functions"},"function":{"name":"us-central1-get_user_leagues"},"extension":{},"message":"Finishing up request with event=finish"}}
[debug] [2026-08-07T20:30:37.910Z] Finishing up request with event=close {"metadata":{"emulator":{"name":"functions"},"function":{"name":"us-central1-get_user_leagues"},"extension":{},"message":"Finishing up request with event=close"}}
[debug] [2026-08-07T20:30:42.207Z] [work-queue] {"queuedWork":["/demo-no-project/us-central1/get_user_drafts-2026-08-07T20:30:42.207Z"],"queueLength":1,"runningWork":[],"workRunningCount":0}
[debug] [2026-08-07T20:30:42.208Z] [work-queue] {"queuedWork":[],"queueLength":0,"runningWork":["/demo-no-project/us-central1/get_user_drafts-2026-08-07T20:30:42.207Z"],"workRunningCount":1}
[debug] [2026-08-07T20:30:42.208Z] Accepted request GET /demo-no-project/us-central1/get_user_drafts?username=p4t0b4ll3rs&season=all --> us-central1-get_user_drafts
[debug] [2026-08-07T20:30:42.208Z] [functions] Runtime ready! Sending request! {"metadata":{"emulator":{"name":"functions"},"message":"[functions] Runtime ready! Sending request!"}}
[debug] [2026-08-07T20:30:42.208Z] [functions] Got req.url=/demo-no-project/us-central1/get_user_drafts?username=p4t0b4ll3rs&season=all, mapping to path=/?username=p4t0b4ll3rs&season=all {"metadata":{"emulator":{"name":"functions"},"message":"[functions] Got req.url=/demo-no-project/us-central1/get_user_drafts?username=p4t0b4ll3rs&season=all, mapping to path=/?username=p4t0b4ll3rs&season=all"}}
[debug] [2026-08-07T20:30:42.209Z] Running command with virtualenv: command=., args=["\"/Users/patrickschmidt/github-projects/fantasy-sports-assistant/functions/venv/bin/activate\"","&&","functions-framework"]
[debug] [2026-08-07T20:30:42.210Z] [worker-pool] addWorker(us-central1-get_user_drafts) {"metadata":{"emulator":{"name":"functions"},"message":"[worker-pool] addWorker(us-central1-get_user_drafts)"}}
[debug] [2026-08-07T20:30:42.210Z] [worker-pool] Adding worker with key us-central1-get_user_drafts, total=1 {"metadata":{"emulator":{"name":"functions"},"message":"[worker-pool] Adding worker with key us-central1-get_user_drafts, total=1"}}
[debug] [2026-08-07T20:30:42.517Z] [worker-us-central1-get_user_drafts-3797f096-e956-4c0a-939d-d9169344c3ae]: IDLE {"metadata":{"emulator":{"name":"functions"},"function":{"name":"us-central1-get_user_drafts"},"extension":{},"message":"[worker-us-central1-get_user_drafts-3797f096-e956-4c0a-939d-d9169344c3ae]: IDLE"}}
[debug] [2026-08-07T20:30:42.517Z] [worker-pool] submitRequest(triggerId=us-central1-get_user_drafts) {"metadata":{"emulator":{"name":"functions"},"message":"[worker-pool] submitRequest(triggerId=us-central1-get_user_drafts)"}}
[info] i  functions: Beginning execution of "us-central1-get_user_drafts" {"metadata":{"emulator":{"name":"functions"},"function":{"name":"us-central1-get_user_drafts"},"extension":{},"message":"Beginning execution of \"us-central1-get_user_drafts\""}}
[debug] [2026-08-07T20:30:42.517Z] [worker-us-central1-get_user_drafts-3797f096-e956-4c0a-939d-d9169344c3ae]: BUSY {"metadata":{"emulator":{"name":"functions"},"function":{"name":"us-central1-get_user_drafts"},"extension":{},"message":"[worker-us-central1-get_user_drafts-3797f096-e956-4c0a-939d-d9169344c3ae]: BUSY"}}
[debug] [2026-08-07T20:30:43.153Z] Finishing up request with event=pause {"metadata":{"emulator":{"name":"functions"},"function":{"name":"us-central1-get_user_drafts"},"extension":{},"message":"Finishing up request with event=pause"}}
[info] i  functions: Finished "us-central1-get_user_drafts" in 636.322292ms {"metadata":{"emulator":{"name":"functions"},"function":{"name":"us-central1-get_user_drafts"},"extension":{},"message":"Finished \"us-central1-get_user_drafts\" in 636.322292ms"}}
[debug] [2026-08-07T20:30:43.154Z] [worker-us-central1-get_user_drafts-3797f096-e956-4c0a-939d-d9169344c3ae]: IDLE {"metadata":{"emulator":{"name":"functions"},"function":{"name":"us-central1-get_user_drafts"},"extension":{},"message":"[worker-us-central1-get_user_drafts-3797f096-e956-4c0a-939d-d9169344c3ae]: IDLE"}}
[debug] [2026-08-07T20:30:43.154Z] Finishing up request with event=finish {"metadata":{"emulator":{"name":"functions"},"function":{"name":"us-central1-get_user_drafts"},"extension":{},"message":"Finishing up request with event=finish"}}
[debug] [2026-08-07T20:30:43.154Z] Finishing up request with event=close {"metadata":{"emulator":{"name":"functions"},"function":{"name":"us-central1-get_user_drafts"},"extension":{},"message":"Finishing up request with event=close"}}
[debug] [2026-08-07T20:30:43.154Z] [work-queue] {"queuedWork":[],"queueLength":0,"runningWork":[],"workRunningCount":0}
[debug] [2026-08-07T20:31:07.964Z] [work-queue] {"queuedWork":["/demo-no-project/us-central1/get_user_leagues-2026-08-07T20:31:07.964Z"],"queueLength":1,"runningWork":[],"workRunningCount":0}
[debug] [2026-08-07T20:31:07.964Z] [work-queue] {"queuedWork":[],"queueLength":0,"runningWork":["/demo-no-project/us-central1/get_user_leagues-2026-08-07T20:31:07.964Z"],"workRunningCount":1}
[debug] [2026-08-07T20:31:07.964Z] Accepted request GET /demo-no-project/us-central1/get_user_leagues?username=p4t0b4ll3rs&season=all --> us-central1-get_user_leagues
[debug] [2026-08-07T20:31:07.964Z] [functions] Runtime ready! Sending request! {"metadata":{"emulator":{"name":"functions"},"message":"[functions] Runtime ready! Sending request!"}}
[debug] [2026-08-07T20:31:07.964Z] [functions] Got req.url=/demo-no-project/us-central1/get_user_leagues?username=p4t0b4ll3rs&season=all, mapping to path=/?username=p4t0b4ll3rs&season=all {"metadata":{"emulator":{"name":"functions"},"message":"[functions] Got req.url=/demo-no-project/us-central1/get_user_leagues?username=p4t0b4ll3rs&season=all, mapping to path=/?username=p4t0b4ll3rs&season=all"}}
[debug] [2026-08-07T20:31:07.964Z] [worker-pool] submitRequest(triggerId=us-central1-get_user_leagues) {"metadata":{"emulator":{"name":"functions"},"message":"[worker-pool] submitRequest(triggerId=us-central1-get_user_leagues)"}}
[info] i  functions: Beginning execution of "us-central1-get_user_leagues" {"metadata":{"emulator":{"name":"functions"},"function":{"name":"us-central1-get_user_leagues"},"extension":{},"message":"Beginning execution of \"us-central1-get_user_leagues\""}}
[debug] [2026-08-07T20:31:07.965Z] [worker-us-central1-get_user_leagues-894a00b0-619b-45fd-a372-ee371b371b69]: BUSY {"metadata":{"emulator":{"name":"functions"},"function":{"name":"us-central1-get_user_leagues"},"extension":{},"message":"[worker-us-central1-get_user_leagues-894a00b0-619b-45fd-a372-ee371b371b69]: BUSY"}}
[debug] [2026-08-07T20:31:09.106Z] Finishing up request with event=pause {"metadata":{"emulator":{"name":"functions"},"function":{"name":"us-central1-get_user_leagues"},"extension":{},"message":"Finishing up request with event=pause"}}
[info] i  functions: Finished "us-central1-get_user_leagues" in 1141.244083ms {"metadata":{"emulator":{"name":"functions"},"function":{"name":"us-central1-get_user_leagues"},"extension":{},"message":"Finished \"us-central1-get_user_leagues\" in 1141.244083ms"}}
[debug] [2026-08-07T20:31:09.106Z] [worker-us-central1-get_user_leagues-894a00b0-619b-45fd-a372-ee371b371b69]: IDLE {"metadata":{"emulator":{"name":"functions"},"function":{"name":"us-central1-get_user_leagues"},"extension":{},"message":"[worker-us-central1-get_user_leagues-894a00b0-619b-45fd-a372-ee371b371b69]: IDLE"}}
[debug] [2026-08-07T20:31:09.106Z] [work-queue] {"queuedWork":[],"queueLength":0,"runningWork":[],"workRunningCount":0}
[debug] [2026-08-07T20:31:09.106Z] Finishing up request with event=pause {"metadata":{"emulator":{"name":"functions"},"function":{"name":"us-central1-get_user_leagues"},"extension":{},"message":"Finishing up request with event=pause"}}
[debug] [2026-08-07T20:31:09.106Z] Finishing up request with event=finish {"metadata":{"emulator":{"name":"functions"},"function":{"name":"us-central1-get_user_leagues"},"extension":{},"message":"Finishing up request with event=finish"}}
[debug] [2026-08-07T20:31:09.106Z] Finishing up request with event=close {"metadata":{"emulator":{"name":"functions"},"function":{"name":"us-central1-get_user_leagues"},"extension":{},"message":"Finishing up request with event=close"}}
[debug] [2026-08-07T20:31:09.113Z] [work-queue] {"queuedWork":["/demo-no-project/us-central1/get_user_drafts-2026-08-07T20:31:09.113Z"],"queueLength":1,"runningWork":[],"workRunningCount":0}
[debug] [2026-08-07T20:31:09.113Z] [work-queue] {"queuedWork":[],"queueLength":0,"runningWork":["/demo-no-project/us-central1/get_user_drafts-2026-08-07T20:31:09.113Z"],"workRunningCount":1}
[debug] [2026-08-07T20:31:09.113Z] Accepted request GET /demo-no-project/us-central1/get_user_drafts?username=p4t0b4ll3rs&season=all --> us-central1-get_user_drafts
[debug] [2026-08-07T20:31:09.113Z] [functions] Runtime ready! Sending request! {"metadata":{"emulator":{"name":"functions"},"message":"[functions] Runtime ready! Sending request!"}}
[debug] [2026-08-07T20:31:09.113Z] [functions] Got req.url=/demo-no-project/us-central1/get_user_drafts?username=p4t0b4ll3rs&season=all, mapping to path=/?username=p4t0b4ll3rs&season=all {"metadata":{"emulator":{"name":"functions"},"message":"[functions] Got req.url=/demo-no-project/us-central1/get_user_drafts?username=p4t0b4ll3rs&season=all, mapping to path=/?username=p4t0b4ll3rs&season=all"}}
[debug] [2026-08-07T20:31:09.113Z] [worker-pool] submitRequest(triggerId=us-central1-get_user_drafts) {"metadata":{"emulator":{"name":"functions"},"message":"[worker-pool] submitRequest(triggerId=us-central1-get_user_drafts)"}}
[info] i  functions: Beginning execution of "us-central1-get_user_drafts" {"metadata":{"emulator":{"name":"functions"},"function":{"name":"us-central1-get_user_drafts"},"extension":{},"message":"Beginning execution of \"us-central1-get_user_drafts\""}}
[debug] [2026-08-07T20:31:09.114Z] [worker-us-central1-get_user_drafts-3797f096-e956-4c0a-939d-d9169344c3ae]: BUSY {"metadata":{"emulator":{"name":"functions"},"function":{"name":"us-central1-get_user_drafts"},"extension":{},"message":"[worker-us-central1-get_user_drafts-3797f096-e956-4c0a-939d-d9169344c3ae]: BUSY"}}
[debug] [2026-08-07T20:31:10.615Z] Finishing up request with event=pause {"metadata":{"emulator":{"name":"functions"},"function":{"name":"us-central1-get_user_drafts"},"extension":{},"message":"Finishing up request with event=pause"}}
[info] i  functions: Finished "us-central1-get_user_drafts" in 1501.3509589999999ms {"metadata":{"emulator":{"name":"functions"},"function":{"name":"us-central1-get_user_drafts"},"extension":{},"message":"Finished \"us-central1-get_user_drafts\" in 1501.3509589999999ms"}}
[debug] [2026-08-07T20:31:10.615Z] [worker-us-central1-get_user_drafts-3797f096-e956-4c0a-939d-d9169344c3ae]: IDLE {"metadata":{"emulator":{"name":"functions"},"function":{"name":"us-central1-get_user_drafts"},"extension":{},"message":"[worker-us-central1-get_user_drafts-3797f096-e956-4c0a-939d-d9169344c3ae]: IDLE"}}
[debug] [2026-08-07T20:31:10.615Z] Finishing up request with event=finish {"metadata":{"emulator":{"name":"functions"},"function":{"name":"us-central1-get_user_drafts"},"extension":{},"message":"Finishing up request with event=finish"}}
[debug] [2026-08-07T20:31:10.615Z] Finishing up request with event=close {"metadata":{"emulator":{"name":"functions"},"function":{"name":"us-central1-get_user_drafts"},"extension":{},"message":"Finishing up request with event=close"}}
[debug] [2026-08-07T20:31:10.615Z] [work-queue] {"queuedWork":[],"queueLength":0,"runningWork":[],"workRunningCount":0}
